{"_id":"ccount","_rev":"2-40c3b3ae1a86f786dfe8506196937d4e","name":"ccount","description":"Count characters","dist-tags":{"latest":"1.0.1"},"versions":{"1.0.0":{"name":"ccount","version":"1.0.0","description":"Count characters","license":"MIT","keywords":["character","count","char"],"files":["index.js","LICENSE"],"repository":{"type":"git","url":"git+https://github.com/wooorm/ccount.git"},"author":{"name":"Titus Wormer","email":"tituswormer@gmail.com"},"devDependencies":{"browserify":"^10.0.0","eslint":"^0.24.0","esmangle":"^1.0.0","istanbul":"^0.3.0","jscs":"^1.0.0","jscs-jsdoc":"^1.0.0","mdast":"^0.26.0","mdast-github":"^0.3.1","mdast-lint":"^0.4.1","mdast-yaml-config":"^0.2.0","mocha":"^2.0.0"},"scripts":{"test-api":"mocha --check-leaks test.js","test-coveralls":"istanbul cover _mocha --report lcovonly -- --check-leaks test.js","test-coverage":"istanbul cover _mocha -- --check-leaks test.js","test-travis":"npm run test-coveralls","test":"npm run test-api","lint-api":"eslint .","lint-style":"jscs --reporter inline .","lint":"npm run lint-api && npm run lint-style","make":"npm run lint && npm run test-coverage","build-md":"mdast . LICENSE --output --quiet","build-bundle":"browserify index.js --bare -s ccount > ccount.js","postbuild-bundle":"esmangle ccount.js > ccount.min.js","build":"npm run build-md && npm run build-bundle"},"gitHead":"6bcc75876a034221ad7a6487d687259180be7f1c","bugs":{"url":"https://github.com/wooorm/ccount/issues"},"homepage":"https://github.com/wooorm/ccount#readme","_id":"ccount@1.0.0","_shasum":"7e3c6a4f0d8467808095dfc5a1109add2c67beff","_from":".","_npmVersion":"2.11.3","_nodeVersion":"2.3.3","_npmUser":{"name":"wooorm","email":"tituswormer@gmail.com"},"dist":{"shasum":"7e3c6a4f0d8467808095dfc5a1109add2c67beff","tarball":"https://registry.npmjs.org/ccount/-/ccount-1.0.0.tgz"},"maintainers":[{"name":"wooorm","email":"tituswormer@gmail.com"}],"directories":{}},"1.0.1":{"name":"ccount","version":"1.0.1","description":"Count characters","license":"MIT","keywords":["character","count","char"],"files":["index.js"],"repository":{"type":"git","url":"git+https://github.com/wooorm/ccount.git"},"bugs":{"url":"https://github.com/wooorm/ccount/issues"},"author":{"name":"Titus Wormer","email":"tituswormer@gmail.com","url":"http://wooorm.com"},"contributors":[{"name":"Titus Wormer","email":"tituswormer@gmail.com","url":"http://wooorm.com"}],"dependencies":{},"devDependencies":{"browserify":"^13.0.1","esmangle":"^1.0.1","nyc":"^7.0.0","remark-cli":"^1.0.0","remark-comment-config":"^4.0.0","remark-github":"^5.0.0","remark-lint":"^4.0.0","remark-validate-links":"^4.0.0","tape":"^4.0.0","xo":"^0.16.0"},"scripts":{"build-md":"remark . --quiet --frail","build-bundle":"browserify index.js --bare -s ccount > ccount.js","build-mangle":"esmangle ccount.js > ccount.min.js","build":"npm run build-md && npm run build-bundle && npm run build-mangle","lint":"xo","test-api":"node test","test-coverage":"nyc --reporter lcov tape test.js","test":"npm run build && npm run lint && npm run test-coverage"},"xo":{"space":true,"ignores":["ccount.js","ccount.min.js"]},"remarkConfig":{"output":true,"plugins":["comment-config","github","lint","validate-links"],"settings":{"bullet":"*"}},"gitHead":"5a787f3e93dd18d121b9bd4be6d1da96c8c17187","homepage":"https://github.com/wooorm/ccount#readme","_id":"ccount@1.0.1","_shasum":"665687945168c218ec77ff61a4155ae00227a96c","_from":".","_npmVersion":"3.3.6","_nodeVersion":"5.0.0","_npmUser":{"name":"wooorm","email":"tituswormer@gmail.com"},"dist":{"shasum":"665687945168c218ec77ff61a4155ae00227a96c","tarball":"https://registry.npmjs.org/ccount/-/ccount-1.0.1.tgz"},"maintainers":[{"name":"wooorm","email":"tituswormer@gmail.com"}],"_npmOperationalInternal":{"host":"packages-16-east.internal.npmjs.com","tmp":"tmp/ccount-1.0.1.tgz_1469303388454_0.4032677055802196"},"directories":{}}},"readme":"# ccount [![Build Status][travis-badge]][travis] [![Coverage Status][codecov-badge]][codecov]\n\n<!--lint disable heading-increment list-item-spacing-->\n\nCount characters.\n\n## Installation\n\n[npm][npm-install]:\n\n```bash\nnpm install ccount\n```\n\n## Usage\n\n```javascript\nvar ccount = require('ccount');\n\nccount('foo(bar(baz)', '(') // 2\nccount('foo(bar(baz)', ')') // 1\n```\n\n## API\n\n### `ccount(value, character)`\n\nGet the total count of `character` in `value`.\n\n###### Parameters\n\n*   `value` (`string`) — Content, coerced to string.\n*   `character` (`string`) — Single character to look for.\n\n###### Returns\n\n`number` — Number of times `character` occurred in `value`.\n\n## License\n\n[MIT][license] © [Titus Wormer][author]\n\n<!-- Definitions -->\n\n[travis-badge]: https://img.shields.io/travis/wooorm/ccount.svg\n\n[travis]: https://travis-ci.org/wooorm/ccount\n\n[codecov-badge]: https://img.shields.io/codecov/c/github/wooorm/ccount.svg\n\n[codecov]: https://codecov.io/github/wooorm/ccount\n\n[npm-install]: https://docs.npmjs.com/cli/install\n\n[license]: LICENSE\n\n[author]: http://wooorm.com\n","maintainers":[{"name":"wooorm","email":"tituswormer@gmail.com"}],"time":{"modified":"2016-07-23T19:49:50.503Z","created":"2015-07-12T20:16:17.658Z","1.0.0":"2015-07-12T20:16:17.658Z","1.0.1":"2016-07-23T19:49:50.503Z"},"homepage":"https://github.com/wooorm/ccount#readme","keywords":["character","count","char"],"repository":{"type":"git","url":"git+https://github.com/wooorm/ccount.git"},"author":{"name":"Titus Wormer","email":"tituswormer@gmail.com","url":"http://wooorm.com"},"bugs":{"url":"https://github.com/wooorm/ccount/issues"},"license":"MIT","readmeFilename":"readme.md","contributors":[{"name":"Titus Wormer","email":"tituswormer@gmail.com","url":"http://wooorm.com"}],"_attachments":{},"_etag":"\"AC7V5DLHCLTUOP068IF9VDJ6X\"","_cached":true}