{"_id":"escape-string-regexp","_rev":"24-8af23986cbc73b57028b301f3cfb891d","name":"escape-string-regexp","description":"Escape RegExp special characters","dist-tags":{"latest":"1.0.5"},"versions":{"1.0.0":{"name":"escape-string-regexp","version":"1.0.0","description":"Escape RegExp special characters","license":"MIT","repository":{"type":"git","url":"git://github.com/sindresorhus/escape-string-regexp"},"author":{"name":"Sindre Sorhus","email":"sindresorhus@gmail.com","url":"http://sindresorhus.com"},"engines":{"node":">=0.10.0"},"scripts":{"test":"mocha"},"files":["index.js"],"keywords":["regex","regexp","re","regular","expression","escape","string","str","special","characters"],"devDependencies":{"mocha":"*"},"bugs":{"url":"https://github.com/sindresorhus/escape-string-regexp/issues"},"homepage":"https://github.com/sindresorhus/escape-string-regexp","_id":"escape-string-regexp@1.0.0","_shasum":"0ca42ef5f3d8499fbc239fa0409ea849857d74c4","_from":".","_npmVersion":"1.4.9","_npmUser":{"name":"sindresorhus","email":"sindresorhus@gmail.com"},"maintainers":[{"name":"sindresorhus","email":"sindresorhus@gmail.com"}],"dist":{"shasum":"0ca42ef5f3d8499fbc239fa0409ea849857d74c4","tarball":"https://registry.npmjs.org/escape-string-regexp/-/escape-string-regexp-1.0.0.tgz"},"directories":{}},"1.0.1":{"name":"escape-string-regexp","version":"1.0.1","description":"Escape RegExp special characters","license":"MIT","repository":{"type":"git","url":"git://github.com/sindresorhus/escape-string-regexp"},"author":{"name":"Sindre Sorhus","email":"sindresorhus@gmail.com","url":"http://sindresorhus.com"},"engines":{"node":">=0.10.0"},"scripts":{"test":"mocha"},"files":["index.js"],"keywords":["regex","regexp","re","regular","expression","escape","string","str","special","characters"],"devDependencies":{"mocha":"*"},"gitHead":"7aba3933a8492584a30cba5bf6c54f7530a9d1b0","bugs":{"url":"https://github.com/sindresorhus/escape-string-regexp/issues"},"homepage":"https://github.com/sindresorhus/escape-string-regexp","_id":"escape-string-regexp@1.0.1","_shasum":"78c76393afb84f102230d949a6125c7f3cf65904","_from":".","_npmVersion":"1.4.14","_npmUser":{"name":"jbnicolai","email":"jappelman@xebia.com"},"maintainers":[{"name":"sindresorhus","email":"sindresorhus@gmail.com"},{"name":"jbnicolai","email":"jappelman@xebia.com"}],"dist":{"shasum":"78c76393afb84f102230d949a6125c7f3cf65904","tarball":"https://registry.npmjs.org/escape-string-regexp/-/escape-string-regexp-1.0.1.tgz"},"directories":{}},"1.0.2":{"name":"escape-string-regexp","version":"1.0.2","description":"Escape RegExp special characters","license":"MIT","repository":{"type":"git","url":"https://github.com/sindresorhus/escape-string-regexp"},"author":{"name":"Sindre Sorhus","email":"sindresorhus@gmail.com","url":"http://sindresorhus.com"},"engines":{"node":">=0.8.0"},"scripts":{"test":"mocha"},"files":["index.js"],"keywords":["regex","regexp","re","regular","expression","escape","string","str","special","characters"],"devDependencies":{"mocha":"*"},"gitHead":"0587ee0ee03ea3fcbfa3c15cf67b47f214e20987","bugs":{"url":"https://github.com/sindresorhus/escape-string-regexp/issues"},"homepage":"https://github.com/sindresorhus/escape-string-regexp","_id":"escape-string-regexp@1.0.2","_shasum":"4dbc2fe674e71949caf3fb2695ce7f2dc1d9a8d1","_from":".","_npmVersion":"1.4.23","_npmUser":{"name":"jbnicolai","email":"jappelman@xebia.com"},"maintainers":[{"name":"sindresorhus","email":"sindresorhus@gmail.com"},{"name":"jbnicolai","email":"jappelman@xebia.com"}],"dist":{"shasum":"4dbc2fe674e71949caf3fb2695ce7f2dc1d9a8d1","tarball":"https://registry.npmjs.org/escape-string-regexp/-/escape-string-regexp-1.0.2.tgz"},"directories":{}},"1.0.3":{"name":"escape-string-regexp","version":"1.0.3","description":"Escape RegExp special characters","license":"MIT","repository":{"type":"git","url":"https://github.com/sindresorhus/escape-string-regexp"},"author":{"name":"Sindre Sorhus","email":"sindresorhus@gmail.com","url":"http://sindresorhus.com"},"maintainers":[{"name":"sindresorhus","email":"sindresorhus@gmail.com"},{"name":"jbnicolai","email":"jappelman@xebia.com"}],"engines":{"node":">=0.8.0"},"scripts":{"test":"mocha"},"files":["index.js"],"keywords":["regex","regexp","re","regular","expression","escape","string","str","special","characters"],"devDependencies":{"mocha":"*"},"gitHead":"1e446e6b4449b5f1f8868cd31bf8fd25ee37fb4b","bugs":{"url":"https://github.com/sindresorhus/escape-string-regexp/issues"},"homepage":"https://github.com/sindresorhus/escape-string-regexp","_id":"escape-string-regexp@1.0.3","_shasum":"9e2d8b25bc2555c3336723750e03f099c2735bb5","_from":".","_npmVersion":"2.1.16","_nodeVersion":"0.10.35","_npmUser":{"name":"jbnicolai","email":"jappelman@xebia.com"},"dist":{"shasum":"9e2d8b25bc2555c3336723750e03f099c2735bb5","tarball":"https://registry.npmjs.org/escape-string-regexp/-/escape-string-regexp-1.0.3.tgz"},"directories":{}},"1.0.4":{"name":"escape-string-regexp","version":"1.0.4","description":"Escape RegExp special characters","license":"MIT","repository":{"type":"git","url":"https://github.com/sindresorhus/escape-string-regexp"},"author":{"name":"Sindre Sorhus","email":"sindresorhus@gmail.com","url":"sindresorhus.com"},"maintainers":[{"name":"sindresorhus","email":"sindresorhus@gmail.com"},{"name":"jbnicolai","email":"jappelman@xebia.com"}],"engines":{"node":">=0.8.0"},"scripts":{"test":"xo && ava"},"files":["index.js"],"keywords":["escape","regex","regexp","re","regular","expression","string","str","special","characters"],"devDependencies":{"ava":"*","xo":"*"},"gitHead":"e9ca6832a9506ca26402cb0e6dc95efcf35b0b97","bugs":{"url":"https://github.com/sindresorhus/escape-string-regexp/issues"},"homepage":"https://github.com/sindresorhus/escape-string-regexp","_id":"escape-string-regexp@1.0.4","_shasum":"b85e679b46f72d03fbbe8a3bf7259d535c21b62f","_from":".","_npmVersion":"2.14.7","_nodeVersion":"4.2.1","_npmUser":{"name":"sindresorhus","email":"sindresorhus@gmail.com"},"dist":{"shasum":"b85e679b46f72d03fbbe8a3bf7259d535c21b62f","tarball":"https://registry.npmjs.org/escape-string-regexp/-/escape-string-regexp-1.0.4.tgz"},"directories":{}},"1.0.5":{"name":"escape-string-regexp","version":"1.0.5","description":"Escape RegExp special characters","license":"MIT","repository":{"type":"git","url":"https://github.com/sindresorhus/escape-string-regexp"},"author":{"name":"Sindre Sorhus","email":"sindresorhus@gmail.com","url":"sindresorhus.com"},"maintainers":[{"name":"sindresorhus","email":"sindresorhus@gmail.com"},{"name":"jbnicolai","email":"jappelman@xebia.com"}],"engines":{"node":">=0.8.0"},"scripts":{"test":"xo && ava"},"files":["index.js"],"keywords":["escape","regex","regexp","re","regular","expression","string","str","special","characters"],"devDependencies":{"ava":"*","xo":"*"},"gitHead":"db124a3e1aae9d692c4899e42a5c6c3e329eaa20","bugs":{"url":"https://github.com/sindresorhus/escape-string-regexp/issues"},"homepage":"https://github.com/sindresorhus/escape-string-regexp","_id":"escape-string-regexp@1.0.5","_shasum":"1b61c0562190a8dff6ae3bb2cf0200ca130b86d4","_from":".","_npmVersion":"2.14.12","_nodeVersion":"4.2.6","_npmUser":{"name":"jbnicolai","email":"jappelman@xebia.com"},"dist":{"shasum":"1b61c0562190a8dff6ae3bb2cf0200ca130b86d4","tarball":"https://registry.npmjs.org/escape-string-regexp/-/escape-string-regexp-1.0.5.tgz"},"_npmOperationalInternal":{"host":"packages-9-west.internal.npmjs.com","tmp":"tmp/escape-string-regexp-1.0.5.tgz_1456059312074_0.7245344955008477"},"directories":{}}},"readme":"# escape-string-regexp [![Build Status](https://travis-ci.org/sindresorhus/escape-string-regexp.svg?branch=master)](https://travis-ci.org/sindresorhus/escape-string-regexp)\n\n> Escape RegExp special characters\n\n\n## Install\n\n```\n$ npm install --save escape-string-regexp\n```\n\n\n## Usage\n\n```js\nconst escapeStringRegexp = require('escape-string-regexp');\n\nconst escapedString = escapeStringRegexp('how much $ for a unicorn?');\n//=> 'how much \\$ for a unicorn\\?'\n\nnew RegExp(escapedString);\n```\n\n\n## License\n\nMIT © [Sindre Sorhus](http://sindresorhus.com)\n","maintainers":[{"name":"sindresorhus","email":"sindresorhus@gmail.com"}],"time":{"modified":"2016-09-29T14:27:56.120Z","created":"2014-06-24T15:06:23.496Z","1.0.0":"2014-06-24T15:06:23.496Z","1.0.1":"2014-07-12T00:34:58.761Z","1.0.2":"2014-09-13T15:50:57.511Z","1.0.3":"2015-02-22T09:22:10.197Z","1.0.4":"2015-12-19T22:16:02.473Z","1.0.5":"2016-02-21T12:55:17.074Z"},"homepage":"https://github.com/sindresorhus/escape-string-regexp","keywords":["escape","regex","regexp","re","regular","expression","string","str","special","characters"],"repository":{"type":"git","url":"https://github.com/sindresorhus/escape-string-regexp"},"author":{"name":"Sindre Sorhus","email":"sindresorhus@gmail.com","url":"sindresorhus.com"},"bugs":{"url":"https://github.com/sindresorhus/escape-string-regexp/issues"},"license":"MIT","readmeFilename":"readme.md","users":{"julien-f":true,"jbnicolai":true,"zhangyaochun":true,"voxpelli":true,"mlm":true,"stretchgz":true,"koulmomo":true,"underoot":true,"bsara":true,"princetoad":true,"ex-machine":true,"eliranmal":true},"_attachments":{},"_etag":"\"9WFVBFCRU0MAB47IC2Q9MN39O\"","_cached":true}