{"_id":"cssstyle","_rev":"82-4e0a2d940656f9aef4eb6b4d645d2bec","name":"cssstyle","description":"CSSStyleDeclaration Object Model implementation","dist-tags":{"latest":"0.2.37"},"versions":{"0.1.0":{"name":"cssstyle","description":"CSSStyleDeclaration Object Model implementation","keywords":["CSS","CSSStyleDeclaration","StyleSheet"],"version":"0.1.0","homepage":"https://github.com/chad3814/CSSStyleDeclaration","maintainers":[{"name":"chad3814","email":"chad@chad-cat-lore-eddie.com"}],"contributors":[{"name":"Nikita Vasilyev","email":"me@elv1s.ru"}],"repository":{"type":"git","url":"git://github.com/chad3814/CSSStyleDeclaration.git"},"bugs":{"url":"https://github.com/chad3814/CSSStyleDeclaration/issues"},"directories":{"lib":"./lib"},"main":"./lib/CSSStyleDeclaration.js","engines":{"node":">=0.6.0"},"dependencies":{"cssom":"0.2.x"},"licenses":[{"type":"MIT","url":"http://creativecommons.org/licenses/MIT/"}],"_npmUser":{"name":"chad3814","email":"chad@chad-cat-lore-eddie.com"},"_id":"cssstyle@0.1.0","devDependencies":{},"optionalDependencies":{},"_engineSupported":true,"_npmVersion":"1.1.0-3","_nodeVersion":"v0.6.10","_defaultsLoaded":true,"dist":{"shasum":"da3683385d335773621003e0d7eca3bd9cc0e577","tarball":"https://registry.npmjs.org/cssstyle/-/cssstyle-0.1.0.tgz"}},"0.2.0":{"name":"cssstyle","description":"CSSStyleDeclaration Object Model implementation","keywords":["CSS","CSSStyleDeclaration","StyleSheet"],"version":"0.2.0","homepage":"https://github.com/chad3814/CSSStyleDeclaration","maintainers":[{"name":"chad3814","email":"chad@chad-cat-lore-eddie.com"}],"contributors":[{"name":"Nikita Vasilyev","email":"me@elv1s.ru"}],"repository":{"type":"git","url":"git://github.com/chad3814/CSSStyleDeclaration.git"},"bugs":{"url":"https://github.com/chad3814/CSSStyleDeclaration/issues"},"directories":{"lib":"./lib"},"main":"./lib/CSSStyleDeclaration.js","engines":{"node":">=0.6.0"},"dependencies":{"cssom":"0.2.x"},"licenses":[{"type":"MIT","url":"http://creativecommons.org/licenses/MIT/"}],"_id":"cssstyle@0.2.0","dist":{"shasum":"fd0628ed684f56884037841a1fecfc53bb59ff35","tarball":"https://registry.npmjs.org/cssstyle/-/cssstyle-0.2.0.tgz"}},"0.2.1":{"name":"cssstyle","description":"CSSStyleDeclaration Object Model implementation","keywords":["CSS","CSSStyleDeclaration","StyleSheet"],"version":"0.2.1","homepage":"https://github.com/chad3814/CSSStyleDeclaration","maintainers":[{"name":"chad3814","email":"chad@chad-cat-lore-eddie.com"}],"contributors":[{"name":"Nikita Vasilyev","email":"me@elv1s.ru"}],"repository":{"type":"git","url":"git://github.com/chad3814/CSSStyleDeclaration.git"},"bugs":{"url":"https://github.com/chad3814/CSSStyleDeclaration/issues"},"directories":{"lib":"./lib"},"main":"./lib/CSSStyleDeclaration.js","engines":{"node":">=0.6.0"},"dependencies":{"cssom":"0.2.x"},"licenses":[{"type":"MIT","url":"http://creativecommons.org/licenses/MIT/"}],"_id":"cssstyle@0.2.1","dist":{"shasum":"47c106f039dfcca1d2d93fb15c0500484cf10baa","tarball":"https://registry.npmjs.org/cssstyle/-/cssstyle-0.2.1.tgz"}},"0.2.2":{"name":"cssstyle","description":"CSSStyleDeclaration Object Model implementation","keywords":["CSS","CSSStyleDeclaration","StyleSheet"],"version":"0.2.2","homepage":"https://github.com/chad3814/CSSStyleDeclaration","maintainers":[{"name":"chad3814","email":"chad@chad-cat-lore-eddie.com"}],"contributors":[{"name":"Nikita Vasilyev","email":"me@elv1s.ru"}],"repository":{"type":"git","url":"git://github.com/chad3814/CSSStyleDeclaration.git"},"bugs":{"url":"https://github.com/chad3814/CSSStyleDeclaration/issues"},"directories":{"lib":"./lib"},"main":"./lib/CSSStyleDeclaration.js","engines":{"node":">=0.6.0"},"dependencies":{"cssom":"0.2.x"},"licenses":[{"type":"MIT","url":"http://creativecommons.org/licenses/MIT/"}],"_id":"cssstyle@0.2.2","dist":{"shasum":"29db0080e4e741fd2c171d0b5ef150f839466058","tarball":"https://registry.npmjs.org/cssstyle/-/cssstyle-0.2.2.tgz"},"_npmVersion":"1.1.61","_npmUser":{"name":"chad3814","email":"chad@chad-cat-lore-eddie.com"}},"0.2.3":{"name":"cssstyle","description":"CSSStyleDeclaration Object Model implementation","keywords":["CSS","CSSStyleDeclaration","StyleSheet"],"version":"0.2.3","homepage":"https://github.com/chad3814/CSSStyleDeclaration","maintainers":[{"name":"chad3814","email":"chad@chad-cat-lore-eddie.com"}],"contributors":[{"name":"Nikita Vasilyev","email":"me@elv1s.ru"}],"repository":{"type":"git","url":"git://github.com/chad3814/CSSStyleDeclaration.git"},"bugs":{"url":"https://github.com/chad3814/CSSStyleDeclaration/issues"},"directories":{"lib":"./lib"},"main":"./lib/CSSStyleDeclaration.js","dependencies":{"cssom":"0.2.x"},"licenses":[{"type":"MIT","url":"http://creativecommons.org/licenses/MIT/"}],"_id":"cssstyle@0.2.3","dist":{"shasum":"fc6a0cb8c72b99f10b17d2028adcdb9bcc73cb49","tarball":"https://registry.npmjs.org/cssstyle/-/cssstyle-0.2.3.tgz"},"_npmVersion":"1.1.61","_npmUser":{"name":"chad3814","email":"chad@chad-cat-lore-eddie.com"}},"0.2.4":{"name":"cssstyle","description":"CSSStyleDeclaration Object Model implementation","keywords":["CSS","CSSStyleDeclaration","StyleSheet"],"version":"0.2.4","homepage":"https://github.com/chad3814/CSSStyleDeclaration","maintainers":[{"name":"chad3814","email":"chad@chad-cat-lore-eddie.com"}],"contributors":[{"name":"Nikita Vasilyev","email":"me@elv1s.ru"}],"repository":{"type":"git","url":"git://github.com/chad3814/CSSStyleDeclaration.git"},"bugs":{"url":"https://github.com/chad3814/CSSStyleDeclaration/issues"},"directories":{"lib":"./lib"},"main":"./lib/CSSStyleDeclaration.js","dependencies":{"cssom":"0.3.x"},"licenses":[{"type":"MIT","url":"http://creativecommons.org/licenses/MIT/"}],"_id":"cssstyle@0.2.4","dist":{"shasum":"9a3159b7d55c86b882fbf712958cf8003abc7a02","tarball":"https://registry.npmjs.org/cssstyle/-/cssstyle-0.2.4.tgz"},"_from":".","_npmVersion":"1.2.19","_npmUser":{"name":"chad3814","email":"chad@chad-cat-lore-eddie.com"}},"0.2.5":{"name":"cssstyle","description":"CSSStyleDeclaration Object Model implementation","keywords":["CSS","CSSStyleDeclaration","StyleSheet"],"version":"0.2.5","homepage":"https://github.com/chad3814/CSSStyleDeclaration","maintainers":[{"name":"chad3814","email":"chad@chad-cat-lore-eddie.com"}],"contributors":[{"name":"Nikita Vasilyev","email":"me@elv1s.ru"}],"repository":{"type":"git","url":"git://github.com/chad3814/CSSStyleDeclaration.git"},"bugs":{"url":"https://github.com/chad3814/CSSStyleDeclaration/issues"},"directories":{"lib":"./lib"},"main":"./lib/CSSStyleDeclaration.js","dependencies":{"cssom":"0.3.x"},"licenses":[{"type":"MIT","url":"http://creativecommons.org/licenses/MIT/"}],"_id":"cssstyle@0.2.5","dist":{"shasum":"f538175004d9a34ba284e98d65b0dd61b8878e2c","tarball":"https://registry.npmjs.org/cssstyle/-/cssstyle-0.2.5.tgz"},"_from":".","_npmVersion":"1.2.19","_npmUser":{"name":"chad3814","email":"chad@chad-cat-lore-eddie.com"}},"0.2.6":{"name":"cssstyle","description":"CSSStyleDeclaration Object Model implementation","keywords":["CSS","CSSStyleDeclaration","StyleSheet"],"version":"0.2.6","homepage":"https://github.com/chad3814/CSSStyleDeclaration","maintainers":[{"name":"chad3814","email":"chad@chad-cat-lore-eddie.com"}],"contributors":[{"name":"Nikita Vasilyev","email":"me@elv1s.ru"}],"repository":{"type":"git","url":"git://github.com/chad3814/CSSStyleDeclaration.git"},"bugs":{"url":"https://github.com/chad3814/CSSStyleDeclaration/issues"},"directories":{"lib":"./lib"},"main":"./lib/CSSStyleDeclaration.js","dependencies":{"cssom":"0.3.x"},"licenses":[{"type":"MIT","url":"http://creativecommons.org/licenses/MIT/"}],"_id":"cssstyle@0.2.6","dist":{"shasum":"9078213735d6f60b93e27c131e4e40cb3fbdb429","tarball":"https://registry.npmjs.org/cssstyle/-/cssstyle-0.2.6.tgz"},"_from":".","_npmVersion":"1.2.19","_npmUser":{"name":"chad3814","email":"chad@chad-cat-lore-eddie.com"}},"0.2.7":{"name":"cssstyle","description":"CSSStyleDeclaration Object Model implementation","keywords":["CSS","CSSStyleDeclaration","StyleSheet"],"version":"0.2.7","homepage":"https://github.com/chad3814/CSSStyleDeclaration","maintainers":[{"name":"chad3814","email":"chad@chad-cat-lore-eddie.com"}],"contributors":[{"name":"Nikita Vasilyev","email":"me@elv1s.ru"}],"repository":{"type":"git","url":"git://github.com/chad3814/CSSStyleDeclaration.git"},"bugs":{"url":"https://github.com/chad3814/CSSStyleDeclaration/issues"},"directories":{"lib":"./lib"},"main":"./lib/CSSStyleDeclaration.js","dependencies":{"cssom":"0.3.x"},"devDependencies":{"nodeunit":"~0.8.0"},"scripts":{"test":"nodeunit tests"},"licenses":[{"type":"MIT","url":"http://creativecommons.org/licenses/MIT/"}],"_id":"cssstyle@0.2.7","dist":{"shasum":"0e00d87e2d06f6904bf3b4ce24ff942771b8bbc6","tarball":"https://registry.npmjs.org/cssstyle/-/cssstyle-0.2.7.tgz"},"_from":".","_npmVersion":"1.2.19","_npmUser":{"name":"chad3814","email":"chad@chad-cat-lore-eddie.com"}},"0.2.8":{"name":"cssstyle","description":"CSSStyleDeclaration Object Model implementation","keywords":["CSS","CSSStyleDeclaration","StyleSheet"],"version":"0.2.8","homepage":"https://github.com/chad3814/CSSStyleDeclaration","maintainers":[{"name":"chad3814","email":"chad@chad-cat-lore-eddie.com"}],"contributors":[{"name":"Nikita Vasilyev","email":"me@elv1s.ru"}],"repository":{"type":"git","url":"git://github.com/chad3814/CSSStyleDeclaration.git"},"bugs":{"url":"https://github.com/chad3814/CSSStyleDeclaration/issues"},"directories":{"lib":"./lib"},"main":"./lib/CSSStyleDeclaration.js","dependencies":{"cssom":"0.3.x"},"devDependencies":{"nodeunit":"~0.8.0"},"scripts":{"test":"nodeunit tests"},"licenses":[{"type":"MIT","url":"http://creativecommons.org/licenses/MIT/"}],"_id":"cssstyle@0.2.8","dist":{"shasum":"1172e243e944d32370a8f0abdde0f1e4bd5ff181","tarball":"https://registry.npmjs.org/cssstyle/-/cssstyle-0.2.8.tgz"},"_from":".","_npmVersion":"1.2.19","_npmUser":{"name":"chad3814","email":"chad@chad-cat-lore-eddie.com"}},"0.2.9":{"name":"cssstyle","description":"CSSStyleDeclaration Object Model implementation","keywords":["CSS","CSSStyleDeclaration","StyleSheet"],"version":"0.2.9","homepage":"https://github.com/chad3814/CSSStyleDeclaration","maintainers":[{"name":"chad3814","email":"chad@chad-cat-lore-eddie.com"}],"contributors":[{"name":"Nikita Vasilyev","email":"me@elv1s.ru"}],"repository":{"type":"git","url":"git://github.com/chad3814/CSSStyleDeclaration.git"},"bugs":{"url":"https://github.com/chad3814/CSSStyleDeclaration/issues"},"directories":{"lib":"./lib"},"main":"./lib/CSSStyleDeclaration.js","dependencies":{"cssom":"0.3.x"},"devDependencies":{"nodeunit":"~0.8.0"},"scripts":{"test":"nodeunit tests"},"licenses":[{"type":"MIT","url":"http://creativecommons.org/licenses/MIT/"}],"_id":"cssstyle@0.2.9","dist":{"shasum":"30fe86402a9434a7e7b59714651ccd84016d0e21","tarball":"https://registry.npmjs.org/cssstyle/-/cssstyle-0.2.9.tgz"},"_from":".","_npmVersion":"1.2.19","_npmUser":{"name":"chad3814","email":"chad@chad-cat-lore-eddie.com"}},"0.2.10":{"name":"cssstyle","description":"CSSStyleDeclaration Object Model implementation","keywords":["CSS","CSSStyleDeclaration","StyleSheet"],"version":"0.2.10","homepage":"https://github.com/chad3814/CSSStyleDeclaration","maintainers":[{"name":"chad3814","email":"chad@chad-cat-lore-eddie.com"}],"contributors":[{"name":"Nikita Vasilyev","email":"me@elv1s.ru"}],"repository":{"type":"git","url":"git://github.com/chad3814/CSSStyleDeclaration.git"},"bugs":{"url":"https://github.com/chad3814/CSSStyleDeclaration/issues"},"directories":{"lib":"./lib"},"main":"./lib/CSSStyleDeclaration.js","dependencies":{"cssom":"0.3.x"},"devDependencies":{"nodeunit":"~0.8.0"},"scripts":{"test":"nodeunit tests"},"licenses":[{"type":"MIT","url":"http://creativecommons.org/licenses/MIT/"}],"_id":"cssstyle@0.2.10","dist":{"shasum":"91f5dd9011b957bf2509a90107a63ce4e6bb2041","tarball":"https://registry.npmjs.org/cssstyle/-/cssstyle-0.2.10.tgz"},"_from":".","_npmVersion":"1.2.19","_npmUser":{"name":"chad3814","email":"chad@chad-cat-lore-eddie.com"}},"0.2.11":{"name":"cssstyle","description":"CSSStyleDeclaration Object Model implementation","keywords":["CSS","CSSStyleDeclaration","StyleSheet"],"version":"0.2.11","homepage":"https://github.com/chad3814/CSSStyleDeclaration","maintainers":[{"name":"chad3814","email":"chad@chad-cat-lore-eddie.com"}],"contributors":[{"name":"Nikita Vasilyev","email":"me@elv1s.ru"}],"repository":{"type":"git","url":"git://github.com/chad3814/CSSStyleDeclaration.git"},"bugs":{"url":"https://github.com/chad3814/CSSStyleDeclaration/issues"},"directories":{"lib":"./lib"},"main":"./lib/CSSStyleDeclaration.js","dependencies":{"cssom":"0.3.x"},"devDependencies":{"nodeunit":"~0.8.0"},"scripts":{"test":"nodeunit tests"},"licenses":[{"type":"MIT","url":"http://creativecommons.org/licenses/MIT/"}],"_id":"cssstyle@0.2.11","dist":{"shasum":"8b7ee88f1bbe5079dc4d0b4fab35c3e6a3b6519c","tarball":"https://registry.npmjs.org/cssstyle/-/cssstyle-0.2.11.tgz"},"_from":".","_npmVersion":"1.2.19","_npmUser":{"name":"chad3814","email":"chad@chad-cat-lore-eddie.com"}},"0.2.12":{"name":"cssstyle","description":"CSSStyleDeclaration Object Model implementation","keywords":["CSS","CSSStyleDeclaration","StyleSheet"],"version":"0.2.12","homepage":"https://github.com/chad3814/CSSStyleDeclaration","maintainers":[{"name":"chad3814","email":"chad@chad-cat-lore-eddie.com"}],"contributors":[{"name":"Nikita Vasilyev","email":"me@elv1s.ru"}],"repository":{"type":"git","url":"git://github.com/chad3814/CSSStyleDeclaration.git"},"bugs":{"url":"https://github.com/chad3814/CSSStyleDeclaration/issues"},"directories":{"lib":"./lib"},"main":"./lib/CSSStyleDeclaration.js","dependencies":{"cssom":"0.3.x"},"devDependencies":{"nodeunit":"~0.8.0"},"scripts":{"test":"nodeunit tests"},"licenses":[{"type":"MIT","url":"http://creativecommons.org/licenses/MIT/"}],"_id":"cssstyle@0.2.12","dist":{"shasum":"c91006a9ef801e1340d51a20779c0b532e87d186","tarball":"https://registry.npmjs.org/cssstyle/-/cssstyle-0.2.12.tgz"},"_from":".","_npmVersion":"1.2.19","_npmUser":{"name":"chad3814","email":"chad@chad-cat-lore-eddie.com"}},"0.2.13":{"name":"cssstyle","description":"CSSStyleDeclaration Object Model implementation","keywords":["CSS","CSSStyleDeclaration","StyleSheet"],"version":"0.2.13","homepage":"https://github.com/chad3814/CSSStyleDeclaration","maintainers":[{"name":"chad3814","email":"chad@chad-cat-lore-eddie.com"}],"contributors":[{"name":"Nikita Vasilyev","email":"me@elv1s.ru"}],"repository":{"type":"git","url":"git://github.com/chad3814/CSSStyleDeclaration.git"},"bugs":{"url":"https://github.com/chad3814/CSSStyleDeclaration/issues"},"directories":{"lib":"./lib"},"main":"./lib/CSSStyleDeclaration.js","dependencies":{"cssom":"0.3.x"},"devDependencies":{"nodeunit":"~0.8.0"},"scripts":{"test":"nodeunit tests"},"licenses":[{"type":"MIT","url":"http://creativecommons.org/licenses/MIT/"}],"_id":"cssstyle@0.2.13","dist":{"shasum":"49cbfbc2246206253cde193aadfe75502adc652b","tarball":"https://registry.npmjs.org/cssstyle/-/cssstyle-0.2.13.tgz"},"_from":".","_npmVersion":"1.2.19","_npmUser":{"name":"chad3814","email":"chad@chad-cat-lore-eddie.com"}},"0.2.14":{"name":"cssstyle","description":"CSSStyleDeclaration Object Model implementation","keywords":["CSS","CSSStyleDeclaration","StyleSheet"],"version":"0.2.14","homepage":"https://github.com/chad3814/CSSStyleDeclaration","maintainers":[{"name":"chad3814","email":"chad@chad-cat-lore-eddie.com"}],"contributors":[{"name":"Nikita Vasilyev","email":"me@elv1s.ru"}],"repository":{"type":"git","url":"git://github.com/chad3814/CSSStyleDeclaration.git"},"bugs":{"url":"https://github.com/chad3814/CSSStyleDeclaration/issues"},"directories":{"lib":"./lib"},"main":"./lib/CSSStyleDeclaration.js","dependencies":{"cssom":"0.3.x"},"devDependencies":{"nodeunit":"~0.8.0"},"scripts":{"test":"nodeunit tests"},"licenses":[{"type":"MIT","url":"http://creativecommons.org/licenses/MIT/"}],"_id":"cssstyle@0.2.14","dist":{"shasum":"17c1a6cf2c53617a1bc2e58cad2c7f2d61f3a577","tarball":"https://registry.npmjs.org/cssstyle/-/cssstyle-0.2.14.tgz"},"_from":".","_npmVersion":"1.2.19","_npmUser":{"name":"chad3814","email":"chad@chad-cat-lore-eddie.com"}},"0.2.15":{"name":"cssstyle","description":"CSSStyleDeclaration Object Model implementation","keywords":["CSS","CSSStyleDeclaration","StyleSheet"],"version":"0.2.15","homepage":"https://github.com/chad3814/CSSStyleDeclaration","maintainers":[{"name":"chad3814","email":"chad@chad-cat-lore-eddie.com"}],"contributors":[{"name":"Nikita Vasilyev","email":"me@elv1s.ru"}],"repository":{"type":"git","url":"git://github.com/chad3814/CSSStyleDeclaration.git"},"bugs":{"url":"https://github.com/chad3814/CSSStyleDeclaration/issues"},"directories":{"lib":"./lib"},"main":"./lib/CSSStyleDeclaration.js","dependencies":{"cssom":"0.3.x"},"devDependencies":{"nodeunit":"~0.8.0"},"scripts":{"test":"nodeunit tests"},"licenses":[{"type":"MIT","url":"http://creativecommons.org/licenses/MIT/"}],"_id":"cssstyle@0.2.15","_shasum":"bbd09dd9e9fa1f90114b4aa28393ca8e6550124f","_from":".","_npmVersion":"1.4.10","_npmUser":{"name":"chad3814","email":"chad@chad-cat-lore-eddie.com"},"dist":{"shasum":"bbd09dd9e9fa1f90114b4aa28393ca8e6550124f","tarball":"https://registry.npmjs.org/cssstyle/-/cssstyle-0.2.15.tgz"}},"0.2.16":{"name":"cssstyle","description":"CSSStyleDeclaration Object Model implementation","keywords":["CSS","CSSStyleDeclaration","StyleSheet"],"version":"0.2.16","homepage":"https://github.com/chad3814/CSSStyleDeclaration","maintainers":[{"name":"chad3814","email":"chad@chad-cat-lore-eddie.com"}],"contributors":[{"name":"Nikita Vasilyev","email":"me@elv1s.ru"}],"repository":{"type":"git","url":"git://github.com/chad3814/CSSStyleDeclaration.git"},"bugs":{"url":"https://github.com/chad3814/CSSStyleDeclaration/issues"},"directories":{"lib":"./lib"},"main":"./lib/CSSStyleDeclaration.js","dependencies":{"cssom":"0.3.x"},"devDependencies":{"nodeunit":"~0.8.0"},"scripts":{"test":"nodeunit tests"},"licenses":[{"type":"MIT","url":"http://creativecommons.org/licenses/MIT/"}],"_id":"cssstyle@0.2.16","_shasum":"145097440f4b18fc06caf9291a5683573fb073c0","_from":".","_npmVersion":"1.4.10","_npmUser":{"name":"chad3814","email":"chad@chad-cat-lore-eddie.com"},"dist":{"shasum":"145097440f4b18fc06caf9291a5683573fb073c0","tarball":"https://registry.npmjs.org/cssstyle/-/cssstyle-0.2.16.tgz"}},"0.2.17":{"name":"cssstyle","description":"CSSStyleDeclaration Object Model implementation","keywords":["CSS","CSSStyleDeclaration","StyleSheet"],"version":"0.2.17","homepage":"https://github.com/chad3814/CSSStyleDeclaration","maintainers":[{"name":"chad3814","email":"chad@chad-cat-lore-eddie.com"}],"contributors":[{"name":"Nikita Vasilyev","email":"me@elv1s.ru"}],"repository":{"type":"git","url":"git://github.com/chad3814/CSSStyleDeclaration.git"},"bugs":{"url":"https://github.com/chad3814/CSSStyleDeclaration/issues"},"directories":{"lib":"./lib"},"main":"./lib/CSSStyleDeclaration.js","dependencies":{"cssom":"0.3.x"},"devDependencies":{"nodeunit":"~0.8.0"},"scripts":{"test":"nodeunit tests"},"licenses":[{"type":"MIT","url":"http://creativecommons.org/licenses/MIT/"}],"_id":"cssstyle@0.2.17","_shasum":"539e9e014498a8adfafcd385bc0e86fa6ab213fa","_from":".","_npmVersion":"1.4.10","_npmUser":{"name":"chad3814","email":"chad@chad-cat-lore-eddie.com"},"dist":{"shasum":"539e9e014498a8adfafcd385bc0e86fa6ab213fa","tarball":"https://registry.npmjs.org/cssstyle/-/cssstyle-0.2.17.tgz"}},"0.2.18":{"name":"cssstyle","description":"CSSStyleDeclaration Object Model implementation","keywords":["CSS","CSSStyleDeclaration","StyleSheet"],"version":"0.2.18","homepage":"https://github.com/chad3814/CSSStyleDeclaration","maintainers":[{"name":"chad3814","email":"chad@chad-cat-lore-eddie.com"}],"contributors":[{"name":"Nikita Vasilyev","email":"me@elv1s.ru"}],"repository":{"type":"git","url":"git://github.com/chad3814/CSSStyleDeclaration.git"},"bugs":{"url":"https://github.com/chad3814/CSSStyleDeclaration/issues"},"directories":{"lib":"./lib"},"main":"./lib/CSSStyleDeclaration.js","dependencies":{"cssom":"0.3.x"},"devDependencies":{"nodeunit":"~0.8.0"},"scripts":{"test":"nodeunit tests"},"licenses":[{"type":"MIT","url":"http://creativecommons.org/licenses/MIT/"}],"_id":"cssstyle@0.2.18","_shasum":"d9aa33758e85b752a7ae2d76220f394aa91481a7","_from":".","_npmVersion":"1.4.10","_npmUser":{"name":"chad3814","email":"chad@chad-cat-lore-eddie.com"},"dist":{"shasum":"d9aa33758e85b752a7ae2d76220f394aa91481a7","tarball":"https://registry.npmjs.org/cssstyle/-/cssstyle-0.2.18.tgz"}},"0.2.21":{"name":"cssstyle","description":"CSSStyleDeclaration Object Model implementation","keywords":["CSS","CSSStyleDeclaration","StyleSheet"],"version":"0.2.21","homepage":"https://github.com/chad3814/CSSStyleDeclaration","maintainers":[{"name":"chad3814","email":"chad@chad-cat-lore-eddie.com"}],"contributors":[{"name":"Nikita Vasilyev","email":"me@elv1s.ru"}],"repository":{"type":"git","url":"git://github.com/chad3814/CSSStyleDeclaration.git"},"bugs":{"url":"https://github.com/chad3814/CSSStyleDeclaration/issues"},"directories":{"lib":"./lib"},"main":"./lib/CSSStyleDeclaration.js","dependencies":{"cssom":"0.3.x"},"devDependencies":{"nodeunit":"~0.8.0"},"scripts":{"test":"./scripts/run_tests.sh","prepublish":"node ./scripts/generate_properties.js"},"licenses":[{"type":"MIT","url":"http://creativecommons.org/licenses/MIT/"}],"_id":"cssstyle@0.2.21","_shasum":"7321f08363ccede6e4a29ce0ffe3bb1d6cc0c880","_from":".","_npmVersion":"1.4.10","_npmUser":{"name":"chad3814","email":"chad@chad-cat-lore-eddie.com"},"dist":{"shasum":"7321f08363ccede6e4a29ce0ffe3bb1d6cc0c880","tarball":"https://registry.npmjs.org/cssstyle/-/cssstyle-0.2.21.tgz"}},"0.2.22":{"name":"cssstyle","description":"CSSStyleDeclaration Object Model implementation","keywords":["CSS","CSSStyleDeclaration","StyleSheet"],"version":"0.2.22","homepage":"https://github.com/chad3814/CSSStyleDeclaration","maintainers":[{"name":"chad3814","email":"chad@chad-cat-lore-eddie.com"}],"contributors":[{"name":"Nikita Vasilyev","email":"me@elv1s.ru"}],"repository":{"type":"git","url":"git://github.com/chad3814/CSSStyleDeclaration.git"},"bugs":{"url":"https://github.com/chad3814/CSSStyleDeclaration/issues"},"directories":{"lib":"./lib"},"main":"./lib/CSSStyleDeclaration.js","dependencies":{"cssom":"0.3.x"},"devDependencies":{"nodeunit":"~0.8.0"},"scripts":{"test":"./scripts/run_tests.sh","prepublish":"node ./scripts/generate_properties.js"},"licenses":[{"type":"MIT","url":"http://creativecommons.org/licenses/MIT/"}],"_id":"cssstyle@0.2.22","_shasum":"a1ce15f5fe15a45d6705be0fbc4f833fe75c4f8d","_from":".","_npmVersion":"1.4.10","_npmUser":{"name":"chad3814","email":"chad@chad-cat-lore-eddie.com"},"dist":{"shasum":"a1ce15f5fe15a45d6705be0fbc4f833fe75c4f8d","tarball":"https://registry.npmjs.org/cssstyle/-/cssstyle-0.2.22.tgz"}},"0.2.23":{"name":"cssstyle","description":"CSSStyleDeclaration Object Model implementation","keywords":["CSS","CSSStyleDeclaration","StyleSheet"],"version":"0.2.23","homepage":"https://github.com/chad3814/CSSStyleDeclaration","maintainers":[{"name":"chad3814","email":"chad@chad-cat-lore-eddie.com"}],"contributors":[{"name":"Nikita Vasilyev","email":"me@elv1s.ru"}],"repository":{"type":"git","url":"git://github.com/chad3814/CSSStyleDeclaration.git"},"bugs":{"url":"https://github.com/chad3814/CSSStyleDeclaration/issues"},"directories":{"lib":"./lib"},"main":"./lib/CSSStyleDeclaration.js","dependencies":{"cssom":"0.3.x"},"devDependencies":{"nodeunit":"~0.8.0"},"scripts":{"test":"./scripts/run_tests.sh","prepublish":"node ./scripts/generate_properties.js"},"licenses":[{"type":"MIT","url":"http://creativecommons.org/licenses/MIT/"}],"gitHead":"78a9074e096cfc0bb8e1116b11fd1ba247805a12","_id":"cssstyle@0.2.23","_shasum":"34af29a8e9d82ffa031573cbce4309ca27a899f6","_from":".","_npmVersion":"2.3.0","_nodeVersion":"0.10.36","_npmUser":{"name":"chad3814","email":"chad@chad-cat-lore-eddie.com"},"dist":{"shasum":"34af29a8e9d82ffa031573cbce4309ca27a899f6","tarball":"https://registry.npmjs.org/cssstyle/-/cssstyle-0.2.23.tgz"}},"0.2.24":{"name":"cssstyle","description":"CSSStyleDeclaration Object Model implementation","keywords":["CSS","CSSStyleDeclaration","StyleSheet"],"version":"0.2.24","homepage":"https://github.com/chad3814/CSSStyleDeclaration","maintainers":[{"name":"chad3814","email":"chad@chad-cat-lore-eddie.com"}],"contributors":[{"name":"Nikita Vasilyev","email":"me@elv1s.ru"}],"repository":{"type":"git","url":"git://github.com/chad3814/CSSStyleDeclaration.git"},"bugs":{"url":"https://github.com/chad3814/CSSStyleDeclaration/issues"},"directories":{"lib":"./lib"},"main":"./lib/CSSStyleDeclaration.js","dependencies":{"cssom":"0.3.x"},"devDependencies":{"nodeunit":"~0.8.0"},"scripts":{"test":"./scripts/run_tests.sh","prepublish":"node ./scripts/generate_properties.js"},"licenses":[{"type":"MIT","url":"http://creativecommons.org/licenses/MIT/"}],"gitHead":"132040ddc340f0429d971e603415d1478ea05643","_id":"cssstyle@0.2.24","_shasum":"18211644074dd978e3795cbed3182d0801f4b61e","_from":".","_npmVersion":"2.7.1","_nodeVersion":"1.6.2","_npmUser":{"name":"chad3814","email":"chad@chad-cat-lore-eddie.com"},"dist":{"shasum":"18211644074dd978e3795cbed3182d0801f4b61e","tarball":"https://registry.npmjs.org/cssstyle/-/cssstyle-0.2.24.tgz"}},"0.2.25":{"name":"cssstyle","description":"CSSStyleDeclaration Object Model implementation","keywords":["CSS","CSSStyleDeclaration","StyleSheet"],"version":"0.2.25","homepage":"https://github.com/chad3814/CSSStyleDeclaration","maintainers":[{"name":"chad3814","email":"chad@chad-cat-lore-eddie.com"}],"contributors":[{"name":"Nikita Vasilyev","email":"me@elv1s.ru"}],"repository":{"type":"git","url":"git://github.com/chad3814/CSSStyleDeclaration.git"},"bugs":{"url":"https://github.com/chad3814/CSSStyleDeclaration/issues"},"directories":{"lib":"./lib"},"main":"./lib/CSSStyleDeclaration.js","dependencies":{"cssom":"0.3.x"},"devDependencies":{"nodeunit":"~0.8.0"},"scripts":{"test":"./scripts/run_tests.sh","prepublish":"node ./scripts/generate_properties.js"},"licenses":[{"type":"MIT","url":"http://creativecommons.org/licenses/MIT/"}],"gitHead":"31ded16bf8ccfbbd306bfe47d9c42fc72797ca80","_id":"cssstyle@0.2.25","_shasum":"4b397635142b167d8bd224d0875f45803342e885","_from":".","_npmVersion":"2.7.4","_nodeVersion":"0.10.36","_npmUser":{"name":"chad3814","email":"chad@chad-cat-lore-eddie.com"},"dist":{"shasum":"4b397635142b167d8bd224d0875f45803342e885","tarball":"https://registry.npmjs.org/cssstyle/-/cssstyle-0.2.25.tgz"}},"0.2.26":{"name":"cssstyle","description":"CSSStyleDeclaration Object Model implementation","keywords":["CSS","CSSStyleDeclaration","StyleSheet"],"version":"0.2.26","homepage":"https://github.com/chad3814/CSSStyleDeclaration","maintainers":[{"name":"chad3814","email":"chad@chad-cat-lore-eddie.com"}],"contributors":[{"name":"Nikita Vasilyev","email":"me@elv1s.ru"}],"repository":{"type":"git","url":"git://github.com/chad3814/CSSStyleDeclaration.git"},"bugs":{"url":"https://github.com/chad3814/CSSStyleDeclaration/issues"},"directories":{"lib":"./lib"},"main":"./lib/CSSStyleDeclaration.js","dependencies":{"cssom":"0.3.x"},"devDependencies":{"nodeunit":"~0.8.0"},"scripts":{"test":"./scripts/run_tests.sh","prepublish":"node ./scripts/generate_properties.js"},"licenses":[{"type":"MIT","url":"http://creativecommons.org/licenses/MIT/"}],"gitHead":"1d5fae41c1988dd8f7856c0382b4d623d01edde3","_id":"cssstyle@0.2.26","_shasum":"e9d2bb25f1819fc75b8668bb00fcdc9f2959a08b","_from":".","_npmVersion":"2.9.0","_nodeVersion":"2.0.1","_npmUser":{"name":"chad3814","email":"chad@chad-cat-lore-eddie.com"},"dist":{"shasum":"e9d2bb25f1819fc75b8668bb00fcdc9f2959a08b","tarball":"https://registry.npmjs.org/cssstyle/-/cssstyle-0.2.26.tgz"}},"0.2.27":{"name":"cssstyle","description":"CSSStyleDeclaration Object Model implementation","keywords":["CSS","CSSStyleDeclaration","StyleSheet"],"version":"0.2.27","homepage":"https://github.com/chad3814/CSSStyleDeclaration","maintainers":[{"name":"chad3814","email":"chad@chad-cat-lore-eddie.com"}],"contributors":[{"name":"Nikita Vasilyev","email":"me@elv1s.ru"}],"repository":{"type":"git","url":"git://github.com/chad3814/CSSStyleDeclaration.git"},"bugs":{"url":"https://github.com/chad3814/CSSStyleDeclaration/issues"},"directories":{"lib":"./lib"},"main":"./lib/CSSStyleDeclaration.js","dependencies":{"cssom":"0.3.x"},"devDependencies":{"nodeunit":"~0.8.0"},"scripts":{"test":"./scripts/run_tests.sh","prepublish":"node ./scripts/generate_properties.js"},"licenses":[{"type":"MIT","url":"http://creativecommons.org/licenses/MIT/"}],"gitHead":"b57cdc149d095f6c5625ca9ee22ac3a93987622b","_id":"cssstyle@0.2.27","_shasum":"33e0e95bb8043822f6211983dfc018fcdde7470a","_from":".","_npmVersion":"1.4.28","_npmUser":{"name":"chad3814","email":"chad@chad-cat-lore-eddie.com"},"dist":{"shasum":"33e0e95bb8043822f6211983dfc018fcdde7470a","tarball":"https://registry.npmjs.org/cssstyle/-/cssstyle-0.2.27.tgz"}},"0.2.28":{"name":"cssstyle","description":"CSSStyleDeclaration Object Model implementation","keywords":["CSS","CSSStyleDeclaration","StyleSheet"],"version":"0.2.28","homepage":"https://github.com/chad3814/CSSStyleDeclaration","maintainers":[{"name":"chad3814","email":"chad@chad-cat-lore-eddie.com"}],"contributors":[{"name":"Nikita Vasilyev","email":"me@elv1s.ru"}],"repository":{"type":"git","url":"git://github.com/chad3814/CSSStyleDeclaration.git"},"bugs":{"url":"https://github.com/chad3814/CSSStyleDeclaration/issues"},"directories":{"lib":"./lib"},"main":"./lib/CSSStyleDeclaration.js","dependencies":{"cssom":"0.3.x"},"devDependencies":{"nodeunit":"~0.8.0"},"scripts":{"test":"./scripts/run_tests.sh","prepublish":"node ./scripts/generate_properties.js"},"licenses":[{"type":"MIT","url":"http://creativecommons.org/licenses/MIT/"}],"gitHead":"78f6681dab0010d3e623bbeadcd2ac4be06ad544","_id":"cssstyle@0.2.28","_shasum":"61bfbb89e9e5d829c11dd40985c58377e39190e6","_from":".","_npmVersion":"2.9.0","_nodeVersion":"2.0.1","_npmUser":{"name":"chad3814","email":"chad@chad-cat-lore-eddie.com"},"dist":{"shasum":"61bfbb89e9e5d829c11dd40985c58377e39190e6","tarball":"https://registry.npmjs.org/cssstyle/-/cssstyle-0.2.28.tgz"}},"0.2.29":{"name":"cssstyle","description":"CSSStyleDeclaration Object Model implementation","keywords":["CSS","CSSStyleDeclaration","StyleSheet"],"version":"0.2.29","homepage":"https://github.com/chad3814/CSSStyleDeclaration","maintainers":[{"name":"chad3814","email":"chad@chad-cat-lore-eddie.com"}],"contributors":[{"name":"Nikita Vasilyev","email":"me@elv1s.ru"}],"repository":{"type":"git","url":"git://github.com/chad3814/CSSStyleDeclaration.git"},"bugs":{"url":"https://github.com/chad3814/CSSStyleDeclaration/issues"},"directories":{"lib":"./lib"},"main":"./lib/CSSStyleDeclaration.js","dependencies":{"cssom":"0.3.x"},"devDependencies":{"nodeunit":"~0.8.0"},"scripts":{"test":"./scripts/run_tests.sh","prepublish":"node ./scripts/generate_properties.js"},"licenses":[{"type":"MIT","url":"http://creativecommons.org/licenses/MIT/"}],"gitHead":"6276ec01c42306b09c199762861aa74232a29586","_id":"cssstyle@0.2.29","_shasum":"c68e19555b77425a63d799ad12c0cf75e8502be7","_from":".","_npmVersion":"2.11.3","_nodeVersion":"2.3.3","_npmUser":{"name":"chad3814","email":"chad@chad-cat-lore-eddie.com"},"dist":{"shasum":"c68e19555b77425a63d799ad12c0cf75e8502be7","tarball":"https://registry.npmjs.org/cssstyle/-/cssstyle-0.2.29.tgz"}},"0.2.30":{"name":"cssstyle","description":"CSSStyleDeclaration Object Model implementation","keywords":["CSS","CSSStyleDeclaration","StyleSheet"],"version":"0.2.30","homepage":"https://github.com/chad3814/CSSStyleDeclaration","maintainers":[{"name":"chad3814","email":"chad@chad-cat-lore-eddie.com"}],"contributors":[{"name":"Nikita Vasilyev","email":"me@elv1s.ru"}],"repository":{"type":"git","url":"git://github.com/chad3814/CSSStyleDeclaration.git"},"bugs":{"url":"https://github.com/chad3814/CSSStyleDeclaration/issues"},"directories":{"lib":"./lib"},"main":"./lib/CSSStyleDeclaration.js","dependencies":{"cssom":"0.3.x"},"devDependencies":{"nodeunit":"~0.8.0"},"scripts":{"test":"./scripts/run_tests.sh","prepublish":"node ./scripts/generate_properties.js"},"licenses":[{"type":"MIT","url":"http://creativecommons.org/licenses/MIT/"}],"gitHead":"1155e3fd697dec3851fc0ba080c863754fcd9c73","_id":"cssstyle@0.2.30","_shasum":"172350a2dfd851af5c313635a87781827cfab630","_from":".","_npmVersion":"2.14.7","_nodeVersion":"4.2.1","_npmUser":{"name":"chad3814","email":"chad@chad-cat-lore-eddie.com"},"dist":{"shasum":"172350a2dfd851af5c313635a87781827cfab630","tarball":"https://registry.npmjs.org/cssstyle/-/cssstyle-0.2.30.tgz"}},"0.2.31":{"name":"cssstyle","description":"CSSStyleDeclaration Object Model implementation","keywords":["CSS","CSSStyleDeclaration","StyleSheet"],"version":"0.2.31","homepage":"https://github.com/chad3814/CSSStyleDeclaration","maintainers":[{"name":"chad3814","email":"chad@chad-cat-lore-eddie.com"}],"contributors":[{"name":"Nikita Vasilyev","email":"me@elv1s.ru"},{"name":"Davide P. Cervone"}],"repository":{"type":"git","url":"git+https://github.com/chad3814/CSSStyleDeclaration.git"},"bugs":{"url":"https://github.com/chad3814/CSSStyleDeclaration/issues"},"directories":{"lib":"./lib"},"main":"./lib/CSSStyleDeclaration.js","dependencies":{"cssom":"0.3.x"},"devDependencies":{"nodeunit":"~0.8.0"},"scripts":{"test":"./scripts/run_tests.sh","prepublish":"node ./scripts/generate_properties.js"},"license":"MIT","gitHead":"ba2b6d604d2e22d6650bf8a641da77cc6c100dde","_id":"cssstyle@0.2.31","_shasum":"4b542dce0fec8a811edf2d4af9c6fc916ed07f0c","_from":".","_npmVersion":"2.14.7","_nodeVersion":"4.2.3","_npmUser":{"name":"chad3814","email":"chad@chad-cat-lore-eddie.com"},"dist":{"shasum":"4b542dce0fec8a811edf2d4af9c6fc916ed07f0c","tarball":"https://registry.npmjs.org/cssstyle/-/cssstyle-0.2.31.tgz"}},"0.2.34":{"name":"cssstyle","description":"CSSStyleDeclaration Object Model implementation","keywords":["CSS","CSSStyleDeclaration","StyleSheet"],"version":"0.2.34","homepage":"https://github.com/chad3814/CSSStyleDeclaration","maintainers":[{"name":"chad3814","email":"chad@chad-cat-lore-eddie.com"}],"contributors":[{"name":"Nikita Vasilyev","email":"me@elv1s.ru"},{"name":"Davide P. Cervone"}],"repository":{"type":"git","url":"git+https://github.com/chad3814/CSSStyleDeclaration.git"},"bugs":{"url":"https://github.com/chad3814/CSSStyleDeclaration/issues"},"directories":{"lib":"./lib"},"main":"./lib/CSSStyleDeclaration.js","dependencies":{"cssom":"0.3.x"},"devDependencies":{"nodeunit":"~0.8.0"},"scripts":{"test":"./scripts/run_tests.sh","prepublish":"node ./scripts/generate_properties.js"},"license":"MIT","gitHead":"bb13e7cbbf86abccc876a4079955199dc8f47a0f","_id":"cssstyle@0.2.34","_shasum":"7a7a1bd44b60753926a6738e7bc075f15d97c970","_from":".","_npmVersion":"2.14.7","_nodeVersion":"4.2.3","_npmUser":{"name":"chad3814","email":"chad@chad-cat-lore-eddie.com"},"dist":{"shasum":"7a7a1bd44b60753926a6738e7bc075f15d97c970","tarball":"https://registry.npmjs.org/cssstyle/-/cssstyle-0.2.34.tgz"},"_npmOperationalInternal":{"host":"packages-5-east.internal.npmjs.com","tmp":"tmp/cssstyle-0.2.34.tgz_1454688849284_0.3269385388121009"}},"0.2.35":{"name":"cssstyle","description":"CSSStyleDeclaration Object Model implementation","keywords":["CSS","CSSStyleDeclaration","StyleSheet"],"version":"0.2.35","homepage":"https://github.com/chad3814/CSSStyleDeclaration","maintainers":[{"name":"chad3814","email":"chad@chad-cat-lore-eddie.com"}],"contributors":[{"name":"Nikita Vasilyev","email":"me@elv1s.ru"},{"name":"Davide P. Cervone"}],"repository":{"type":"git","url":"git+https://github.com/chad3814/CSSStyleDeclaration.git"},"bugs":{"url":"https://github.com/chad3814/CSSStyleDeclaration/issues"},"directories":{"lib":"./lib"},"main":"./lib/CSSStyleDeclaration.js","dependencies":{"cssom":"0.3.x"},"devDependencies":{"nodeunit":"~0.8.0"},"scripts":{"test":"./scripts/run_tests.sh","prepublish":"node ./scripts/generate_properties.js"},"license":"MIT","gitHead":"714d088a5582f1b84c829078d3d50aea9f27b6c0","_id":"cssstyle@0.2.35","_shasum":"df251b97a05acdc40b53a2d31a90c94f16123308","_from":".","_npmVersion":"3.8.9","_nodeVersion":"6.2.0","_npmUser":{"name":"chad3814","email":"chad@chad-cat-lore-eddie.com"},"dist":{"shasum":"df251b97a05acdc40b53a2d31a90c94f16123308","tarball":"https://registry.npmjs.org/cssstyle/-/cssstyle-0.2.35.tgz"},"_npmOperationalInternal":{"host":"packages-12-west.internal.npmjs.com","tmp":"tmp/cssstyle-0.2.35.tgz_1464156616117_0.15942236804403365"}},"0.2.36":{"name":"cssstyle","description":"CSSStyleDeclaration Object Model implementation","keywords":["CSS","CSSStyleDeclaration","StyleSheet"],"version":"0.2.36","homepage":"https://github.com/chad3814/CSSStyleDeclaration","maintainers":[{"name":"chad3814","email":"chad@chad-cat-lore-eddie.com"}],"contributors":[{"name":"Nikita Vasilyev","email":"me@elv1s.ru"},{"name":"Davide P. Cervone"}],"repository":{"type":"git","url":"git+https://github.com/chad3814/CSSStyleDeclaration.git"},"bugs":{"url":"https://github.com/chad3814/CSSStyleDeclaration/issues"},"directories":{"lib":"./lib"},"main":"./lib/CSSStyleDeclaration.js","dependencies":{"cssom":"0.3.x"},"devDependencies":{"nodeunit":"~0.8.0"},"scripts":{"test":"./scripts/run_tests.sh","prepublish":"node ./scripts/generate_properties.js"},"license":"MIT","gitHead":"e85f5d43e68d6ca0ff1fa9bb790ab65cfd0e799c","_id":"cssstyle@0.2.36","_shasum":"5cfed6b1a4526b58d77673d51b3520856fb6af3e","_from":".","_npmVersion":"3.8.9","_nodeVersion":"6.2.0","_npmUser":{"name":"chad3814","email":"chad@chad-cat-lore-eddie.com"},"dist":{"shasum":"5cfed6b1a4526b58d77673d51b3520856fb6af3e","tarball":"https://registry.npmjs.org/cssstyle/-/cssstyle-0.2.36.tgz"},"_npmOperationalInternal":{"host":"packages-16-east.internal.npmjs.com","tmp":"tmp/cssstyle-0.2.36.tgz_1464157230715_0.58683220599778"}},"0.2.37":{"name":"cssstyle","description":"CSSStyleDeclaration Object Model implementation","keywords":["CSS","CSSStyleDeclaration","StyleSheet"],"version":"0.2.37","homepage":"https://github.com/chad3814/CSSStyleDeclaration","maintainers":[{"name":"chad3814","email":"chad@chad-cat-lore-eddie.com"}],"contributors":[{"name":"Nikita Vasilyev","email":"me@elv1s.ru"},{"name":"Davide P. Cervone"},{"name":"Forbes Lindesay"}],"repository":{"type":"git","url":"git+https://github.com/chad3814/CSSStyleDeclaration.git"},"bugs":{"url":"https://github.com/chad3814/CSSStyleDeclaration/issues"},"directories":{"lib":"./lib"},"main":"./lib/CSSStyleDeclaration.js","dependencies":{"cssom":"0.3.x"},"devDependencies":{"babel-generator":"~6.11.4","babel-traverse":"~6.13.0","babel-types":"~6.13.0","babylon":"~6.8.4","nodeunit":"~0.8.0","resolve":"~1.1.7"},"scripts":{"test":"./scripts/run_tests.sh","prepublish":"node ./scripts/generate_properties.js"},"license":"MIT","gitHead":"5c51d1657f8b693d46744e05239c24ae03be57e5","_id":"cssstyle@0.2.37","_shasum":"541097234cb2513c83ceed3acddc27ff27987d54","_from":".","_npmVersion":"3.9.5","_nodeVersion":"6.2.2","_npmUser":{"name":"chad3814","email":"chad@chad-cat-lore-eddie.com"},"dist":{"shasum":"541097234cb2513c83ceed3acddc27ff27987d54","tarball":"https://registry.npmjs.org/cssstyle/-/cssstyle-0.2.37.tgz"},"_npmOperationalInternal":{"host":"packages-12-west.internal.npmjs.com","tmp":"tmp/cssstyle-0.2.37.tgz_1471063626335_0.052198657067492604"}}},"readme":"CSSStyleDeclaration\n===================\n\nCSSStyleDeclaration is a work-a-like to the CSSStyleDeclaration class in Nikita Vasilyev's [CSSOM](https://github.com/NV/CSSOM). I made it so that when using [jQuery in node](https://github.com/tmtk75/node-jquery) setting css attributes via $.fn.css() would work. node-jquery uses [jsdom](https://github.com/tmpvar/jsdom) to create a DOM to use in node. jsdom uses CSSOM for styling, and CSSOM's implementation of the [CSSStyleDeclaration](http://www.w3.org/TR/DOM-Level-2-Style/css.html#CSS-CSSStyleDeclaration) doesn't support [CSS2Properties](http://www.w3.org/TR/DOM-Level-2-Style/css.html#CSS-CSS2Properties), which is how jQuery's [$.fn.css()](http://api.jquery.com/css/) operates.\n\n\nWhy not just issue a pull request?\n----\nWell, NV wants to keep CSSOM fast (which I can appreciate) and CSS2Properties aren't required by the standard (though every browser has the interface). So I figured the path of least resistence would be to just modify this one class, publish it as a node module (that requires CSSOM) and then make a pull request of jsdom to use it.\n\nHow do I test this code?\n---\n`npm test` should do the trick, assuming you have the dev dependencies installed:\n> ```\n> $ npm test\n>\n> tests\n> ✔ Verify Has Properties\n> ✔ Verify Has Functions\n> ✔ Verify Has Special Properties\n> ✔ Test From Style String\n> ✔ Test From Properties\n> ✔ Test Shorthand Properties\n> ✔ Test width and height Properties and null and empty strings\n> ✔ Test Implicit Properties\n> ```\n\n","maintainers":[{"name":"chad3814","email":"chad@chad-cat-lore-eddie.com"}],"time":{"modified":"2016-08-13T04:47:06.616Z","created":"2012-07-11T05:05:05.304Z","0.1.0":"2012-07-11T05:05:06.665Z","0.2.0":"2012-07-13T04:15:10.903Z","0.2.1":"2012-07-13T05:14:52.501Z","0.2.2":"2012-10-08T14:00:11.661Z","0.2.3":"2012-10-13T03:03:13.188Z","0.2.4":"2013-11-25T23:20:22.037Z","0.2.5":"2013-11-26T18:35:08.417Z","0.2.6":"2013-11-29T15:25:50.765Z","0.2.7":"2013-12-02T03:46:39.270Z","0.2.8":"2013-12-20T17:43:12.545Z","0.2.9":"2013-12-30T19:34:15.024Z","0.2.10":"2014-03-03T17:40:14.879Z","0.2.11":"2014-03-03T19:26:45.932Z","0.2.12":"2014-05-20T00:19:01.775Z","0.2.13":"2014-05-20T01:19:06.318Z","0.2.14":"2014-05-22T15:34:17.002Z","0.2.15":"2014-10-06T02:00:53.837Z","0.2.16":"2014-10-07T04:37:36.245Z","0.2.17":"2014-10-08T22:30:47.145Z","0.2.18":"2014-10-09T17:41:57.116Z","0.2.19":"2014-10-13T18:28:42.964Z","0.2.20":"2014-10-13T20:54:03.592Z","0.2.21":"2014-10-14T12:36:10.009Z","0.2.22":"2014-11-18T02:01:28.158Z","0.2.23":"2015-02-24T02:25:27.344Z","0.2.24":"2015-04-22T14:32:26.419Z","0.2.25":"2015-05-13T00:58:48.572Z","0.2.26":"2015-05-20T18:57:30.969Z","0.2.27":"2015-05-21T19:28:11.310Z","0.2.28":"2015-06-02T22:57:02.191Z","0.2.29":"2015-07-09T14:44:47.389Z","0.2.30":"2015-10-22T00:24:25.347Z","0.2.31":"2016-01-20T16:46:56.955Z","0.2.32":"2016-02-05T14:41:29.828Z","0.2.33":"2016-02-05T15:04:54.029Z","0.2.34":"2016-02-05T16:14:10.199Z","0.2.35":"2016-05-25T06:10:18.669Z","0.2.36":"2016-05-25T06:20:32.000Z","0.2.37":"2016-08-13T04:47:06.616Z"},"repository":{"type":"git","url":"git+https://github.com/chad3814/CSSStyleDeclaration.git"},"homepage":"https://github.com/chad3814/CSSStyleDeclaration","keywords":["CSS","CSSStyleDeclaration","StyleSheet"],"contributors":[{"name":"Nikita Vasilyev","email":"me@elv1s.ru"},{"name":"Davide P. Cervone"},{"name":"Forbes Lindesay"}],"bugs":{"url":"https://github.com/chad3814/CSSStyleDeclaration/issues"},"readmeFilename":"README.md","users":{"pandao":true,"rubiadias":true},"license":"MIT","_attachments":{},"_etag":"\"A5VDD2H15LDO7J75SID41EVJT\""}