{"_id":"coffee-fmt","_rev":"60-7e8c9c4caa209709186a4dcf0d16c1fa","name":"coffee-fmt","description":"a `gofmt` inspired Coffeescript formatter/beautifier.","dist-tags":{"latest":"0.12.0"},"versions":{"0.1.0":{"name":"coffee-fmt","version":"0.1.0","description":"gofmt for coffee","main":"index.js","scripts":{"test":"echo \"Error: no test specified\" && exit 1"},"author":{"name":"Steve Terpe"},"license":"MIT","dependencies":{"minimist":"~1.1.0","coffee-script":"1.9.0"},"devDependencies":{},"repository":{"type":"git","url":"https://github.com/sterpe/coffee-fmt.git"},"keywords":["coffee","coffeescript","fmt","gofmt","format","formatter","autoformat"],"bugs":{"url":"https://github.com/sterpe/coffee-fmt/issues"},"_id":"coffee-fmt@0.1.0","dist":{"shasum":"8cc52f530ac693012943537e8bbc08d5a0e287ca","tarball":"https://registry.npmjs.org/coffee-fmt/-/coffee-fmt-0.1.0.tgz"},"_from":".","_npmVersion":"1.3.10","_npmUser":{"name":"sterpe","email":"srterpe@gmail.com"},"maintainers":[{"name":"sterpe","email":"srterpe@gmail.com"}],"directories":{}},"0.1.2":{"name":"coffee-fmt","version":"0.1.2","description":"gofmt for coffee","main":"index.js","scripts":{"test":"echo \"Error: no test specified\" && exit 1"},"author":{"name":"Steve Terpe"},"license":"MIT","dependencies":{"minimist":"~1.1.0","coffee-script":"1.9.0"},"devDependencies":{},"repository":{"type":"git","url":"https://github.com/sterpe/coffee-fmt.git"},"keywords":["coffee","coffeescript","fmt","gofmt","format","formatter","autoformat"],"bugs":{"url":"https://github.com/sterpe/coffee-fmt/issues"},"_id":"coffee-fmt@0.1.2","dist":{"shasum":"667850d6fccb21278481696b903dd7c2f93182c2","tarball":"https://registry.npmjs.org/coffee-fmt/-/coffee-fmt-0.1.2.tgz"},"_from":".","_npmVersion":"1.3.10","_npmUser":{"name":"sterpe","email":"srterpe@gmail.com"},"maintainers":[{"name":"sterpe","email":"srterpe@gmail.com"}],"directories":{}},"0.1.3":{"name":"coffee-fmt","version":"0.1.3","description":"gofmt for coffee","main":"index.js","scripts":{"test":"echo \"Error: no test specified\" && exit 1"},"author":{"name":"Steve Terpe"},"license":"MIT","dependencies":{"minimist":"~1.1.0","coffee-script":"1.9.0"},"devDependencies":{},"repository":{"type":"git","url":"https://github.com/sterpe/coffee-fmt.git"},"keywords":["coffee","coffeescript","fmt","gofmt","format","formatter","autoformat"],"bugs":{"url":"https://github.com/sterpe/coffee-fmt/issues"},"_id":"coffee-fmt@0.1.3","dist":{"shasum":"75b0bf946cbc74f4aa1bf2cf46eacec8e78b6438","tarball":"https://registry.npmjs.org/coffee-fmt/-/coffee-fmt-0.1.3.tgz"},"_from":".","_npmVersion":"1.3.10","_npmUser":{"name":"sterpe","email":"srterpe@gmail.com"},"maintainers":[{"name":"sterpe","email":"srterpe@gmail.com"}],"directories":{}},"0.1.4":{"name":"coffee-fmt","version":"0.1.4","description":"gofmt for coffee","main":"index.js","scripts":{"test":"echo \"Error: no test specified\" && exit 1"},"author":{"name":"Steve Terpe"},"license":"MIT","dependencies":{"minimist":"~1.1.0","coffee-script":"1.9.0"},"devDependencies":{},"repository":{"type":"git","url":"https://github.com/sterpe/coffee-fmt.git"},"keywords":["coffee","coffeescript","fmt","gofmt","format","formatter","autoformat"],"bugs":{"url":"https://github.com/sterpe/coffee-fmt/issues"},"_id":"coffee-fmt@0.1.4","dist":{"shasum":"ea39c0bff43079d04b348365a3032a3b02db6bb8","tarball":"https://registry.npmjs.org/coffee-fmt/-/coffee-fmt-0.1.4.tgz"},"_from":".","_npmVersion":"1.3.10","_npmUser":{"name":"sterpe","email":"srterpe@gmail.com"},"maintainers":[{"name":"sterpe","email":"srterpe@gmail.com"}],"directories":{}},"0.2.0":{"name":"coffee-fmt","version":"0.2.0","description":"gofmt for coffee","main":"index.js","scripts":{"test":"echo \"Error: no test specified\" && exit 1"},"author":{"name":"Steve Terpe"},"license":"MIT","dependencies":{"minimist":"~1.1.0","coffee-script":"1.9.0"},"devDependencies":{},"repository":{"type":"git","url":"https://github.com/sterpe/coffee-fmt.git"},"keywords":["coffee","coffeescript","fmt","gofmt","format","formatter","autoformat"],"bugs":{"url":"https://github.com/sterpe/coffee-fmt/issues"},"homepage":"https://github.com/sterpe/coffee-fmt","_id":"coffee-fmt@0.2.0","dist":{"shasum":"c8c2f93db84e5ade5f24aa379dce9d877b93db2e","tarball":"https://registry.npmjs.org/coffee-fmt/-/coffee-fmt-0.2.0.tgz"},"_from":".","_npmVersion":"1.4.3","_npmUser":{"name":"sterpe","email":"srterpe@gmail.com"},"maintainers":[{"name":"sterpe","email":"srterpe@gmail.com"}],"directories":{}},"0.4.0":{"name":"coffee-fmt","version":"0.4.0","description":"gofmt for coffee","main":"index.js","scripts":{"test":"echo \"Error: no test specified\" && exit 1"},"author":{"name":"Steve Terpe"},"license":"MIT","dependencies":{"minimist":"~1.1.0","coffee-script":"1.9.0"},"devDependencies":{"rimraf":"^2.2.8","mkdirp":"^0.5.0","gulp-util":"^3.0.3","gulp-coffee":"^2.3.1","gulp":"^3.8.10"},"repository":{"type":"git","url":"https://github.com/sterpe/coffee-fmt.git"},"keywords":["coffee","coffeescript","fmt","gofmt","format","formatter","autoformat"],"bugs":{"url":"https://github.com/sterpe/coffee-fmt/issues"},"gitHead":"e51896e9e9708c9c61ef759cdc4cc021c0a5c377","homepage":"https://github.com/sterpe/coffee-fmt","_id":"coffee-fmt@0.4.0","_shasum":"6b826495697143425c781d954fc4fe72bb52694c","_from":".","_npmVersion":"2.5.1","_nodeVersion":"0.12.0","_npmUser":{"name":"sterpe","email":"srterpe@gmail.com"},"maintainers":[{"name":"sterpe","email":"srterpe@gmail.com"}],"dist":{"shasum":"6b826495697143425c781d954fc4fe72bb52694c","tarball":"https://registry.npmjs.org/coffee-fmt/-/coffee-fmt-0.4.0.tgz"},"directories":{}},"0.4.1":{"name":"coffee-fmt","version":"0.4.1","description":"a `gofmt` inspired Coffeescript formatter/beautifier.","author":{"name":"Steven R. Terpe","email":"srterpe@gmail.com","url":"https://github.com/sterpe"},"main":"./lib/fmt.js","bin":{"coffee-fmt":"./lib/cmd.js"},"scripts":{"test":"echo \"Error: no test specified\" && exit 1"},"dependencies":{"minimist":"~1.1.0"},"devDependencies":{"rimraf":"^2.2.8","mkdirp":"^0.5.0","gulp-util":"^3.0.3","gulp-coffee":"^2.3.1","gulp":"^3.8.10"},"repository":{"type":"git","url":"https://github.com/sterpe/coffee-fmt.git"},"keywords":["coffee","coffeescript","fmt","gofmt","format","formatter","beautify","beautifier","coffee-beautify","autoformat"],"bugs":{"url":"https://github.com/sterpe/coffee-fmt/issues"},"license":"MIT","gitHead":"f9946b5380d13637223089c41ec46152042c1497","homepage":"https://github.com/sterpe/coffee-fmt","_id":"coffee-fmt@0.4.1","_shasum":"970310774eee73821f7203a5c0d212657e38cf13","_from":".","_npmVersion":"2.5.1","_nodeVersion":"0.12.0","_npmUser":{"name":"sterpe","email":"srterpe@gmail.com"},"maintainers":[{"name":"sterpe","email":"srterpe@gmail.com"}],"dist":{"shasum":"970310774eee73821f7203a5c0d212657e38cf13","tarball":"https://registry.npmjs.org/coffee-fmt/-/coffee-fmt-0.4.1.tgz"},"directories":{}},"0.4.2":{"name":"coffee-fmt","version":"0.4.2","description":"a `gofmt` inspired Coffeescript formatter/beautifier.","author":{"name":"Steven R. Terpe","email":"srterpe@gmail.com","url":"https://github.com/sterpe"},"main":"./lib/fmt.js","bin":{"coffee-fmt":"./lib/cmd.js"},"scripts":{"test":"echo \"Error: no test specified\" && exit 1"},"dependencies":{"minimist":"~1.1.0"},"devDependencies":{"rimraf":"^2.2.8","mkdirp":"^0.5.0","gulp-util":"^3.0.3","gulp-coffee":"^2.3.1","gulp":"^3.8.10"},"repository":{"type":"git","url":"https://github.com/sterpe/coffee-fmt.git"},"keywords":["coffee","coffeescript","fmt","gofmt","format","formatter","beautify","beautifier","coffee-beautify","autoformat"],"bugs":{"url":"https://github.com/sterpe/coffee-fmt/issues"},"license":"MIT","_id":"coffee-fmt@0.4.2","dist":{"shasum":"d879c91ac0917add9acb8368c4165533832864b3","tarball":"https://registry.npmjs.org/coffee-fmt/-/coffee-fmt-0.4.2.tgz"},"_from":".","_npmVersion":"1.3.10","_npmUser":{"name":"sterpe","email":"srterpe@gmail.com"},"maintainers":[{"name":"sterpe","email":"srterpe@gmail.com"}],"directories":{}},"0.5.0":{"name":"coffee-fmt","version":"0.5.0","description":"a `gofmt` inspired Coffeescript formatter/beautifier.","author":{"name":"Steven R. Terpe","email":"srterpe@gmail.com","url":"https://github.com/sterpe"},"main":"./lib/fmt.js","bin":{"coffee-fmt":"./lib/cmd.js"},"scripts":{"test":"echo \"Error: no test specified\" && exit 1"},"dependencies":{"minimist":"~1.1.0"},"devDependencies":{"rimraf":"^2.2.8","mkdirp":"^0.5.0","gulp-util":"^3.0.3","gulp-coffee":"^2.3.1","gulp":"^3.8.10"},"repository":{"type":"git","url":"https://github.com/sterpe/coffee-fmt.git"},"keywords":["coffee","coffeescript","fmt","gofmt","format","formatter","beautify","beautifier","coffee-beautify","autoformat"],"bugs":{"url":"https://github.com/sterpe/coffee-fmt/issues"},"license":"MIT","_id":"coffee-fmt@0.5.0","dist":{"shasum":"ef93d5c90bf4ace8421adfe9ec99f6012801ddf5","tarball":"https://registry.npmjs.org/coffee-fmt/-/coffee-fmt-0.5.0.tgz"},"_from":".","_npmVersion":"1.3.10","_npmUser":{"name":"sterpe","email":"srterpe@gmail.com"},"maintainers":[{"name":"sterpe","email":"srterpe@gmail.com"}],"directories":{}},"0.5.1":{"name":"coffee-fmt","version":"0.5.1","description":"a `gofmt` inspired Coffeescript formatter/beautifier.","author":{"name":"Steven R. Terpe","email":"srterpe@gmail.com","url":"https://github.com/sterpe"},"main":"./lib/fmt.js","bin":{"coffee-fmt":"./lib/cmd.js"},"scripts":{"test":"echo \"Error: no test specified\" && exit 1"},"dependencies":{"minimist":"~1.1.0"},"devDependencies":{"rimraf":"^2.2.8","mkdirp":"^0.5.0","gulp-util":"^3.0.3","gulp-coffee":"^2.3.1","gulp":"^3.8.10"},"repository":{"type":"git","url":"https://github.com/sterpe/coffee-fmt.git"},"keywords":["coffee","coffeescript","fmt","gofmt","format","formatter","beautify","beautifier","coffee-beautify","autoformat"],"bugs":{"url":"https://github.com/sterpe/coffee-fmt/issues"},"license":"MIT","_id":"coffee-fmt@0.5.1","dist":{"shasum":"0baceffe19b933882f021f99fc413fa36d84f705","tarball":"https://registry.npmjs.org/coffee-fmt/-/coffee-fmt-0.5.1.tgz"},"_from":".","_npmVersion":"1.3.10","_npmUser":{"name":"sterpe","email":"srterpe@gmail.com"},"maintainers":[{"name":"sterpe","email":"srterpe@gmail.com"}],"directories":{}},"0.5.2":{"name":"coffee-fmt","version":"0.5.2","description":"a `gofmt` inspired Coffeescript formatter/beautifier.","author":{"name":"Steven R. Terpe","email":"srterpe@gmail.com","url":"https://github.com/sterpe"},"main":"./lib/fmt.js","bin":{"coffee-fmt":"./lib/cmd.js"},"scripts":{"test":"echo \"Error: no test specified\" && exit 1"},"dependencies":{"minimist":"~1.1.0"},"devDependencies":{"rimraf":"^2.2.8","mkdirp":"^0.5.0","gulp-util":"^3.0.3","gulp-coffee":"^2.3.1","gulp":"^3.8.10"},"repository":{"type":"git","url":"https://github.com/sterpe/coffee-fmt.git"},"keywords":["coffee","coffeescript","fmt","gofmt","format","formatter","beautify","beautifier","coffee-beautify","autoformat"],"bugs":{"url":"https://github.com/sterpe/coffee-fmt/issues"},"license":"MIT","_id":"coffee-fmt@0.5.2","dist":{"shasum":"cde9bf709f33b70db67643aff5a165e18dfccc44","tarball":"https://registry.npmjs.org/coffee-fmt/-/coffee-fmt-0.5.2.tgz"},"_from":".","_npmVersion":"1.3.10","_npmUser":{"name":"sterpe","email":"srterpe@gmail.com"},"maintainers":[{"name":"sterpe","email":"srterpe@gmail.com"}],"directories":{}},"0.6.0":{"name":"coffee-fmt","version":"0.6.0","description":"a `gofmt` inspired Coffeescript formatter/beautifier.","author":{"name":"Steven R. Terpe","email":"srterpe@gmail.com","url":"https://github.com/sterpe"},"main":"./lib/fmt.js","bin":{"coffee-fmt":"./lib/cmd.js"},"scripts":{"test":"echo \"Error: no test specified\" && exit 1"},"dependencies":{"minimist":"~1.1.0"},"devDependencies":{"rimraf":"^2.2.8","mkdirp":"^0.5.0","gulp-util":"^3.0.3","gulp-coffee":"^2.3.1","gulp":"^3.8.10"},"repository":{"type":"git","url":"https://github.com/sterpe/coffee-fmt.git"},"keywords":["coffee","coffeescript","fmt","gofmt","format","formatter","beautify","beautifier","coffee-beautify","autoformat"],"bugs":{"url":"https://github.com/sterpe/coffee-fmt/issues"},"license":"MIT","_id":"coffee-fmt@0.6.0","dist":{"shasum":"1d4a1128aacda2104a9ada505647f2d1e0d3388d","tarball":"https://registry.npmjs.org/coffee-fmt/-/coffee-fmt-0.6.0.tgz"},"_from":".","_npmVersion":"1.3.10","_npmUser":{"name":"sterpe","email":"srterpe@gmail.com"},"maintainers":[{"name":"sterpe","email":"srterpe@gmail.com"}],"directories":{}},"0.6.1":{"name":"coffee-fmt","version":"0.6.1","description":"a `gofmt` inspired Coffeescript formatter/beautifier.","author":{"name":"Steven R. Terpe","email":"srterpe@gmail.com","url":"https://github.com/sterpe"},"main":"./lib/fmt.js","bin":{"coffee-fmt":"./lib/cmd.js"},"scripts":{"test":"echo \"Error: no test specified\" && exit 1"},"dependencies":{"minimist":"~1.1.0"},"devDependencies":{"rimraf":"^2.2.8","mkdirp":"^0.5.0","gulp-util":"^3.0.3","gulp-coffee":"^2.3.1","gulp":"^3.8.10"},"repository":{"type":"git","url":"https://github.com/sterpe/coffee-fmt.git"},"keywords":["coffee","coffeescript","fmt","gofmt","format","formatter","beautify","beautifier","coffee-beautify","autoformat"],"bugs":{"url":"https://github.com/sterpe/coffee-fmt/issues"},"license":"MIT","_id":"coffee-fmt@0.6.1","dist":{"shasum":"9ce397a830216ec57c3fa321af8945f1b7306d67","tarball":"https://registry.npmjs.org/coffee-fmt/-/coffee-fmt-0.6.1.tgz"},"_from":".","_npmVersion":"1.3.10","_npmUser":{"name":"sterpe","email":"srterpe@gmail.com"},"maintainers":[{"name":"sterpe","email":"srterpe@gmail.com"}],"directories":{}},"0.6.2":{"name":"coffee-fmt","version":"0.6.2","description":"a `gofmt` inspired Coffeescript formatter/beautifier.","author":{"name":"Steven R. Terpe","email":"srterpe@gmail.com","url":"https://github.com/sterpe"},"main":"./lib/fmt.js","bin":{"coffee-fmt":"./lib/cmd.js"},"scripts":{"test":"echo \"Error: no test specified\" && exit 1"},"dependencies":{"minimist":"~1.1.0"},"devDependencies":{"rimraf":"^2.2.8","mkdirp":"^0.5.0","gulp-util":"^3.0.3","gulp-coffee":"^2.3.1","gulp":"^3.8.10"},"repository":{"type":"git","url":"https://github.com/sterpe/coffee-fmt.git"},"keywords":["coffee","coffeescript","fmt","gofmt","format","formatter","beautify","beautifier","coffee-beautify","autoformat"],"bugs":{"url":"https://github.com/sterpe/coffee-fmt/issues"},"license":"MIT","_id":"coffee-fmt@0.6.2","dist":{"shasum":"ec21fc80d5122f9adea3fd42473df86573bdc5d5","tarball":"https://registry.npmjs.org/coffee-fmt/-/coffee-fmt-0.6.2.tgz"},"_from":".","_npmVersion":"1.3.10","_npmUser":{"name":"sterpe","email":"srterpe@gmail.com"},"maintainers":[{"name":"sterpe","email":"srterpe@gmail.com"}],"directories":{}},"0.6.3":{"name":"coffee-fmt","version":"0.6.3","description":"a `gofmt` inspired Coffeescript formatter/beautifier.","author":{"name":"Steven R. Terpe","email":"srterpe@gmail.com","url":"https://github.com/sterpe"},"main":"./lib/fmt.js","bin":{"coffee-fmt":"./lib/cmd.js"},"scripts":{"test":"tape ./test/tape/*"},"dependencies":{"minimist":"~1.1.0"},"devDependencies":{"gulp":"^3.8.10","gulp-coffee":"^2.3.1","gulp-util":"^3.0.3","mkdirp":"^0.5.0","rimraf":"^2.2.8","tape":"^3.5.0"},"repository":{"type":"git","url":"https://github.com/sterpe/coffee-fmt.git"},"keywords":["coffee","coffeescript","fmt","gofmt","format","formatter","beautify","beautifier","coffee-beautify","autoformat"],"bugs":{"url":"https://github.com/sterpe/coffee-fmt/issues"},"license":"MIT","gitHead":"48dc509f97f45ba9eb321f4136652f0b6c7a5ade","homepage":"https://github.com/sterpe/coffee-fmt","_id":"coffee-fmt@0.6.3","_shasum":"bf5e3268dd529cfb54103b3abf6baffd6062de43","_from":".","_npmVersion":"2.5.1","_nodeVersion":"0.12.0","_npmUser":{"name":"sterpe","email":"srterpe@gmail.com"},"maintainers":[{"name":"sterpe","email":"srterpe@gmail.com"}],"dist":{"shasum":"bf5e3268dd529cfb54103b3abf6baffd6062de43","tarball":"https://registry.npmjs.org/coffee-fmt/-/coffee-fmt-0.6.3.tgz"},"directories":{}},"0.7.0":{"name":"coffee-fmt","version":"0.7.0","description":"a `gofmt` inspired Coffeescript formatter/beautifier.","author":{"name":"Steven R. Terpe","email":"srterpe@gmail.com","url":"https://github.com/sterpe"},"main":"./lib/fmt.js","bin":{"coffee-fmt":"./lib/cmd.js"},"scripts":{"test":"tape ./test/tape/*"},"dependencies":{"minimist":"~1.1.0"},"devDependencies":{"gulp":"^3.8.10","gulp-coffee":"^2.3.1","gulp-util":"^3.0.3","mkdirp":"^0.5.0","rimraf":"^2.2.8","tape":"^3.5.0"},"repository":{"type":"git","url":"https://github.com/sterpe/coffee-fmt.git"},"keywords":["coffee","coffeescript","fmt","gofmt","format","formatter","beautify","beautifier","coffee-beautify","autoformat"],"bugs":{"url":"https://github.com/sterpe/coffee-fmt/issues"},"license":"MIT","gitHead":"698f3d94fd56588ab7b95079cae516bc9fd53c18","homepage":"https://github.com/sterpe/coffee-fmt","_id":"coffee-fmt@0.7.0","_shasum":"7ffcd2e5e6308f7656d4921e5a171ca4e72ff287","_from":".","_npmVersion":"2.7.3","_nodeVersion":"0.10.35","_npmUser":{"name":"sterpe","email":"srterpe@gmail.com"},"maintainers":[{"name":"sterpe","email":"srterpe@gmail.com"}],"dist":{"shasum":"7ffcd2e5e6308f7656d4921e5a171ca4e72ff287","tarball":"https://registry.npmjs.org/coffee-fmt/-/coffee-fmt-0.7.0.tgz"},"directories":{}},"0.10.0":{"name":"coffee-fmt","version":"0.10.0","description":"a `gofmt` inspired Coffeescript formatter/beautifier.","author":{"name":"Steven R. Terpe","email":"srterpe@gmail.com","url":"https://github.com/sterpe"},"main":"./Coffeescript.js","bin":{"coffee-fmt":"./bin/cmd.js"},"scripts":{"test":"tape ./test/tape/*"},"dependencies":{"immutable":"^3.7.2","lodash":"^3.8.0","minimist":"^1.1.1","sprintf-js":"^1.0.2"},"repository":{"type":"git","url":"https://github.com/sterpe/coffee-fmt.git"},"keywords":["coffee","coffeescript","fmt","gofmt","format","formatter","beautify","beautifier","coffee-beautify","autoformat"],"bugs":{"url":"https://github.com/sterpe/coffee-fmt/issues"},"license":"MIT","homepage":"https://github.com/sterpe/coffee-fmt","directories":{"test":"test"},"gitHead":"3f8e5504b4eef76e5288d1addf9bb032f7afa38d","_id":"coffee-fmt@0.10.0","_shasum":"97c70bd1fb2f493f22e450ee19a23b5ac02b645d","_from":".","_npmVersion":"2.8.3","_nodeVersion":"1.8.1","_npmUser":{"name":"sterpe","email":"srterpe@gmail.com"},"maintainers":[{"name":"sterpe","email":"srterpe@gmail.com"}],"dist":{"shasum":"97c70bd1fb2f493f22e450ee19a23b5ac02b645d","tarball":"https://registry.npmjs.org/coffee-fmt/-/coffee-fmt-0.10.0.tgz"}},"0.10.1":{"name":"coffee-fmt","version":"0.10.1","description":"a `gofmt` inspired Coffeescript formatter/beautifier.","author":{"name":"Steven R. Terpe","email":"srterpe@gmail.com","url":"https://github.com/sterpe"},"main":"./Coffeescript.js","bin":{"coffee-fmt":"./bin/cmd.js"},"scripts":{"test":"tape ./test/tape/*"},"dependencies":{"immutable":"^3.7.2","lodash":"^3.8.0","minimist":"^1.1.1","sprintf-js":"^1.0.2"},"repository":{"type":"git","url":"https://github.com/sterpe/coffee-fmt.git"},"keywords":["coffee","coffeescript","fmt","gofmt","format","formatter","beautify","beautifier","coffee-beautify","autoformat"],"bugs":{"url":"https://github.com/sterpe/coffee-fmt/issues"},"license":"MIT","homepage":"https://github.com/sterpe/coffee-fmt","directories":{"test":"test"},"gitHead":"302ef21550e43b9c9fb61ef1254467c917120b0c","_id":"coffee-fmt@0.10.1","_shasum":"28870f8636fb9b7838140d14458a418764bd5b33","_from":".","_npmVersion":"2.8.3","_nodeVersion":"1.8.1","_npmUser":{"name":"sterpe","email":"srterpe@gmail.com"},"maintainers":[{"name":"sterpe","email":"srterpe@gmail.com"}],"dist":{"shasum":"28870f8636fb9b7838140d14458a418764bd5b33","tarball":"https://registry.npmjs.org/coffee-fmt/-/coffee-fmt-0.10.1.tgz"}},"0.10.2":{"name":"coffee-fmt","version":"0.10.2","description":"a `gofmt` inspired Coffeescript formatter/beautifier.","author":{"name":"Steven R. Terpe","email":"srterpe@gmail.com","url":"https://github.com/sterpe"},"main":"./Coffeescript.js","bin":{"coffee-fmt":"./bin/cmd.js"},"scripts":{"test":"tape ./test/tape/*"},"dependencies":{"immutable":"^3.7.2","lodash":"^3.8.0","minimist":"^1.1.1","sprintf-js":"^1.0.2"},"repository":{"type":"git","url":"https://github.com/sterpe/coffee-fmt.git"},"keywords":["coffee","coffeescript","fmt","gofmt","format","formatter","beautify","beautifier","coffee-beautify","autoformat"],"bugs":{"url":"https://github.com/sterpe/coffee-fmt/issues"},"license":"MIT","homepage":"https://github.com/sterpe/coffee-fmt","directories":{"test":"test"},"gitHead":"9ac0ed42d36966779ae9df63a03b8ac1808955f3","_id":"coffee-fmt@0.10.2","_shasum":"db3c9afe36f79602a65d2a0a00468af2e19898e3","_from":".","_npmVersion":"2.8.3","_nodeVersion":"1.8.1","_npmUser":{"name":"sterpe","email":"srterpe@gmail.com"},"maintainers":[{"name":"sterpe","email":"srterpe@gmail.com"}],"dist":{"shasum":"db3c9afe36f79602a65d2a0a00468af2e19898e3","tarball":"https://registry.npmjs.org/coffee-fmt/-/coffee-fmt-0.10.2.tgz"}},"0.11.0":{"name":"coffee-fmt","version":"0.11.0","description":"a `gofmt` inspired Coffeescript formatter/beautifier.","author":{"name":"Steven R. Terpe","email":"srterpe@gmail.com","url":"https://github.com/sterpe"},"main":"./Coffeescript.js","bin":{"coffee-fmt":"./bin/cmd.js"},"scripts":{"test":"tape ./test/tape/*"},"dependencies":{"immutable":"^3.7.2","lodash":"^3.8.0","minimist":"^1.1.1","sprintf-js":"^1.0.2"},"repository":{"type":"git","url":"https://github.com/sterpe/coffee-fmt.git"},"keywords":["coffee","coffeescript","fmt","gofmt","format","formatter","beautify","beautifier","coffee-beautify","autoformat"],"bugs":{"url":"https://github.com/sterpe/coffee-fmt/issues"},"license":"MIT","homepage":"https://github.com/sterpe/coffee-fmt","directories":{"test":"test"},"gitHead":"2c8ad3be1d14c1e3b21b1b94dabaf3426694fc4b","_id":"coffee-fmt@0.11.0","_shasum":"50c2e5528772acc81556f48efd4afc2745efd609","_from":".","_npmVersion":"2.9.0","_nodeVersion":"2.0.2","_npmUser":{"name":"sterpe","email":"srterpe@gmail.com"},"maintainers":[{"name":"sterpe","email":"srterpe@gmail.com"}],"dist":{"shasum":"50c2e5528772acc81556f48efd4afc2745efd609","tarball":"https://registry.npmjs.org/coffee-fmt/-/coffee-fmt-0.11.0.tgz"}},"0.12.0":{"name":"coffee-fmt","version":"0.12.0","description":"a `gofmt` inspired Coffeescript formatter/beautifier.","author":{"name":"Steven R. Terpe","email":"srterpe@gmail.com","url":"https://github.com/sterpe"},"main":"./Coffeescript.js","bin":{"coffee-fmt":"./bin/cmd.js"},"scripts":{"test":"tape ./test/tape/*"},"dependencies":{"immutable":"^3.7.2","lodash":"^3.8.0","minimist":"^1.1.1","sprintf-js":"^1.0.2"},"repository":{"type":"git","url":"git+https://github.com/sterpe/coffee-fmt.git"},"keywords":["coffee","coffeescript","fmt","gofmt","format","formatter","beautify","beautifier","coffee-beautify","autoformat"],"bugs":{"url":"https://github.com/sterpe/coffee-fmt/issues"},"license":"MIT","homepage":"https://github.com/sterpe/coffee-fmt","directories":{"test":"test"},"devDependencies":{"jest-cli":"^0.4.19","tape":"^4.2.0"},"gitHead":"7cc3080bc1795ea64366e5d88052cd6a4d274e80","_id":"coffee-fmt@0.12.0","_shasum":"ebe8aedfb7b2e654db4809eaa3cec88c4fc06911","_from":".","_npmVersion":"2.14.7","_nodeVersion":"4.2.1","_npmUser":{"name":"sterpe","email":"srterpe@gmail.com"},"maintainers":[{"name":"sterpe","email":"srterpe@gmail.com"}],"dist":{"shasum":"ebe8aedfb7b2e654db4809eaa3cec88c4fc06911","tarball":"https://registry.npmjs.org/coffee-fmt/-/coffee-fmt-0.12.0.tgz"}}},"readme":"# coffee-fmt\n\n\na `gofmt` inspired Coffeescript formatter/beautifier.\n\n\n\tnpm install -g coffee-fmt\n\n\tcoffee-fmt --indent_style [space|tab] \\\n\t\t --indent_size [Integer, ignored when using tabs] \\\n\t\t --debug=true (This will print all parse info to stdout as well, defaults to false)\n\t\t -i filename.coffee >> transformed.coffee\n\n\n###js api###\n\n```javascript\n\tvar fmt = require('coffee-fmt')\n\t, fs = require('fs')\n\t, coffee\n\t, options\n\t;\n\n\toptions = {\n\t\ttab: '\\t',\n\t\tnewLine: '\\n'\n\t};\n\n\tcoffee = fs.readFileSync('filename.coffee');\n\tcoffee = coffee.toString();\n\n\ttry {\n\t\tcoffee = fmt.format(coffee, options);\n\t} catch (e) {\n\t\t//Whoops...something went wrong, error details logged to console.\n\t}\n\n\tconsole.log(coffee);\n```\n\n","maintainers":[{"name":"sterpe","email":"srterpe@gmail.com"}],"time":{"modified":"2015-12-02T03:22:51.495Z","created":"2015-02-07T19:43:02.405Z","0.1.0":"2015-02-07T19:43:03.330Z","0.1.2":"2015-02-07T19:46:35.034Z","0.1.3":"2015-02-08T17:50:12.763Z","0.1.4":"2015-02-09T00:43:01.436Z","0.2.0":"2015-02-09T08:23:22.198Z","0.4.0":"2015-02-12T18:17:01.258Z","0.4.1":"2015-02-12T18:51:49.632Z","0.4.2":"2015-02-20T17:11:54.828Z","0.5.0":"2015-02-21T02:10:18.448Z","0.5.1":"2015-02-21T02:21:58.869Z","0.5.2":"2015-02-21T03:05:42.443Z","0.6.0":"2015-02-21T06:27:45.198Z","0.6.1":"2015-02-21T06:36:16.641Z","0.6.2":"2015-02-21T16:36:10.197Z","0.6.3":"2015-02-23T18:39:12.014Z","0.7.0":"2015-04-15T20:10:56.501Z","0.10.0":"2015-05-11T21:01:49.017Z","0.10.1":"2015-05-12T01:37:51.504Z","0.10.2":"2015-05-12T01:53:03.204Z","0.11.0":"2015-06-07T22:43:27.913Z","0.12.0":"2015-12-02T03:22:51.495Z"},"readmeFilename":"README.md","keywords":["coffee","coffeescript","fmt","gofmt","format","formatter","beautify","beautifier","coffee-beautify","autoformat"],"repository":{"type":"git","url":"git+https://github.com/sterpe/coffee-fmt.git"},"author":{"name":"Steven R. Terpe","email":"srterpe@gmail.com","url":"https://github.com/sterpe"},"bugs":{"url":"https://github.com/sterpe/coffee-fmt/issues"},"license":"MIT","homepage":"https://github.com/sterpe/coffee-fmt","users":{"roryrjb":true},"_attachments":{},"_etag":"\"53ICBYWGEU1MSK6SX4BTLD9A2\"","_cached":true}