{"_id":"character-entities-html4","_rev":"2-27e7db25767b680793273fc4eb6ea913","name":"character-entities-html4","description":"HTML4 character entity information","dist-tags":{"latest":"1.0.1"},"versions":{"1.0.0":{"name":"character-entities-html4","version":"1.0.0","description":"HTML4 character entity information","license":"MIT","keywords":["html","html4","entity","entities","character","reference","name","replacement"],"files":["index.js","index.json"],"repository":{"type":"git","url":"git+https://github.com/wooorm/character-entities-html4.git"},"author":{"name":"Titus Wormer","email":"tituswormer@gmail.com"},"devDependencies":{"browserify":"^12.0.0","eslint":"^1.0.0","esmangle":"^1.0.0","istanbul":"^0.4.0","jscs":"^2.0.0","jscs-jsdoc":"^1.0.0","mdast":"^2.0.0","mdast-comment-config":"^1.0.0","mdast-github":"^1.0.0","mdast-lint":"^1.0.0","mdast-slug":"^2.0.0","mdast-validate-links":"^1.1.1","mdast-yaml-config":"^1.0.0","tape":"^4.2.0"},"scripts":{"build-md":"mdast . --quiet --frail","build-crawl":"mkdir -p data && curl http://www.w3.org/TR/html4/sgml/entities.html > data/entities.html","build-generate":"node script/generate.js","build-bundle":"browserify index.js --bare -s characterEntities > character-entities-html4.js","build-mangle":"esmangle character-entities-html4.js > character-entities-html4.min.js","build":"npm run build-md && npm run build-crawl && npm run build-generate && npm run build-bundle && npm run build-mangle","lint-api":"eslint .","lint-style":"jscs --reporter inline .","lint":"npm run lint-api && npm run lint-style","test-api":"node test.js","test-coverage":"istanbul cover test.js","test":"npm run build && npm run lint && npm run test-coverage"},"gitHead":"6ae796ad4ee30889ac6601af008ae29855baab19","bugs":{"url":"https://github.com/wooorm/character-entities-html4/issues"},"homepage":"https://github.com/wooorm/character-entities-html4#readme","_id":"character-entities-html4@1.0.0","_shasum":"e201beb73567527403d7113e11c891b0e1bf33ec","_from":".","_npmVersion":"3.5.0","_nodeVersion":"5.1.0","_npmUser":{"name":"wooorm","email":"tituswormer@gmail.com"},"dist":{"shasum":"e201beb73567527403d7113e11c891b0e1bf33ec","tarball":"https://registry.npmjs.org/character-entities-html4/-/character-entities-html4-1.0.0.tgz"},"maintainers":[{"name":"wooorm","email":"tituswormer@gmail.com"}],"directories":{}},"1.0.1":{"name":"character-entities-html4","version":"1.0.1","description":"HTML4 character entity information","license":"MIT","keywords":["html","html4","entity","entities","character","reference","name","replacement"],"files":["index.js","index.json"],"repository":{"type":"git","url":"git+https://github.com/wooorm/character-entities-html4.git"},"bugs":{"url":"https://github.com/wooorm/character-entities-html4/issues"},"author":{"name":"Titus Wormer","email":"tituswormer@gmail.com","url":"http://wooorm.com"},"contributors":[{"name":"Titus Wormer","email":"tituswormer@gmail.com","url":"http://wooorm.com"}],"dependencies":{},"devDependencies":{"browserify":"^13.0.1","esmangle":"^1.0.1","nyc":"^7.0.0","remark-cli":"^1.0.0","remark-comment-config":"^4.0.0","remark-github":"^5.0.0","remark-lint":"^4.0.0","remark-validate-links":"^4.0.0","tape":"^4.0.0","xo":"^0.16.0"},"scripts":{"build-md":"remark . --quiet --frail","build-crawl":"mkdir -p data && curl http://www.w3.org/TR/html4/sgml/entities.html > data/entities.html","build-generate":"node script/generate.js","build-bundle":"browserify index.js --bare -s characterEntitiesHTML4 > character-entities-html4.js","build-mangle":"esmangle character-entities-html4.js > character-entities-html4.min.js","build":"npm run build-md && npm run build-crawl && npm run build-generate && npm run build-bundle && npm run build-mangle","lint":"xo","test-api":"node test","test-coverage":"nyc --reporter lcov tape test.js","test":"npm run build && npm run lint && npm run test-coverage"},"xo":{"space":true,"ignores":["character-entities-html4.js","character-entities-html4.min.js"]},"remarkConfig":{"output":true,"plugins":["comment-config","github","lint","validate-links"],"settings":{"bullet":"*"}},"gitHead":"e14e0644c726bf464b93b3df7a8c3d9a83dafd05","homepage":"https://github.com/wooorm/character-entities-html4#readme","_id":"character-entities-html4@1.0.1","_shasum":"c550d23c052574a61a8925f9d503faff6305c026","_from":".","_npmVersion":"3.3.6","_nodeVersion":"5.0.0","_npmUser":{"name":"wooorm","email":"tituswormer@gmail.com"},"dist":{"shasum":"c550d23c052574a61a8925f9d503faff6305c026","tarball":"https://registry.npmjs.org/character-entities-html4/-/character-entities-html4-1.0.1.tgz"},"maintainers":[{"name":"wooorm","email":"tituswormer@gmail.com"}],"_npmOperationalInternal":{"host":"packages-16-east.internal.npmjs.com","tmp":"tmp/character-entities-html4-1.0.1.tgz_1469349246770_0.594363353215158"},"directories":{}}},"readme":"# character-entities-html4 [![Build Status][travis-badge]][travis] [![Coverage Status][codecov-badge]][codecov]\n\nHTML4 character entity information.\n\n## Installation\n\n[npm][npm-install]:\n\n```bash\nnpm install character-entities-html4\n```\n\n## Usage\n\n```js\nconsole.log(characterEntities.AElig); // Æ\nconsole.log(characterEntities.aelig); // æ\nconsole.log(characterEntities.amp); // &\nconsole.log(characterEntities.apos); // undefined\n```\n\n## API\n\n### `characterEntitiesHTML4`\n\nMapping between (case-sensitive) character entity names to replacements.\n\n## Support\n\nSee [w3.org][html].\n\n## License\n\n[MIT][license] © [Titus Wormer][author]\n\n<!-- Definitions -->\n\n[travis-badge]: https://img.shields.io/travis/wooorm/character-entities-html4.svg\n\n[travis]: https://travis-ci.org/wooorm/character-entities-html4\n\n[codecov-badge]: https://img.shields.io/codecov/c/github/wooorm/character-entities-html4.svg\n\n[codecov]: https://codecov.io/github/wooorm/character-entities-html4\n\n[npm-install]: https://docs.npmjs.com/cli/install\n\n[license]: LICENSE\n\n[author]: http://wooorm.com\n\n[html]: http://www.w3.org/TR/html4/sgml/entities.html\n","maintainers":[{"name":"wooorm","email":"tituswormer@gmail.com"}],"time":{"modified":"2016-07-24T08:34:08.776Z","created":"2015-12-22T12:36:28.402Z","1.0.0":"2015-12-22T12:36:28.402Z","1.0.1":"2016-07-24T08:34:08.776Z"},"homepage":"https://github.com/wooorm/character-entities-html4#readme","keywords":["html","html4","entity","entities","character","reference","name","replacement"],"repository":{"type":"git","url":"git+https://github.com/wooorm/character-entities-html4.git"},"author":{"name":"Titus Wormer","email":"tituswormer@gmail.com","url":"http://wooorm.com"},"bugs":{"url":"https://github.com/wooorm/character-entities-html4/issues"},"license":"MIT","readmeFilename":"readme.md","contributors":[{"name":"Titus Wormer","email":"tituswormer@gmail.com","url":"http://wooorm.com"}],"_attachments":{},"_etag":"\"B4ABV5IFO7QA98UKY6E0C7UMI\"","_cached":true}