{"_id":"is-alphanumerical","_rev":"1-675ec7a8353ffd688188ed144c8e4498","name":"is-alphanumerical","description":"Check if a character is alphanumerical","dist-tags":{"latest":"1.0.0"},"versions":{"1.0.0":{"name":"is-alphanumerical","version":"1.0.0","description":"Check if a character is alphanumerical","license":"MIT","keywords":["string","character","char","code","alphabetical","numerical","alphanumerical"],"files":["index.js"],"repository":{"type":"git","url":"git+https://github.com/wooorm/is-alphanumerical.git"},"bugs":{"url":"https://github.com/wooorm/is-alphanumerical/issues"},"author":{"name":"Titus Wormer","email":"tituswormer@gmail.com","url":"http://wooorm.com"},"contributors":[{"name":"Titus Wormer","email":"tituswormer@gmail.com","url":"http://wooorm.com"}],"dependencies":{"is-alphabetical":"^1.0.0","is-decimal":"^1.0.0"},"devDependencies":{"browserify":"^13.0.1","esmangle":"^1.0.1","nyc":"^7.0.0","remark-cli":"^1.0.0","remark-comment-config":"^4.0.0","remark-github":"^5.0.0","remark-lint":"^4.0.0","remark-validate-links":"^4.0.0","tape":"^4.0.0","xo":"^0.16.0"},"scripts":{"build-md":"remark . --quiet --frail","build-bundle":"browserify index.js --bare -s isAlphanumerical > is-alphanumerical.js","build-mangle":"esmangle < is-alphanumerical.js > is-alphanumerical.min.js","build":"npm run build-md && npm run build-bundle && npm run build-mangle","lint":"xo","test-api":"node test","test-coverage":"nyc --reporter lcov tape test.js","test":"npm run build && npm run lint && npm run test-coverage"},"xo":{"space":true,"ignores":["is-alphanumerical.js","is-alphanumerical.min.js"]},"nyc":{"check-coverage":true,"lines":100,"functions":100,"branches":100},"remarkConfig":{"output":true,"plugins":["comment-config","github","lint","validate-links"],"settings":{"bullet":"*"}},"gitHead":"94c7f06476ad0e5d4a6ea6ebc970ddbd4759da21","homepage":"https://github.com/wooorm/is-alphanumerical#readme","_id":"is-alphanumerical@1.0.0","_shasum":"e06492e719c1bf15dec239e4f1af5f67b4d6e7bf","_from":".","_npmVersion":"3.3.6","_nodeVersion":"5.0.0","_npmUser":{"name":"wooorm","email":"tituswormer@gmail.com"},"dist":{"shasum":"e06492e719c1bf15dec239e4f1af5f67b4d6e7bf","tarball":"https://registry.npmjs.org/is-alphanumerical/-/is-alphanumerical-1.0.0.tgz"},"maintainers":[{"name":"wooorm","email":"tituswormer@gmail.com"}],"_npmOperationalInternal":{"host":"packages-16-east.internal.npmjs.com","tmp":"tmp/is-alphanumerical-1.0.0.tgz_1468317330202_0.4452017794828862"},"directories":{}}},"readme":"# is-alphanumerical [![Build Status][travis-badge]][travis] [![Coverage Status][codecov-badge]][codecov]\n\n<!--lint disable heading-increment list-item-spacing-->\n\nCheck if a character is alphanumerical (`[a-zA-Z0-9]`).\n\n## Installation\n\n[npm][npm-install]:\n\n```bash\nnpm install is-alphanumerical\n```\n\n## Usage\n\n```javascript\nvar alphanumerical = require('is-alphanumerical');\n\nalphanumerical('a'); // true\nalphanumerical('Z'); // true\nalphanumerical('0'); // true\nalphanumerical(' '); // false\nalphanumerical('💩'); // false\n```\n\n## API\n\n### `alphanumerical(character)`\n\nCheck whether the given character code (`number`), or the character\ncode at the first position (`string`), is alphanumerical.\n\n## Related\n\n*   [`is-alphabetical`](https://github.com/wooorm/is-alphabetical)\n*   [`is-decimal`](https://github.com/wooorm/is-decimal)\n*   [`is-hexadecimal`](https://github.com/wooorm/is-hexadecimal)\n*   [`is-whitespace-character`](https://github.com/wooorm/is-whitespace-character)\n*   [`is-word-character`](https://github.com/wooorm/is-word-character)\n\n## License\n\n[MIT][license] © [Titus Wormer][author]\n\n<!-- Definitions -->\n\n[travis-badge]: https://img.shields.io/travis/wooorm/is-alphanumerical.svg\n\n[travis]: https://travis-ci.org/wooorm/is-alphanumerical\n\n[codecov-badge]: https://img.shields.io/codecov/c/github/wooorm/is-alphanumerical.svg\n\n[codecov]: https://codecov.io/github/wooorm/is-alphanumerical\n\n[npm-install]: https://docs.npmjs.com/cli/install\n\n[license]: LICENSE\n\n[author]: http://wooorm.com\n","maintainers":[{"name":"wooorm","email":"tituswormer@gmail.com"}],"time":{"modified":"2016-07-12T09:55:32.978Z","created":"2016-07-12T09:55:32.978Z","1.0.0":"2016-07-12T09:55:32.978Z"},"homepage":"https://github.com/wooorm/is-alphanumerical#readme","keywords":["string","character","char","code","alphabetical","numerical","alphanumerical"],"repository":{"type":"git","url":"git+https://github.com/wooorm/is-alphanumerical.git"},"contributors":[{"name":"Titus Wormer","email":"tituswormer@gmail.com","url":"http://wooorm.com"}],"author":{"name":"Titus Wormer","email":"tituswormer@gmail.com","url":"http://wooorm.com"},"bugs":{"url":"https://github.com/wooorm/is-alphanumerical/issues"},"license":"MIT","readmeFilename":"readme.md","_attachments":{},"_etag":"\"4UHYKTDOTZV0UEXKYDDLVL418\"","_cached":true}