{"_id":"character-entities-legacy","_rev":"2-f89dc6bfc507e844a6cb6e685f6e1e9c","name":"character-entities-legacy","description":"HTML legacy character entity information","dist-tags":{"latest":"1.0.1"},"versions":{"1.0.0":{"name":"character-entities-legacy","version":"1.0.0","description":"HTML legacy character entity information","license":"MIT","keywords":["html","entity","entities","character","reference","name","replacement"],"files":["index.js","index.json"],"repository":{"type":"git","url":"git+https://github.com/wooorm/character-entities-legacy.git"},"author":{"name":"Titus Wormer","email":"tituswormer@gmail.com"},"devDependencies":{"browserify":"^11.0.0","eslint":"^1.0.0","esmangle":"^1.0.0","istanbul":"^0.3.0","jscs":"^2.0.0","jscs-jsdoc":"^1.0.0","mdast":"^2.0.0","mdast-comment-config":"^1.0.0","mdast-github":"^1.0.0","mdast-lint":"^1.0.0","mdast-slug":"^2.0.0","mdast-validate-links":"^1.1.1","mdast-yaml-config":"^1.0.0","tape":"^4.2.0"},"scripts":{"build-md":"mdast . --quiet --frail","build-crawl":"mkdir -p data; curl https://raw.githubusercontent.com/whatwg/html/master/json-entities-legacy.inc > data/entities.json","build-generate":"node script/generate.js","build-bundle":"browserify index.js --bare -s characterEntitiesLegacy > character-entities-legacy.js","build-mangle":"esmangle character-entities-legacy.js > character-entities-legacy.min.js","build":"npm run build-md && npm run build-crawl && npm run build-generate && npm run build-bundle && npm run build-mangle","lint-api":"eslint .","lint-style":"jscs --reporter inline .","lint":"npm run lint-api && npm run lint-style","test-api":"node test.js","test-coverage":"istanbul cover test.js","test":"npm run build && npm run lint && npm run test-coverage"},"gitHead":"a4d447b8d463e69bda148d106a82d2cccdf5f9a9","bugs":{"url":"https://github.com/wooorm/character-entities-legacy/issues"},"homepage":"https://github.com/wooorm/character-entities-legacy#readme","_id":"character-entities-legacy@1.0.0","_shasum":"5dcf802728acf2352ebf7867c1d46cbafd8f55e1","_from":".","_npmVersion":"2.14.2","_nodeVersion":"4.0.0","_npmUser":{"name":"wooorm","email":"tituswormer@gmail.com"},"dist":{"shasum":"5dcf802728acf2352ebf7867c1d46cbafd8f55e1","tarball":"https://registry.npmjs.org/character-entities-legacy/-/character-entities-legacy-1.0.0.tgz"},"maintainers":[{"name":"wooorm","email":"tituswormer@gmail.com"}],"directories":{}},"1.0.1":{"name":"character-entities-legacy","version":"1.0.1","description":"HTML legacy character entity information","license":"MIT","keywords":["html","entity","entities","character","reference","name","replacement"],"files":["index.js","index.json"],"repository":{"type":"git","url":"git+https://github.com/wooorm/character-entities-legacy.git"},"bugs":{"url":"https://github.com/wooorm/character-entities-legacy/issues"},"author":{"name":"Titus Wormer","email":"tituswormer@gmail.com","url":"http://wooorm.com"},"contributors":[{"name":"Titus Wormer","email":"tituswormer@gmail.com","url":"http://wooorm.com"}],"dependencies":{},"devDependencies":{"browserify":"^13.0.1","esmangle":"^1.0.1","nyc":"^7.0.0","remark-cli":"^1.0.0","remark-comment-config":"^4.0.0","remark-github":"^5.0.0","remark-lint":"^4.0.0","remark-validate-links":"^4.0.0","tape":"^4.0.0","xo":"^0.16.0"},"scripts":{"build-md":"remark . --quiet --frail","build-crawl":"mkdir -p data; curl https://raw.githubusercontent.com/whatwg/html/cb8445520f10e044d23cfd3ff7fc38e064edf1f1/json-entities-legacy.inc > data/entities.json","build-generate":"node script/generate.js","build-bundle":"browserify index.js --bare -s characterEntitiesHTML4 > character-entities-legacy.js","build-mangle":"esmangle character-entities-legacy.js > character-entities-legacy.min.js","build":"npm run build-md && npm run build-crawl && npm run build-generate && npm run build-bundle && npm run build-mangle","lint":"xo","test-api":"node test","test-coverage":"nyc --reporter lcov tape test.js","test":"npm run build && npm run lint && npm run test-coverage"},"xo":{"space":true,"rules":{"guard-for-in":"off"},"ignores":["character-entities-legacy.js","character-entities-legacy.min.js"]},"remarkConfig":{"output":true,"plugins":["comment-config","github","lint","validate-links"],"settings":{"bullet":"*"}},"gitHead":"78048ebfeef9406b3db21ccb2248c008d4dacce1","homepage":"https://github.com/wooorm/character-entities-legacy#readme","_id":"character-entities-legacy@1.0.1","_shasum":"f659037653f9beeace2e9d44490c72a4d4fe3857","_from":".","_npmVersion":"3.3.6","_nodeVersion":"5.0.0","_npmUser":{"name":"wooorm","email":"tituswormer@gmail.com"},"dist":{"shasum":"f659037653f9beeace2e9d44490c72a4d4fe3857","tarball":"https://registry.npmjs.org/character-entities-legacy/-/character-entities-legacy-1.0.1.tgz"},"maintainers":[{"name":"wooorm","email":"tituswormer@gmail.com"}],"_npmOperationalInternal":{"host":"packages-16-east.internal.npmjs.com","tmp":"tmp/character-entities-legacy-1.0.1.tgz_1469351504726_0.6775049306452274"},"directories":{}}},"readme":"# character-entities-legacy [![Build Status][travis-badge]][travis] [![Coverage Status][codecov-badge]][codecov]\n\nHTML legacy character entity information: for legacy reasons some\ncharacter entities are not required to have a trailing semicolon:\n`&copy` is perfectly okay for `©`.\n\n## Installation\n\n[npm][npm-install]:\n\n```bash\nnpm install character-entities-legacy\n```\n\n## Usage\n\n```js\nconsole.log(characterEntitiesLegacy.copy); // ©\nconsole.log(characterEntitiesLegacy.frac34); // ¾\nconsole.log(characterEntitiesLegacy.sup1); // ¹\n```\n\n## API\n\n### `characterEntitiesLegacy`\n\nMapping between (case-sensitive) legacy character entity names to\nreplacements.\n\n## Support\n\nSee [whatwg/html][html].\n\n## License\n\n[MIT][license] © [Titus Wormer][author]\n\n<!-- Definitions -->\n\n[travis-badge]: https://img.shields.io/travis/wooorm/character-entities-legacy.svg\n\n[travis]: https://travis-ci.org/wooorm/character-entities-legacy\n\n[codecov-badge]: https://img.shields.io/codecov/c/github/wooorm/character-entities-legacy.svg\n\n[codecov]: https://codecov.io/github/wooorm/character-entities-legacy\n\n[npm-install]: https://docs.npmjs.com/cli/install\n\n[license]: LICENSE\n\n[author]: http://wooorm.com\n\n[html]: https://raw.githubusercontent.com/whatwg/html/master/json-entities-legacy.inc\n","maintainers":[{"name":"wooorm","email":"tituswormer@gmail.com"}],"time":{"modified":"2016-07-24T09:11:46.713Z","created":"2015-09-27T15:15:43.950Z","1.0.0":"2015-09-27T15:15:43.950Z","1.0.1":"2016-07-24T09:11:46.713Z"},"homepage":"https://github.com/wooorm/character-entities-legacy#readme","keywords":["html","entity","entities","character","reference","name","replacement"],"repository":{"type":"git","url":"git+https://github.com/wooorm/character-entities-legacy.git"},"author":{"name":"Titus Wormer","email":"tituswormer@gmail.com","url":"http://wooorm.com"},"bugs":{"url":"https://github.com/wooorm/character-entities-legacy/issues"},"license":"MIT","readmeFilename":"readme.md","contributors":[{"name":"Titus Wormer","email":"tituswormer@gmail.com","url":"http://wooorm.com"}],"_attachments":{},"_etag":"\"6G9JZFTLG2FO8XJN4BSSFFC52\"","_cached":true}