{"_id":"boom","_rev":"166-e89d82d1359d65bf199945e3247fb160","name":"boom","description":"HTTP-friendly error objects","dist-tags":{"latest":"4.2.0"},"versions":{"0.0.1":{"name":"boom","description":"HTTP-friendly error objects","version":"0.0.1","author":{"name":"Eran Hammer","email":"eran@hueniverse.com","url":"http://hueniverse.com"},"contributors":[],"repository":{"type":"git","url":"git://github.com/hueniverse/boom"},"main":"index","keywords":["error","http"],"engines":{"node":">=0.8.0"},"dependencies":{"hoek":"0.0.x"},"devDependencies":{"mocha":"1.x.x","chai":"1.x.x"},"scripts":{"test":"make test && make unit"},"licenses":[{"type":"BSD","url":"http://github.com/hueniverse/boom/raw/master/LICENSE"}],"_id":"boom@0.0.1","dist":{"shasum":"b54cfd1d5d35dee41ac8e203817d8588f1aab30d","tarball":"https://registry.npmjs.org/boom/-/boom-0.0.1.tgz"},"_npmVersion":"1.1.65","_npmUser":{"name":"hueniverse","email":"eran@hueniverse.com"},"maintainers":[{"name":"hueniverse","email":"eran@hueniverse.com"}],"directories":{}},"0.0.2":{"name":"boom","description":"HTTP-friendly error objects","version":"0.0.2","author":{"name":"Eran Hammer","email":"eran@hueniverse.com","url":"http://hueniverse.com"},"contributors":[],"repository":{"type":"git","url":"git://github.com/hueniverse/boom"},"main":"index","keywords":["error","http"],"engines":{"node":">=0.8.0"},"dependencies":{"hoek":"0.0.x"},"devDependencies":{"mocha":"1.x.x","chai":"1.x.x"},"scripts":{"test":"make test && make unit"},"licenses":[{"type":"BSD","url":"http://github.com/hueniverse/boom/raw/master/LICENSE"}],"_id":"boom@0.0.2","dist":{"shasum":"a1dbca35ce8ec93e6196906d9881b1de308d5d79","tarball":"https://registry.npmjs.org/boom/-/boom-0.0.2.tgz"},"_npmVersion":"1.1.65","_npmUser":{"name":"hueniverse","email":"eran@hueniverse.com"},"maintainers":[{"name":"hueniverse","email":"eran@hueniverse.com"}],"directories":{}},"0.1.0":{"name":"boom","description":"HTTP-friendly error objects","version":"0.1.0","author":{"name":"Eran Hammer","email":"eran@hueniverse.com","url":"http://hueniverse.com"},"contributors":[],"repository":{"type":"git","url":"git://github.com/hueniverse/boom"},"main":"index","keywords":["error","http"],"engines":{"node":">=0.8.0"},"dependencies":{"hoek":"0.0.x"},"devDependencies":{"mocha":"1.x.x","chai":"1.x.x"},"scripts":{"test":"make test && make unit"},"licenses":[{"type":"BSD","url":"http://github.com/hueniverse/boom/raw/master/LICENSE"}],"_id":"boom@0.1.0","dist":{"shasum":"299d65bae35f9b7faa9fa9a8862f841728909610","tarball":"https://registry.npmjs.org/boom/-/boom-0.1.0.tgz"},"_npmVersion":"1.1.65","_npmUser":{"name":"hueniverse","email":"eran@hueniverse.com"},"maintainers":[{"name":"hueniverse","email":"eran@hueniverse.com"}],"directories":{}},"0.2.0":{"name":"boom","description":"HTTP-friendly error objects","version":"0.2.0","author":{"name":"Eran Hammer","email":"eran@hueniverse.com","url":"http://hueniverse.com"},"contributors":[],"repository":{"type":"git","url":"git://github.com/hueniverse/boom"},"main":"index","keywords":["error","http"],"engines":{"node":">=0.8.0"},"dependencies":{"hoek":"0.0.x"},"devDependencies":{"mocha":"1.x.x","chai":"1.x.x"},"scripts":{"test":"make test && make unit"},"licenses":[{"type":"BSD","url":"http://github.com/hueniverse/boom/raw/master/LICENSE"}],"_id":"boom@0.2.0","dist":{"shasum":"678f9dd0fb179188e2f9100e5e7003f2cf964601","tarball":"https://registry.npmjs.org/boom/-/boom-0.2.0.tgz"},"_npmVersion":"1.1.65","_npmUser":{"name":"hueniverse","email":"eran@hueniverse.com"},"maintainers":[{"name":"hueniverse","email":"eran@hueniverse.com"}],"directories":{}},"0.2.1":{"name":"boom","description":"HTTP-friendly error objects","version":"0.2.1","author":{"name":"Eran Hammer","email":"eran@hueniverse.com","url":"http://hueniverse.com"},"contributors":[],"repository":{"type":"git","url":"git://github.com/hueniverse/boom"},"main":"index","keywords":["error","http"],"engines":{"node":">=0.8.0"},"dependencies":{"hoek":"0.4.x"},"devDependencies":{"mocha":"1.x.x","chai":"1.x.x"},"scripts":{"test":"make test && make unit"},"licenses":[{"type":"BSD","url":"http://github.com/hueniverse/boom/raw/master/LICENSE"}],"_id":"boom@0.2.1","dist":{"shasum":"682e3de92c5c0858c0df0c6740bafce5b85e0a40","tarball":"https://registry.npmjs.org/boom/-/boom-0.2.1.tgz"},"_from":".","_npmVersion":"1.2.2","_npmUser":{"name":"hueniverse","email":"eran@hueniverse.com"},"maintainers":[{"name":"hueniverse","email":"eran@hueniverse.com"}],"directories":{}},"0.3.0":{"name":"boom","description":"HTTP-friendly error objects","version":"0.3.0","author":{"name":"Eran Hammer","email":"eran@hueniverse.com","url":"http://hueniverse.com"},"contributors":[],"repository":{"type":"git","url":"git://github.com/hueniverse/boom"},"main":"index","keywords":["error","http"],"engines":{"node":">=0.8.0"},"dependencies":{"hoek":"0.4.x"},"devDependencies":{"mocha":"1.x.x","chai":"1.x.x"},"scripts":{"test":"make test && make unit"},"licenses":[{"type":"BSD","url":"http://github.com/hueniverse/boom/raw/master/LICENSE"}],"_id":"boom@0.3.0","dist":{"shasum":"1ffedaf893d46793dca8e35cf347dbc93210f5e8","tarball":"https://registry.npmjs.org/boom/-/boom-0.3.0.tgz"},"_from":".","_npmVersion":"1.2.2","_npmUser":{"name":"hueniverse","email":"eran@hueniverse.com"},"maintainers":[{"name":"hueniverse","email":"eran@hueniverse.com"}],"directories":{}},"0.3.1":{"name":"boom","description":"HTTP-friendly error objects","version":"0.3.1","author":{"name":"Eran Hammer","email":"eran@hueniverse.com","url":"http://hueniverse.com"},"contributors":[],"repository":{"type":"git","url":"git://github.com/hueniverse/boom"},"main":"index","keywords":["error","http"],"engines":{"node":">=0.8.0"},"dependencies":{"hoek":"0.4.x"},"devDependencies":{"mocha":"1.x.x","chai":"1.x.x"},"scripts":{"test":"make test && make unit"},"licenses":[{"type":"BSD","url":"http://github.com/hueniverse/boom/raw/master/LICENSE"}],"_id":"boom@0.3.1","dist":{"shasum":"748b906ffdba5df699086e5f198de3237b6d0e87","tarball":"https://registry.npmjs.org/boom/-/boom-0.3.1.tgz"},"_from":".","_npmVersion":"1.2.2","_npmUser":{"name":"hueniverse","email":"eran@hueniverse.com"},"maintainers":[{"name":"hueniverse","email":"eran@hueniverse.com"}],"directories":{}},"0.3.2":{"name":"boom","description":"HTTP-friendly error objects","version":"0.3.2","author":{"name":"Eran Hammer","email":"eran@hueniverse.com","url":"http://hueniverse.com"},"contributors":[],"repository":{"type":"git","url":"git://github.com/hueniverse/boom"},"main":"index","keywords":["error","http"],"engines":{"node":"0.8.x"},"dependencies":{"hoek":"0.4.x"},"devDependencies":{"mocha":"1.x.x","chai":"1.x.x","blanket":"1.0.x","travis-cov":"0.2.x"},"scripts":{"test":"make test && make test-cov","blanket":{"pattern":"//^((?!/node_modules/)(?!/test/).)*$/ig","onlyCwd":true,"data-cover-flags":{"branchTracking":true}},"travis-cov":{"threshold":100}},"licenses":[{"type":"BSD","url":"http://github.com/hueniverse/boom/raw/master/LICENSE"}],"_id":"boom@0.3.2","dist":{"shasum":"f3e94aad663893243cc3ce1047d33200e7dc5c51","tarball":"https://registry.npmjs.org/boom/-/boom-0.3.2.tgz"},"_from":".","_npmVersion":"1.2.2","_npmUser":{"name":"hueniverse","email":"eran@hueniverse.com"},"maintainers":[{"name":"hueniverse","email":"eran@hueniverse.com"}],"directories":{}},"0.3.3":{"name":"boom","description":"HTTP-friendly error objects","version":"0.3.3","author":{"name":"Eran Hammer","email":"eran@hueniverse.com","url":"http://hueniverse.com"},"contributors":[],"repository":{"type":"git","url":"git://github.com/hueniverse/boom"},"main":"index","keywords":["error","http"],"engines":{"node":"0.8.x"},"dependencies":{"hoek":"0.4.x"},"devDependencies":{"mocha":"1.x.x","chai":"1.x.x","blanket":"1.0.x","travis-cov":"0.2.x"},"scripts":{"test":"make test && make test-cov","blanket":{"pattern":"//^((?!/node_modules/)(?!/test/).)*$/ig","onlyCwd":true,"data-cover-flags":{"branchTracking":true}},"travis-cov":{"threshold":100}},"licenses":[{"type":"BSD","url":"http://github.com/hueniverse/boom/raw/master/LICENSE"}],"_id":"boom@0.3.3","dist":{"shasum":"4d8ddbae69aadaf87e57fa1fa757de632eef49c9","tarball":"https://registry.npmjs.org/boom/-/boom-0.3.3.tgz"},"_from":".","_npmVersion":"1.2.2","_npmUser":{"name":"hueniverse","email":"eran@hueniverse.com"},"maintainers":[{"name":"hueniverse","email":"eran@hueniverse.com"}],"directories":{}},"0.3.4":{"name":"boom","description":"HTTP-friendly error objects","version":"0.3.4","author":{"name":"Eran Hammer","email":"eran@hueniverse.com","url":"http://hueniverse.com"},"contributors":[],"repository":{"type":"git","url":"git://github.com/hueniverse/boom"},"main":"index","keywords":["error","http"],"engines":{"node":"0.8.x"},"dependencies":{"hoek":"0.6.x"},"devDependencies":{"mocha":"1.x.x","chai":"1.x.x","blanket":"1.0.x","travis-cov":"0.2.x"},"scripts":{"test":"make test && make test-cov","blanket":{"pattern":"//^((?!/node_modules/)(?!/test/).)*$/ig","onlyCwd":true,"data-cover-flags":{"branchTracking":true}},"travis-cov":{"threshold":100}},"licenses":[{"type":"BSD","url":"http://github.com/hueniverse/boom/raw/master/LICENSE"}],"_id":"boom@0.3.4","dist":{"shasum":"64619f147e8b889c93d3825206242989d645337f","tarball":"https://registry.npmjs.org/boom/-/boom-0.3.4.tgz"},"_from":".","_npmVersion":"1.2.11","_npmUser":{"name":"hueniverse","email":"eran@hueniverse.com"},"maintainers":[{"name":"hueniverse","email":"eran@hueniverse.com"}],"directories":{}},"0.3.5":{"name":"boom","description":"HTTP-friendly error objects","version":"0.3.5","author":{"name":"Eran Hammer","email":"eran@hueniverse.com","url":"http://hueniverse.com"},"contributors":[],"repository":{"type":"git","url":"git://github.com/spumko/boom"},"main":"index","keywords":["error","http"],"engines":{"node":"0.8.x"},"dependencies":{"hoek":"0.6.x"},"devDependencies":{"mocha":"1.x.x","chai":"1.x.x","blanket":"1.0.x","travis-cov":"0.2.x"},"scripts":{"test":"make test && make test-cov","blanket":{"pattern":"//^((?!/node_modules/)(?!/test/).)*$/ig","onlyCwd":true,"data-cover-flags":{"branchTracking":true}},"travis-cov":{"threshold":100}},"licenses":[{"type":"BSD","url":"http://github.com/spumko/boom/raw/master/LICENSE"}],"_id":"boom@0.3.5","dist":{"shasum":"01632a70a5e90a38c0298ae03e37c7fc92dd8b0c","tarball":"https://registry.npmjs.org/boom/-/boom-0.3.5.tgz"},"_from":".","_npmVersion":"1.2.11","_npmUser":{"name":"hueniverse","email":"eran@hueniverse.com"},"maintainers":[{"name":"hueniverse","email":"eran@hueniverse.com"}],"directories":{}},"0.3.6":{"name":"boom","description":"HTTP-friendly error objects","version":"0.3.6","author":{"name":"Eran Hammer","email":"eran@hueniverse.com","url":"http://hueniverse.com"},"contributors":[],"repository":{"type":"git","url":"git://github.com/spumko/boom"},"main":"index","keywords":["error","http"],"engines":{"node":"0.8.x"},"dependencies":{"hoek":"0.6.x"},"devDependencies":{"mocha":"1.x.x","chai":"1.x.x","blanket":"1.0.x","travis-cov":"0.2.x"},"scripts":{"test":"make test && make test-cov","blanket":{"pattern":"//^((?!/node_modules/)(?!/test/).)*$/ig","onlyCwd":true,"data-cover-flags":{"branchTracking":true}},"travis-cov":{"threshold":100}},"licenses":[{"type":"BSD","url":"http://github.com/spumko/boom/raw/master/LICENSE"}],"_id":"boom@0.3.6","dist":{"shasum":"751fb34955e038358d4d960310dfbeabdb9f8fe8","tarball":"https://registry.npmjs.org/boom/-/boom-0.3.6.tgz"},"_from":".","_npmVersion":"1.2.11","_npmUser":{"name":"hueniverse","email":"eran@hueniverse.com"},"maintainers":[{"name":"hueniverse","email":"eran@hueniverse.com"}],"directories":{}},"0.3.7":{"name":"boom","description":"HTTP-friendly error objects","version":"0.3.7","author":{"name":"Eran Hammer","email":"eran@hueniverse.com","url":"http://hueniverse.com"},"contributors":[],"repository":{"type":"git","url":"git://github.com/spumko/boom"},"main":"index","keywords":["error","http"],"engines":{"node":"0.8.x"},"dependencies":{"hoek":"0.7.x"},"devDependencies":{"lab":"0.0.x","complexity-report":"0.x.x"},"scripts":{"test":"make test-cov"},"licenses":[{"type":"BSD","url":"http://github.com/spumko/boom/raw/master/LICENSE"}],"_id":"boom@0.3.7","dist":{"shasum":"d55f853de4f12255d1919a014d3dc4cd29eb31f8","tarball":"https://registry.npmjs.org/boom/-/boom-0.3.7.tgz"},"_from":".","_npmVersion":"1.2.14","_npmUser":{"name":"hueniverse","email":"eran@hueniverse.com"},"maintainers":[{"name":"hueniverse","email":"eran@hueniverse.com"}],"directories":{}},"0.3.8":{"name":"boom","description":"HTTP-friendly error objects","version":"0.3.8","author":{"name":"Eran Hammer","email":"eran@hueniverse.com","url":"http://hueniverse.com"},"contributors":[],"repository":{"type":"git","url":"git://github.com/spumko/boom"},"main":"index","keywords":["error","http"],"engines":{"node":"0.8.x"},"dependencies":{"hoek":"0.7.x"},"devDependencies":{"lab":"0.0.x","complexity-report":"0.x.x"},"scripts":{"test":"make test-cov"},"licenses":[{"type":"BSD","url":"http://github.com/spumko/boom/raw/master/LICENSE"}],"_id":"boom@0.3.8","dist":{"shasum":"c8cdb041435912741628c044ecc732d1d17c09ea","tarball":"https://registry.npmjs.org/boom/-/boom-0.3.8.tgz"},"_from":".","_npmVersion":"1.2.14","_npmUser":{"name":"hueniverse","email":"eran@hueniverse.com"},"maintainers":[{"name":"hueniverse","email":"eran@hueniverse.com"}],"directories":{}},"0.4.0":{"name":"boom","description":"HTTP-friendly error objects","version":"0.4.0","author":{"name":"Eran Hammer","email":"eran@hueniverse.com","url":"http://hueniverse.com"},"contributors":[],"repository":{"type":"git","url":"git://github.com/spumko/boom"},"main":"index","keywords":["error","http"],"engines":{"node":"0.10.x"},"dependencies":{"hoek":"0.8.x"},"devDependencies":{"lab":"0.1.x","complexity-report":"0.x.x"},"scripts":{"test":"make test-cov"},"licenses":[{"type":"BSD","url":"http://github.com/spumko/boom/raw/master/LICENSE"}],"_id":"boom@0.4.0","dist":{"shasum":"358c1828b67a2989f11b099d1316a37156f3085c","tarball":"https://registry.npmjs.org/boom/-/boom-0.4.0.tgz"},"_from":".","_npmVersion":"1.2.17","_npmUser":{"name":"hueniverse","email":"eran@hueniverse.com"},"maintainers":[{"name":"hueniverse","email":"eran@hueniverse.com"}],"directories":{}},"0.4.1":{"name":"boom","description":"HTTP-friendly error objects","version":"0.4.1","author":{"name":"Eran Hammer","email":"eran@hueniverse.com","url":"http://hueniverse.com"},"contributors":[],"repository":{"type":"git","url":"git://github.com/spumko/boom"},"main":"index","keywords":["error","http"],"engines":{"node":">=0.8.0"},"dependencies":{"hoek":"0.8.x"},"devDependencies":{"lab":"0.1.x","complexity-report":"0.x.x"},"scripts":{"test":"make test-cov"},"licenses":[{"type":"BSD","url":"http://github.com/spumko/boom/raw/master/LICENSE"}],"_id":"boom@0.4.1","dist":{"shasum":"4e8965d2d64754609ab90b87df32f9eb95fcf6ed","tarball":"https://registry.npmjs.org/boom/-/boom-0.4.1.tgz"},"_from":".","_npmVersion":"1.2.14","_npmUser":{"name":"hueniverse","email":"eran@hueniverse.com"},"maintainers":[{"name":"hueniverse","email":"eran@hueniverse.com"}],"directories":{}},"0.4.2":{"name":"boom","description":"HTTP-friendly error objects","version":"0.4.2","author":{"name":"Eran Hammer","email":"eran@hueniverse.com","url":"http://hueniverse.com"},"contributors":[],"repository":{"type":"git","url":"git://github.com/spumko/boom"},"main":"index","keywords":["error","http"],"engines":{"node":">=0.8.0"},"dependencies":{"hoek":"0.9.x"},"devDependencies":{"lab":"0.1.x","complexity-report":"0.x.x"},"scripts":{"test":"make test-cov"},"licenses":[{"type":"BSD","url":"http://github.com/spumko/boom/raw/master/LICENSE"}],"_id":"boom@0.4.2","dist":{"shasum":"7a636e9ded4efcefb19cef4947a3c67dfaee911b","tarball":"https://registry.npmjs.org/boom/-/boom-0.4.2.tgz"},"_from":".","_npmVersion":"1.2.18","_npmUser":{"name":"hueniverse","email":"eran@hueniverse.com"},"maintainers":[{"name":"hueniverse","email":"eran@hueniverse.com"}],"directories":{}},"1.0.0":{"name":"boom","description":"HTTP-friendly error objects","version":"1.0.0","repository":{"type":"git","url":"git://github.com/spumko/boom"},"main":"index","keywords":["error","http"],"engines":{"node":">=0.8.0"},"dependencies":{"hoek":"1.0.x"},"devDependencies":{"lab":"0.2.x"},"scripts":{"test":"make test-cov"},"licenses":[{"type":"BSD","url":"http://github.com/spumko/boom/raw/master/LICENSE"}],"contributors":[{"name":"Van Nguyen","email":"the.gol.effect@gmail.com"},{"name":"Eran Hammer","email":"eran@hueniverse.com","url":"http://hueniverse.com"},{"name":"Wyatt Preul","email":"wpreul@gmail.com","url":"http://jsgeek.com"}],"bugs":{"url":"https://github.com/spumko/boom/issues"},"_id":"boom@1.0.0","dist":{"shasum":"d175443c60b3835371ebe793249243eac5874252","tarball":"https://registry.npmjs.org/boom/-/boom-1.0.0.tgz"},"_from":".","_npmVersion":"1.3.5","_npmUser":{"name":"wyatt","email":"wpreul@gmail.com"},"maintainers":[{"name":"hueniverse","email":"eran@hueniverse.com"},{"name":"wyatt","email":"wpreul@gmail.com"}],"directories":{}},"1.0.1":{"name":"boom","description":"HTTP-friendly error objects","version":"1.0.1","repository":{"type":"git","url":"git://github.com/spumko/boom"},"main":"index","keywords":["error","http"],"engines":{"node":">=0.8.0"},"dependencies":{"hoek":"1.0.x"},"devDependencies":{"lab":"1.x.x"},"scripts":{"test":"make test-cov"},"licenses":[{"type":"BSD","url":"http://github.com/spumko/boom/raw/master/LICENSE"}],"contributors":[{"name":"Van Nguyen","email":"the.gol.effect@gmail.com"},{"name":"Eran Hammer","email":"eran@hueniverse.com","url":"http://hueniverse.com"},{"name":"Wyatt Preul","email":"wpreul@gmail.com","url":"http://jsgeek.com"}],"bugs":{"url":"https://github.com/spumko/boom/issues"},"_id":"boom@1.0.1","dist":{"shasum":"128282c8ab0decc22602305d7d8dd9230f5eab6d","tarball":"https://registry.npmjs.org/boom/-/boom-1.0.1.tgz"},"_from":".","_npmVersion":"1.3.8","_npmUser":{"name":"hueniverse","email":"eran@hueniverse.com"},"maintainers":[{"name":"hueniverse","email":"eran@hueniverse.com"},{"name":"wyatt","email":"wpreul@gmail.com"}],"directories":{}},"1.0.2":{"name":"boom","description":"HTTP-friendly error objects","version":"1.0.2","repository":{"type":"git","url":"git://github.com/spumko/boom"},"main":"index","keywords":["error","http"],"engines":{"node":">=0.8.0"},"dependencies":{"hoek":"1.x.x"},"devDependencies":{"lab":"1.x.x"},"scripts":{"test":"make test-cov"},"licenses":[{"type":"BSD","url":"http://github.com/spumko/boom/raw/master/LICENSE"}],"contributors":[{"name":"Van Nguyen","email":"the.gol.effect@gmail.com"},{"name":"Eran Hammer","email":"eran@hueniverse.com","url":"http://hueniverse.com"},{"name":"Wyatt Preul","email":"wpreul@gmail.com","url":"http://jsgeek.com"}],"bugs":{"url":"https://github.com/spumko/boom/issues"},"_id":"boom@1.0.2","dist":{"shasum":"0ac9e4fc2b2cd4883eff6c611255bfd2f4c8c667","tarball":"https://registry.npmjs.org/boom/-/boom-1.0.2.tgz"},"_from":".","_npmVersion":"1.3.11","_npmUser":{"name":"hueniverse","email":"eran@hueniverse.com"},"maintainers":[{"name":"hueniverse","email":"eran@hueniverse.com"},{"name":"wyatt","email":"wpreul@gmail.com"}],"directories":{}},"1.1.0":{"name":"boom","description":"HTTP-friendly error objects","version":"1.1.0","repository":{"type":"git","url":"git://github.com/spumko/boom"},"main":"index","keywords":["error","http"],"engines":{"node":">=0.8.0"},"dependencies":{"hoek":"1.x.x"},"devDependencies":{"lab":"1.x.x"},"scripts":{"test":"make test-cov"},"licenses":[{"type":"BSD","url":"http://github.com/spumko/boom/raw/master/LICENSE"}],"contributors":[{"name":"Van Nguyen","email":"the.gol.effect@gmail.com"},{"name":"Eran Hammer","email":"eran@hueniverse.com","url":"http://hueniverse.com"},{"name":"Wyatt Preul","email":"wpreul@gmail.com","url":"http://jsgeek.com"}],"bugs":{"url":"https://github.com/spumko/boom/issues"},"_id":"boom@1.1.0","dist":{"shasum":"4e0cde61b0e0e966e2d6a97cae9f746adab06b2d","tarball":"https://registry.npmjs.org/boom/-/boom-1.1.0.tgz"},"_from":".","_npmVersion":"1.3.8","_npmUser":{"name":"hueniverse","email":"eran@hueniverse.com"},"maintainers":[{"name":"hueniverse","email":"eran@hueniverse.com"},{"name":"wyatt","email":"wpreul@gmail.com"}],"directories":{}},"1.1.1":{"name":"boom","description":"HTTP-friendly error objects","version":"1.1.1","repository":{"type":"git","url":"git://github.com/spumko/boom"},"main":"index","keywords":["error","http"],"engines":{"node":">=0.8.0"},"dependencies":{"hoek":"1.x.x"},"devDependencies":{"lab":"1.x.x"},"scripts":{"test":"make test-cov"},"licenses":[{"type":"BSD","url":"http://github.com/spumko/boom/raw/master/LICENSE"}],"contributors":[{"name":"Van Nguyen","email":"the.gol.effect@gmail.com"},{"name":"Eran Hammer","email":"eran@hueniverse.com","url":"http://hueniverse.com"},{"name":"Wyatt Preul","email":"wpreul@gmail.com","url":"http://jsgeek.com"}],"bugs":{"url":"https://github.com/spumko/boom/issues"},"_id":"boom@1.1.1","dist":{"shasum":"4a98cd224b6248b68dbefac9dbf1cf67f8069c2b","tarball":"https://registry.npmjs.org/boom/-/boom-1.1.1.tgz"},"_from":".","_npmVersion":"1.3.11","_npmUser":{"name":"hueniverse","email":"eran@hueniverse.com"},"maintainers":[{"name":"hueniverse","email":"eran@hueniverse.com"},{"name":"wyatt","email":"wpreul@gmail.com"}],"directories":{}},"1.1.2":{"name":"boom","description":"HTTP-friendly error objects","version":"1.1.2","repository":{"type":"git","url":"git://github.com/spumko/boom"},"main":"index","keywords":["error","http"],"engines":{"node":">=0.8.0"},"dependencies":{"hoek":"1.x.x"},"devDependencies":{"lab":"1.x.x"},"scripts":{"test":"make test-cov"},"licenses":[{"type":"BSD","url":"http://github.com/spumko/boom/raw/master/LICENSE"}],"contributors":[{"name":"Van Nguyen","email":"the.gol.effect@gmail.com"},{"name":"Eran Hammer","email":"eran@hueniverse.com","url":"http://hueniverse.com"},{"name":"Wyatt Preul","email":"wpreul@gmail.com","url":"http://jsgeek.com"}],"bugs":{"url":"https://github.com/spumko/boom/issues"},"_id":"boom@1.1.2","dist":{"shasum":"db812dba00d05e54f7b9c1850bedab499b240010","tarball":"https://registry.npmjs.org/boom/-/boom-1.1.2.tgz"},"_from":".","_npmVersion":"1.3.11","_npmUser":{"name":"hueniverse","email":"eran@hueniverse.com"},"maintainers":[{"name":"hueniverse","email":"eran@hueniverse.com"},{"name":"wyatt","email":"wpreul@gmail.com"}],"directories":{}},"1.2.0":{"name":"boom","description":"HTTP-friendly error objects","version":"1.2.0","repository":{"type":"git","url":"git://github.com/spumko/boom"},"main":"index","keywords":["error","http"],"engines":{"node":">=0.8.0"},"dependencies":{"hoek":"1.x.x"},"devDependencies":{"lab":"1.x.x"},"scripts":{"test":"make test-cov"},"licenses":[{"type":"BSD","url":"http://github.com/spumko/boom/raw/master/LICENSE"}],"contributors":[{"name":"Van Nguyen","email":"the.gol.effect@gmail.com"},{"name":"Eran Hammer","email":"eran@hueniverse.com","url":"http://hueniverse.com"},{"name":"Wyatt Preul","email":"wpreul@gmail.com","url":"http://jsgeek.com"}],"bugs":{"url":"https://github.com/spumko/boom/issues"},"_id":"boom@1.2.0","dist":{"shasum":"3c419071a44de1dc518e82ad9aeb5c3850bb1fc8","tarball":"https://registry.npmjs.org/boom/-/boom-1.2.0.tgz"},"_from":".","_npmVersion":"1.3.11","_npmUser":{"name":"hueniverse","email":"eran@hueniverse.com"},"maintainers":[{"name":"hueniverse","email":"eran@hueniverse.com"},{"name":"wyatt","email":"wpreul@gmail.com"}],"directories":{}},"1.2.1":{"name":"boom","description":"HTTP-friendly error objects","version":"1.2.1","repository":{"type":"git","url":"git://github.com/spumko/boom"},"main":"index","keywords":["error","http"],"engines":{"node":">=0.8.0"},"dependencies":{"hoek":"1.x.x"},"devDependencies":{"lab":"1.x.x"},"scripts":{"test":"make test-cov"},"licenses":[{"type":"BSD","url":"http://github.com/spumko/boom/raw/master/LICENSE"}],"contributors":[{"name":"Van Nguyen","email":"the.gol.effect@gmail.com"},{"name":"Eran Hammer","email":"eran@hueniverse.com","url":"http://hueniverse.com"},{"name":"Wyatt Preul","email":"wpreul@gmail.com","url":"http://jsgeek.com"}],"bugs":{"url":"https://github.com/spumko/boom/issues"},"_id":"boom@1.2.1","dist":{"shasum":"53c07684e9193b0bc2aec800347c91ab6f71f335","tarball":"https://registry.npmjs.org/boom/-/boom-1.2.1.tgz"},"_from":".","_npmVersion":"1.3.11","_npmUser":{"name":"hueniverse","email":"eran@hueniverse.com"},"maintainers":[{"name":"hueniverse","email":"eran@hueniverse.com"},{"name":"wyatt","email":"wpreul@gmail.com"}],"directories":{}},"2.0.0":{"name":"boom","description":"HTTP-friendly error objects","version":"2.0.0","repository":{"type":"git","url":"git://github.com/spumko/boom"},"main":"index","keywords":["error","http"],"engines":{"node":">=0.8.0"},"dependencies":{"hoek":"1.x.x"},"devDependencies":{"lab":"1.x.x"},"scripts":{"test":"make test-cov"},"licenses":[{"type":"BSD","url":"http://github.com/spumko/boom/raw/master/LICENSE"}],"contributors":[{"name":"Van Nguyen","email":"the.gol.effect@gmail.com"},{"name":"Eran Hammer","email":"eran@hueniverse.com","url":"http://hueniverse.com"},{"name":"Wyatt Preul","email":"wpreul@gmail.com","url":"http://jsgeek.com"}],"bugs":{"url":"https://github.com/spumko/boom/issues"},"homepage":"https://github.com/spumko/boom","_id":"boom@2.0.0","dist":{"shasum":"5e794fa79fe309c8022c8d5403781e6725011bc4","tarball":"https://registry.npmjs.org/boom/-/boom-2.0.0.tgz"},"_from":".","_npmVersion":"1.3.14","_npmUser":{"name":"hueniverse","email":"eran@hueniverse.com"},"maintainers":[{"name":"hueniverse","email":"eran@hueniverse.com"},{"name":"wyatt","email":"wpreul@gmail.com"}],"directories":{}},"2.1.0":{"name":"boom","description":"HTTP-friendly error objects","version":"2.1.0","repository":{"type":"git","url":"git://github.com/spumko/boom"},"main":"index","keywords":["error","http"],"engines":{"node":">=0.8.0"},"dependencies":{"hoek":"1.x.x"},"devDependencies":{"lab":"1.x.x"},"scripts":{"test":"make test-cov"},"licenses":[{"type":"BSD","url":"http://github.com/spumko/boom/raw/master/LICENSE"}],"contributors":[{"name":"Van Nguyen","email":"the.gol.effect@gmail.com"},{"name":"Eran Hammer","email":"eran@hueniverse.com","url":"http://hueniverse.com"},{"name":"Wyatt Preul","email":"wpreul@gmail.com","url":"http://jsgeek.com"}],"bugs":{"url":"https://github.com/spumko/boom/issues"},"homepage":"https://github.com/spumko/boom","_id":"boom@2.1.0","dist":{"shasum":"386018164c5669791c5140d4b2a999004ce99c6b","tarball":"https://registry.npmjs.org/boom/-/boom-2.1.0.tgz"},"_from":".","_npmVersion":"1.3.24","_npmUser":{"name":"hueniverse","email":"eran@hueniverse.com"},"maintainers":[{"name":"hueniverse","email":"eran@hueniverse.com"}],"directories":{}},"2.2.0":{"name":"boom","description":"HTTP-friendly error objects","version":"2.2.0","repository":{"type":"git","url":"git://github.com/spumko/boom"},"main":"index","keywords":["error","http"],"engines":{"node":">=0.8.0"},"dependencies":{"hoek":"1.x.x"},"devDependencies":{"lab":"1.x.x"},"scripts":{"test":"make test-cov"},"licenses":[{"type":"BSD","url":"http://github.com/spumko/boom/raw/master/LICENSE"}],"contributors":[{"name":"Van Nguyen","email":"the.gol.effect@gmail.com"},{"name":"Eran Hammer","email":"eran@hueniverse.com","url":"http://hueniverse.com"},{"name":"Wyatt Preul","email":"wpreul@gmail.com","url":"http://jsgeek.com"}],"bugs":{"url":"https://github.com/spumko/boom/issues"},"homepage":"https://github.com/spumko/boom","_id":"boom@2.2.0","dist":{"shasum":"f5e9502793e9ba777cfae502f71f6fa04d746912","tarball":"https://registry.npmjs.org/boom/-/boom-2.2.0.tgz"},"_from":".","_npmVersion":"1.3.21","_npmUser":{"name":"hueniverse","email":"eran@hueniverse.com"},"maintainers":[{"name":"hueniverse","email":"eran@hueniverse.com"},{"name":"wyatt","email":"wpreul@gmail.com"}],"directories":{}},"2.2.1":{"name":"boom","description":"HTTP-friendly error objects","version":"2.2.1","repository":{"type":"git","url":"git://github.com/spumko/boom"},"main":"index","keywords":["error","http"],"engines":{"node":">=0.8.0"},"dependencies":{"hoek":"1.x.x"},"devDependencies":{"lab":"1.x.x"},"scripts":{"test":"make test-cov"},"licenses":[{"type":"BSD","url":"http://github.com/spumko/boom/raw/master/LICENSE"}],"contributors":[{"name":"Van Nguyen","email":"the.gol.effect@gmail.com"},{"name":"Eran Hammer","email":"eran@hueniverse.com","url":"http://hueniverse.com"},{"name":"Wyatt Preul","email":"wpreul@gmail.com","url":"http://jsgeek.com"}],"bugs":{"url":"https://github.com/spumko/boom/issues"},"homepage":"https://github.com/spumko/boom","_id":"boom@2.2.1","dist":{"shasum":"6a24027608e4e42d1e119f628578fb5d1886e035","tarball":"https://registry.npmjs.org/boom/-/boom-2.2.1.tgz"},"_from":".","_npmVersion":"1.4.4","_npmUser":{"name":"hueniverse","email":"eran@hueniverse.com"},"maintainers":[{"name":"hueniverse","email":"eran@hueniverse.com"},{"name":"wyatt","email":"wpreul@gmail.com"}],"directories":{}},"2.2.2":{"name":"boom","description":"HTTP-friendly error objects","version":"2.2.2","repository":{"type":"git","url":"git://github.com/spumko/boom"},"main":"index","keywords":["error","http"],"engines":{"node":">=0.8.0"},"dependencies":{"hoek":"1.x.x"},"devDependencies":{"lab":"1.x.x"},"scripts":{"test":"make test-cov"},"licenses":[{"type":"BSD","url":"http://github.com/spumko/boom/raw/master/LICENSE"}],"contributors":[{"name":"Van Nguyen","email":"the.gol.effect@gmail.com"},{"name":"Eran Hammer","email":"eran@hueniverse.com","url":"http://hueniverse.com"},{"name":"Wyatt Preul","email":"wpreul@gmail.com","url":"http://jsgeek.com"}],"bugs":{"url":"https://github.com/spumko/boom/issues"},"homepage":"https://github.com/spumko/boom","_id":"boom@2.2.2","dist":{"shasum":"dd5af390bbb72cb8b32ded2d7095b8b56948677a","tarball":"https://registry.npmjs.org/boom/-/boom-2.2.2.tgz"},"_from":".","_npmVersion":"1.4.4","_npmUser":{"name":"hueniverse","email":"eran@hueniverse.com"},"maintainers":[{"name":"hueniverse","email":"eran@hueniverse.com"},{"name":"wyatt","email":"wpreul@gmail.com"}],"directories":{}},"2.3.0":{"name":"boom","description":"HTTP-friendly error objects","version":"2.3.0","repository":{"type":"git","url":"git://github.com/spumko/boom"},"main":"index","keywords":["error","http"],"engines":{"node":">=0.8.0"},"dependencies":{"hoek":"1.x.x"},"devDependencies":{"lab":"2.x.x"},"scripts":{"test":"make test-cov"},"licenses":[{"type":"BSD","url":"http://github.com/spumko/boom/raw/master/LICENSE"}],"contributors":[{"name":"Van Nguyen","email":"the.gol.effect@gmail.com"},{"name":"Eran Hammer","email":"eran@hueniverse.com","url":"http://hueniverse.com"},{"name":"Wyatt Preul","email":"wpreul@gmail.com","url":"http://jsgeek.com"}],"bugs":{"url":"https://github.com/spumko/boom/issues"},"homepage":"https://github.com/spumko/boom","_id":"boom@2.3.0","dist":{"shasum":"1fbdfbd0f2643db2289afb685ecba458645492a1","tarball":"https://registry.npmjs.org/boom/-/boom-2.3.0.tgz"},"_from":".","_npmVersion":"1.4.3","_npmUser":{"name":"hueniverse","email":"eran@hueniverse.com"},"maintainers":[{"name":"hueniverse","email":"eran@hueniverse.com"},{"name":"wyatt","email":"wpreul@gmail.com"}],"directories":{}},"2.4.0":{"name":"boom","description":"HTTP-friendly error objects","version":"2.4.0","repository":{"type":"git","url":"git://github.com/spumko/boom"},"main":"index","keywords":["error","http"],"engines":{"node":">=0.8.0"},"dependencies":{"hoek":"1.x.x"},"devDependencies":{"lab":"2.x.x"},"scripts":{"test":"make test-cov"},"licenses":[{"type":"BSD","url":"http://github.com/spumko/boom/raw/master/LICENSE"}],"contributors":[{"name":"Van Nguyen","email":"the.gol.effect@gmail.com"},{"name":"Eran Hammer","email":"eran@hueniverse.com","url":"http://hueniverse.com"},{"name":"Wyatt Preul","email":"wpreul@gmail.com","url":"http://jsgeek.com"}],"bugs":{"url":"https://github.com/spumko/boom/issues"},"homepage":"https://github.com/spumko/boom","_id":"boom@2.4.0","dist":{"shasum":"2efd4a9659134096b07a8e961bf66db9fcd524d2","tarball":"https://registry.npmjs.org/boom/-/boom-2.4.0.tgz"},"_from":".","_npmVersion":"1.4.3","_npmUser":{"name":"hueniverse","email":"eran@hueniverse.com"},"maintainers":[{"name":"hueniverse","email":"eran@hueniverse.com"},{"name":"wyatt","email":"wpreul@gmail.com"}],"directories":{}},"2.4.1":{"name":"boom","description":"HTTP-friendly error objects","version":"2.4.1","repository":{"type":"git","url":"git://github.com/spumko/boom"},"main":"index","keywords":["error","http"],"engines":{"node":">=0.8.0"},"dependencies":{"hoek":"2.x.x"},"devDependencies":{"lab":"3.x.x"},"scripts":{"test":"make test-cov"},"licenses":[{"type":"BSD","url":"http://github.com/spumko/boom/raw/master/LICENSE"}],"contributors":[{"name":"Van Nguyen","email":"the.gol.effect@gmail.com"},{"name":"Eran Hammer","email":"eran@hueniverse.com","url":"http://hueniverse.com"},{"name":"Wyatt Preul","email":"wpreul@gmail.com","url":"http://jsgeek.com"}],"bugs":{"url":"https://github.com/spumko/boom/issues"},"homepage":"https://github.com/spumko/boom","_id":"boom@2.4.1","dist":{"shasum":"4a72f7de81f612f7efffce8653fc3e48e3ee5fc2","tarball":"https://registry.npmjs.org/boom/-/boom-2.4.1.tgz"},"_from":".","_npmVersion":"1.4.3","_npmUser":{"name":"hueniverse","email":"eran@hueniverse.com"},"maintainers":[{"name":"hueniverse","email":"eran@hueniverse.com"},{"name":"wyatt","email":"wpreul@gmail.com"}],"directories":{}},"2.4.2":{"name":"boom","description":"HTTP-friendly error objects","version":"2.4.2","repository":{"type":"git","url":"git://github.com/spumko/boom"},"main":"index","keywords":["error","http"],"engines":{"node":">=0.8.0"},"dependencies":{"hoek":"2.x.x"},"devDependencies":{"lab":"3.x.x"},"scripts":{"test":"make test-cov"},"licenses":[{"type":"BSD","url":"http://github.com/spumko/boom/raw/master/LICENSE"}],"contributors":[{"name":"Van Nguyen","email":"the.gol.effect@gmail.com"},{"name":"Eran Hammer","email":"eran@hueniverse.com","url":"http://hueniverse.com"},{"name":"Wyatt Preul","email":"wpreul@gmail.com","url":"http://jsgeek.com"}],"bugs":{"url":"https://github.com/spumko/boom/issues"},"homepage":"https://github.com/spumko/boom","_id":"boom@2.4.2","dist":{"shasum":"ee85268b06d909a140081a408b2148a255193eb1","tarball":"https://registry.npmjs.org/boom/-/boom-2.4.2.tgz"},"_from":".","_npmVersion":"1.4.6","_npmUser":{"name":"hueniverse","email":"eran@hueniverse.com"},"maintainers":[{"name":"hueniverse","email":"eran@hueniverse.com"},{"name":"wyatt","email":"wpreul@gmail.com"}],"directories":{}},"2.5.0":{"name":"boom","description":"HTTP-friendly error objects","version":"2.5.0","repository":{"type":"git","url":"git://github.com/hapijs/boom"},"main":"index","keywords":["error","http"],"engines":{"node":">=0.8.0"},"dependencies":{"hoek":"2.x.x"},"devDependencies":{"lab":"3.x.x"},"scripts":{"test":"make test-cov"},"licenses":[{"type":"BSD","url":"http://github.com/hapijs/boom/raw/master/LICENSE"}],"contributors":[{"name":"Van Nguyen","email":"the.gol.effect@gmail.com"},{"name":"Eran Hammer","email":"eran@hammer.io","url":"http://hueniverse.com"},{"name":"Wyatt Preul","email":"wpreul@gmail.com","url":"http://jsgeek.com"}],"gitHead":"47447d5952e2f69018d3cc944bae4b4745f9bf82","bugs":{"url":"https://github.com/hapijs/boom/issues"},"homepage":"https://github.com/hapijs/boom","_id":"boom@2.5.0","_shasum":"01da4acc97c378e9b3904ece8c9cfec1f9b14dbf","_from":".","_npmVersion":"1.4.21","_npmUser":{"name":"hueniverse","email":"eran@hueniverse.com"},"maintainers":[{"name":"hueniverse","email":"eran@hueniverse.com"},{"name":"wyatt","email":"wpreul@gmail.com"}],"dist":{"shasum":"01da4acc97c378e9b3904ece8c9cfec1f9b14dbf","tarball":"https://registry.npmjs.org/boom/-/boom-2.5.0.tgz"},"directories":{}},"2.5.1":{"name":"boom","description":"HTTP-friendly error objects","version":"2.5.1","repository":{"type":"git","url":"git://github.com/hapijs/boom"},"main":"index","keywords":["error","http"],"engines":{"node":">=0.8.0"},"dependencies":{"hoek":"2.x.x"},"devDependencies":{"lab":"4.x.x"},"scripts":{"test":"make test-cov"},"licenses":[{"type":"BSD","url":"http://github.com/hapijs/boom/raw/master/LICENSE"}],"contributors":[{"name":"Van Nguyen","email":"the.gol.effect@gmail.com"},{"name":"Eran Hammer","email":"eran@hammer.io","url":"http://hueniverse.com"},{"name":"Wyatt Preul","email":"wpreul@gmail.com","url":"http://jsgeek.com"}],"gitHead":"c6c11483a49301b9cbb78650ef4692f20ed669f8","bugs":{"url":"https://github.com/hapijs/boom/issues"},"homepage":"https://github.com/hapijs/boom","_id":"boom@2.5.1","_shasum":"8b1e489b5a108e567e8b97fb16d29fbe63359b72","_from":".","_npmVersion":"1.4.21","_npmUser":{"name":"arb","email":"arbretz@gmail.com"},"maintainers":[{"name":"hueniverse","email":"eran@hueniverse.com"},{"name":"wyatt","email":"wpreul@gmail.com"},{"name":"arb","email":"arbretz@gmail.com"}],"dist":{"shasum":"8b1e489b5a108e567e8b97fb16d29fbe63359b72","tarball":"https://registry.npmjs.org/boom/-/boom-2.5.1.tgz"},"directories":{}},"2.6.0":{"name":"boom","description":"HTTP-friendly error objects","version":"2.6.0","repository":{"type":"git","url":"git://github.com/hapijs/boom"},"main":"index","keywords":["error","http"],"engines":{"node":">=0.8.0"},"dependencies":{"hoek":"2.x.x"},"devDependencies":{"lab":"4.x.x"},"scripts":{"test":"make test-cov"},"licenses":[{"type":"BSD","url":"http://github.com/hapijs/boom/raw/master/LICENSE"}],"gitHead":"fbaf0ee501ad45b645582417e1e182c73547a157","bugs":{"url":"https://github.com/hapijs/boom/issues"},"homepage":"https://github.com/hapijs/boom","_id":"boom@2.6.0","_shasum":"24ebaebd084eb95e28a8ab9c644ce869142dda12","_from":".","_npmVersion":"1.4.28","_npmUser":{"name":"arb","email":"arbretz@gmail.com"},"maintainers":[{"name":"hueniverse","email":"eran@hueniverse.com"},{"name":"wyatt","email":"wpreul@gmail.com"},{"name":"arb","email":"arbretz@gmail.com"}],"dist":{"shasum":"24ebaebd084eb95e28a8ab9c644ce869142dda12","tarball":"https://registry.npmjs.org/boom/-/boom-2.6.0.tgz"},"directories":{}},"2.6.1":{"name":"boom","description":"HTTP-friendly error objects","version":"2.6.1","repository":{"type":"git","url":"git://github.com/hapijs/boom"},"main":"index","keywords":["error","http"],"engines":{"node":">=0.8.0"},"dependencies":{"hoek":"2.x.x"},"devDependencies":{"code":"1.x.x","lab":"5.x.x"},"scripts":{"test":"make test-cov"},"licenses":[{"type":"BSD","url":"http://github.com/hapijs/boom/raw/master/LICENSE"}],"gitHead":"860d6f8b0db89b263418b8575c65560482cbd1ba","bugs":{"url":"https://github.com/hapijs/boom/issues"},"homepage":"https://github.com/hapijs/boom","_id":"boom@2.6.1","_shasum":"4dc8ef9b6dfad9c43bbbfbe71fa4c21419f22753","_from":".","_npmVersion":"1.4.28","_npmUser":{"name":"hueniverse","email":"eran@hueniverse.com"},"maintainers":[{"name":"hueniverse","email":"eran@hueniverse.com"},{"name":"wyatt","email":"wpreul@gmail.com"},{"name":"arb","email":"arbretz@gmail.com"}],"dist":{"shasum":"4dc8ef9b6dfad9c43bbbfbe71fa4c21419f22753","tarball":"https://registry.npmjs.org/boom/-/boom-2.6.1.tgz"},"directories":{}},"2.7.0":{"name":"boom","description":"HTTP-friendly error objects","version":"2.7.0","repository":{"type":"git","url":"git://github.com/hapijs/boom"},"main":"index","keywords":["error","http"],"engines":{"node":">=0.8.0"},"dependencies":{"hoek":"2.x.x"},"devDependencies":{"code":"1.x.x","lab":"5.x.x"},"scripts":{"test":"lab -a code -t 100","test-cov-html":"lab -a code -r html -o coverage.html"},"licenses":[{"type":"BSD","url":"http://github.com/hapijs/boom/raw/master/LICENSE"}],"gitHead":"fe25a73234007ebb4fa8f8071592f35240e67c1b","bugs":{"url":"https://github.com/hapijs/boom/issues"},"homepage":"https://github.com/hapijs/boom","_id":"boom@2.7.0","_shasum":"47c6c7f62dc6d68742a75c4010b035c62615d265","_from":".","_npmVersion":"2.7.0","_nodeVersion":"0.10.36","_npmUser":{"name":"arb","email":"arbretz@gmail.com"},"maintainers":[{"name":"hueniverse","email":"eran@hueniverse.com"},{"name":"wyatt","email":"wpreul@gmail.com"},{"name":"arb","email":"arbretz@gmail.com"}],"dist":{"shasum":"47c6c7f62dc6d68742a75c4010b035c62615d265","tarball":"https://registry.npmjs.org/boom/-/boom-2.7.0.tgz"},"directories":{}},"2.7.1":{"name":"boom","description":"HTTP-friendly error objects","version":"2.7.1","repository":{"type":"git","url":"git://github.com/hapijs/boom"},"main":"index","keywords":["error","http"],"engines":{"node":">=0.8.0"},"dependencies":{"hoek":"2.x.x"},"devDependencies":{"code":"1.x.x","lab":"5.x.x"},"scripts":{"test":"lab -a code -t 100","test-cov-html":"lab -a code -r html -o coverage.html"},"licenses":[{"type":"BSD","url":"http://github.com/hapijs/boom/raw/master/LICENSE"}],"gitHead":"7ff4ee336ccae7d706065a6ee941a1db2d434ab9","bugs":{"url":"https://github.com/hapijs/boom/issues"},"homepage":"https://github.com/hapijs/boom","_id":"boom@2.7.1","_shasum":"fb165c348d337977c61d4363c21e9e1abf526705","_from":".","_npmVersion":"2.7.0","_nodeVersion":"0.10.36","_npmUser":{"name":"arb","email":"arbretz@gmail.com"},"maintainers":[{"name":"hueniverse","email":"eran@hueniverse.com"},{"name":"wyatt","email":"wpreul@gmail.com"},{"name":"arb","email":"arbretz@gmail.com"}],"dist":{"shasum":"fb165c348d337977c61d4363c21e9e1abf526705","tarball":"https://registry.npmjs.org/boom/-/boom-2.7.1.tgz"},"directories":{}},"2.7.2":{"name":"boom","description":"HTTP-friendly error objects","version":"2.7.2","repository":{"type":"git","url":"git://github.com/hapijs/boom"},"main":"index","keywords":["error","http"],"engines":{"node":">=0.8.0"},"dependencies":{"hoek":"2.x.x"},"devDependencies":{"code":"1.x.x","lab":"5.x.x"},"scripts":{"test":"lab -a code -t 100","test-cov-html":"lab -a code -r html -o coverage.html"},"license":"BSD-3-Clause","gitHead":"29be188e9ecfce3a2e090b8714dec2b6e0791724","bugs":{"url":"https://github.com/hapijs/boom/issues"},"homepage":"https://github.com/hapijs/boom","_id":"boom@2.7.2","_shasum":"dad628d897f7fd2e32cc82197f13307971cf8354","_from":".","_npmVersion":"2.7.0","_nodeVersion":"0.10.38","_npmUser":{"name":"arb","email":"arbretz@gmail.com"},"maintainers":[{"name":"hueniverse","email":"eran@hueniverse.com"},{"name":"wyatt","email":"wpreul@gmail.com"},{"name":"arb","email":"arbretz@gmail.com"}],"dist":{"shasum":"dad628d897f7fd2e32cc82197f13307971cf8354","tarball":"https://registry.npmjs.org/boom/-/boom-2.7.2.tgz"},"directories":{}},"2.8.0":{"name":"boom","description":"HTTP-friendly error objects","version":"2.8.0","repository":{"type":"git","url":"git://github.com/hapijs/boom.git"},"main":"lib/index.js","keywords":["error","http"],"engines":{"node":">=0.8.0"},"dependencies":{"hoek":"2.x.x"},"devDependencies":{"code":"1.x.x","lab":"5.x.x"},"scripts":{"test":"lab -a code -t 100","test-cov-html":"lab -a code -r html -o coverage.html"},"license":"BSD-3-Clause","gitHead":"43f13bf2d336b35ccbb062b32ba2a17259f6d24c","bugs":{"url":"https://github.com/hapijs/boom/issues"},"homepage":"https://github.com/hapijs/boom#readme","_id":"boom@2.8.0","_shasum":"317bdfd47018fe7dd79b0e9da73efe244119fdf1","_from":".","_npmVersion":"2.11.1","_nodeVersion":"0.10.38","_npmUser":{"name":"arb","email":"arbretz@gmail.com"},"maintainers":[{"name":"hueniverse","email":"eran@hueniverse.com"},{"name":"wyatt","email":"wpreul@gmail.com"},{"name":"arb","email":"arbretz@gmail.com"}],"dist":{"shasum":"317bdfd47018fe7dd79b0e9da73efe244119fdf1","tarball":"https://registry.npmjs.org/boom/-/boom-2.8.0.tgz"},"directories":{}},"2.9.0":{"name":"boom","description":"HTTP-friendly error objects","version":"2.9.0","repository":{"type":"git","url":"git://github.com/hapijs/boom.git"},"main":"lib/index.js","keywords":["error","http"],"engines":{"node":">=0.10.40"},"dependencies":{"hoek":"2.x.x"},"devDependencies":{"code":"1.x.x","lab":"5.x.x"},"scripts":{"test":"lab -a code -t 100 -L","test-cov-html":"lab -a code -r html -o coverage.html -L"},"license":"BSD-3-Clause","gitHead":"2ffee0e9d9868140911d30c7acfd7925e534623e","bugs":{"url":"https://github.com/hapijs/boom/issues"},"homepage":"https://github.com/hapijs/boom#readme","_id":"boom@2.9.0","_shasum":"a54b7fd2fee477d351bf9e371680cbea67f12715","_from":".","_npmVersion":"2.11.1","_nodeVersion":"0.10.40","_npmUser":{"name":"arb","email":"arbretz@gmail.com"},"maintainers":[{"name":"hueniverse","email":"eran@hueniverse.com"},{"name":"wyatt","email":"wpreul@gmail.com"},{"name":"arb","email":"arbretz@gmail.com"}],"dist":{"shasum":"a54b7fd2fee477d351bf9e371680cbea67f12715","tarball":"https://registry.npmjs.org/boom/-/boom-2.9.0.tgz"},"directories":{}},"2.10.0":{"name":"boom","description":"HTTP-friendly error objects","version":"2.10.0","repository":{"type":"git","url":"git://github.com/hapijs/boom"},"main":"lib/index.js","keywords":["error","http"],"engines":{"node":">=0.10.40"},"dependencies":{"hoek":"2.x.x"},"devDependencies":{"code":"1.x.x","lab":"6.x.x"},"scripts":{"test":"lab -a code -t 100 -L","test-cov-html":"lab -a code -r html -o coverage.html -L"},"license":"BSD-3-Clause","gitHead":"0d745c736930ef849d94fbdd7a32d7c300197c0e","bugs":{"url":"https://github.com/hapijs/boom/issues"},"homepage":"https://github.com/hapijs/boom","_id":"boom@2.10.0","_shasum":"ff4cb6a6d3d5246239f6b97a69a8412362d096e4","_from":".","_npmVersion":"2.14.2","_nodeVersion":"4.0.0","_npmUser":{"name":"arb","email":"arbretz@gmail.com"},"maintainers":[{"name":"hueniverse","email":"eran@hueniverse.com"},{"name":"wyatt","email":"wpreul@gmail.com"},{"name":"arb","email":"arbretz@gmail.com"}],"dist":{"shasum":"ff4cb6a6d3d5246239f6b97a69a8412362d096e4","tarball":"https://registry.npmjs.org/boom/-/boom-2.10.0.tgz"},"directories":{}},"2.10.1":{"name":"boom","description":"HTTP-friendly error objects","version":"2.10.1","repository":{"type":"git","url":"git://github.com/hapijs/boom.git"},"main":"lib/index.js","keywords":["error","http"],"engines":{"node":">=0.10.40"},"dependencies":{"hoek":"2.x.x"},"devDependencies":{"code":"1.x.x","lab":"7.x.x"},"scripts":{"test":"lab -a code -t 100 -L","test-cov-html":"lab -a code -r html -o coverage.html -L"},"license":"BSD-3-Clause","gitHead":"ff1a662a86b39426cdd18f4441b112d307a34a6f","bugs":{"url":"https://github.com/hapijs/boom/issues"},"homepage":"https://github.com/hapijs/boom#readme","_id":"boom@2.10.1","_shasum":"39c8918ceff5799f83f9492a848f625add0c766f","_from":".","_npmVersion":"2.11.1","_nodeVersion":"0.10.40","_npmUser":{"name":"arb","email":"arbretz@gmail.com"},"maintainers":[{"name":"hueniverse","email":"eran@hueniverse.com"},{"name":"wyatt","email":"wpreul@gmail.com"},{"name":"arb","email":"arbretz@gmail.com"}],"dist":{"shasum":"39c8918ceff5799f83f9492a848f625add0c766f","tarball":"https://registry.npmjs.org/boom/-/boom-2.10.1.tgz"},"directories":{}},"3.0.0":{"name":"boom","description":"HTTP-friendly error objects","version":"3.0.0","repository":{"type":"git","url":"git://github.com/hapijs/boom.git"},"main":"lib/index.js","keywords":["error","http"],"engines":{"node":">=4.0.0"},"dependencies":{"hoek":"3.x.x"},"devDependencies":{"code":"2.x.x","lab":"7.x.x"},"scripts":{"test":"lab -a code -t 100 -L","test-cov-html":"lab -a code -r html -o coverage.html -L"},"license":"BSD-3-Clause","gitHead":"9a71a86b5517ef328bdbd0750945da90a15352e8","bugs":{"url":"https://github.com/hapijs/boom/issues"},"homepage":"https://github.com/hapijs/boom#readme","_id":"boom@3.0.0","_shasum":"cff858cbd00c65c11e6a74b4a9dc90b9e3b906c4","_from":".","_npmVersion":"3.3.9","_nodeVersion":"4.2.1","_npmUser":{"name":"hueniverse","email":"eran@hammer.io"},"dist":{"shasum":"cff858cbd00c65c11e6a74b4a9dc90b9e3b906c4","tarball":"https://registry.npmjs.org/boom/-/boom-3.0.0.tgz"},"maintainers":[{"name":"hueniverse","email":"eran@hueniverse.com"},{"name":"wyatt","email":"wpreul@gmail.com"},{"name":"arb","email":"arbretz@gmail.com"}],"directories":{}},"3.1.0":{"name":"boom","description":"HTTP-friendly error objects","version":"3.1.0","repository":{"type":"git","url":"git://github.com/hapijs/boom.git"},"main":"lib/index.js","keywords":["error","http"],"engines":{"node":">=4.0.0"},"dependencies":{"hoek":"3.x.x"},"devDependencies":{"code":"2.x.x","lab":"7.x.x","markdown-toc":"0.11.x"},"scripts":{"test":"lab -a code -t 100 -L","test-cov-html":"lab -a code -r html -o coverage.html -L","toc":"node generate-toc.js","version":"npm run toc && git add README.md"},"license":"BSD-3-Clause","gitHead":"3af172b2213a3ec502cdddfc37281243c92e0b4e","bugs":{"url":"https://github.com/hapijs/boom/issues"},"homepage":"https://github.com/hapijs/boom#readme","_id":"boom@3.1.0","_shasum":"a7075597e4aea230a907749a462d61d52e127d85","_from":".","_npmVersion":"2.11.1","_nodeVersion":"4.0.0","_npmUser":{"name":"arb","email":"arbretz@gmail.com"},"maintainers":[{"name":"hueniverse","email":"eran@hueniverse.com"},{"name":"wyatt","email":"wpreul@gmail.com"},{"name":"arb","email":"arbretz@gmail.com"}],"dist":{"shasum":"a7075597e4aea230a907749a462d61d52e127d85","tarball":"https://registry.npmjs.org/boom/-/boom-3.1.0.tgz"},"directories":{}},"3.1.1":{"name":"boom","description":"HTTP-friendly error objects","version":"3.1.1","repository":{"type":"git","url":"git://github.com/hapijs/boom"},"main":"lib/index.js","keywords":["error","http"],"engines":{"node":">=4.0.0"},"dependencies":{"hoek":"3.x.x"},"devDependencies":{"code":"2.x.x","lab":"7.x.x","markdown-toc":"0.11.x"},"scripts":{"test":"lab -a code -t 100 -L","test-cov-html":"lab -a code -r html -o coverage.html -L","toc":"node generate-toc.js","version":"npm run toc && git add README.md"},"license":"BSD-3-Clause","gitHead":"d455050c8d55da4fd092953f639476ed880f090a","bugs":{"url":"https://github.com/hapijs/boom/issues"},"homepage":"https://github.com/hapijs/boom","_id":"boom@3.1.1","_shasum":"b6424f01ed8d492b2b12ae86047c24e8b6a7c937","_from":".","_npmVersion":"2.14.2","_nodeVersion":"4.0.0","_npmUser":{"name":"arb","email":"arbretz@gmail.com"},"maintainers":[{"name":"hueniverse","email":"eran@hueniverse.com"},{"name":"wyatt","email":"wpreul@gmail.com"},{"name":"arb","email":"arbretz@gmail.com"}],"dist":{"shasum":"b6424f01ed8d492b2b12ae86047c24e8b6a7c937","tarball":"https://registry.npmjs.org/boom/-/boom-3.1.1.tgz"},"directories":{}},"3.1.2":{"name":"boom","description":"HTTP-friendly error objects","version":"3.1.2","repository":{"type":"git","url":"git://github.com/hapijs/boom"},"main":"lib/index.js","keywords":["error","http"],"engines":{"node":">=4.0.0"},"dependencies":{"hoek":"3.x.x"},"devDependencies":{"code":"2.x.x","lab":"7.x.x","markdown-toc":"0.11.x"},"scripts":{"test":"lab -a code -t 100 -L","test-cov-html":"lab -a code -r html -o coverage.html -L","toc":"node generate-toc.js","version":"npm run toc && git add README.md"},"license":"BSD-3-Clause","gitHead":"7040bf8ec0a8f121d8b51e41ee07d67209bcc30a","bugs":{"url":"https://github.com/hapijs/boom/issues"},"homepage":"https://github.com/hapijs/boom","_id":"boom@3.1.2","_shasum":"3c6ce72054765f86d7997f1600457d7e94489eb8","_from":".","_npmVersion":"2.14.2","_nodeVersion":"4.0.0","_npmUser":{"name":"arb","email":"arbretz@gmail.com"},"maintainers":[{"name":"hueniverse","email":"eran@hueniverse.com"},{"name":"wyatt","email":"wpreul@gmail.com"},{"name":"arb","email":"arbretz@gmail.com"}],"dist":{"shasum":"3c6ce72054765f86d7997f1600457d7e94489eb8","tarball":"https://registry.npmjs.org/boom/-/boom-3.1.2.tgz"},"directories":{}},"3.1.3":{"name":"boom","description":"HTTP-friendly error objects","version":"3.1.3","repository":{"type":"git","url":"git://github.com/hapijs/boom.git"},"main":"lib/index.js","keywords":["error","http"],"engines":{"node":">=4.0.0"},"dependencies":{"hoek":"4.x.x"},"devDependencies":{"code":"2.x.x","lab":"10.x.x","markdown-toc":"0.12.x"},"scripts":{"test":"lab -a code -t 100 -L","test-cov-html":"lab -a code -r html -o coverage.html -L","toc":"node generate-toc.js","postversion":"npm run toc && git commit -a --amend --no-edit"},"license":"BSD-3-Clause","gitHead":"47f4e4863bda34612033ffed27f24f27f6889505","bugs":{"url":"https://github.com/hapijs/boom/issues"},"homepage":"https://github.com/hapijs/boom#readme","_id":"boom@3.1.3","_shasum":"58d440018b3c4987d5e5c02720c1f61e7fffd5bc","_from":".","_npmVersion":"3.8.6","_nodeVersion":"4.4.0","_npmUser":{"name":"arb","email":"arbretz@gmail.com"},"maintainers":[{"name":"hueniverse","email":"eran@hueniverse.com"},{"name":"wyatt","email":"wpreul@gmail.com"},{"name":"arb","email":"arbretz@gmail.com"}],"dist":{"shasum":"58d440018b3c4987d5e5c02720c1f61e7fffd5bc","tarball":"https://registry.npmjs.org/boom/-/boom-3.1.3.tgz"},"_npmOperationalInternal":{"host":"packages-12-west.internal.npmjs.com","tmp":"tmp/boom-3.1.3.tgz_1462546271834_0.8520401904825121"},"directories":{}},"3.2.0":{"name":"boom","description":"HTTP-friendly error objects","version":"3.2.0","repository":{"type":"git","url":"git://github.com/hapijs/boom.git"},"main":"lib/index.js","keywords":["error","http"],"engines":{"node":">=4.0.0"},"dependencies":{"hoek":"4.x.x"},"devDependencies":{"code":"2.x.x","lab":"10.x.x","markdown-toc":"0.12.x"},"scripts":{"test":"lab -a code -t 100 -L","test-cov-html":"lab -a code -r html -o coverage.html -L","toc":"node generate-toc.js","postversion":"npm run toc && git commit -a --amend --no-edit"},"license":"BSD-3-Clause","gitHead":"c171edf74c24e6c394b0267a48350a97c17d8f79","bugs":{"url":"https://github.com/hapijs/boom/issues"},"homepage":"https://github.com/hapijs/boom#readme","_id":"boom@3.2.0","_shasum":"67dd91850cb4815e051aa5c18b578a4b9a3bfde8","_from":".","_npmVersion":"3.8.6","_nodeVersion":"4.4.0","_npmUser":{"name":"arb","email":"arbretz@gmail.com"},"maintainers":[{"name":"hueniverse","email":"eran@hueniverse.com"},{"name":"wyatt","email":"wpreul@gmail.com"},{"name":"arb","email":"arbretz@gmail.com"}],"dist":{"shasum":"67dd91850cb4815e051aa5c18b578a4b9a3bfde8","tarball":"https://registry.npmjs.org/boom/-/boom-3.2.0.tgz"},"_npmOperationalInternal":{"host":"packages-16-east.internal.npmjs.com","tmp":"tmp/boom-3.2.0.tgz_1463767458696_0.6403514575213194"},"directories":{}},"3.2.1":{"name":"boom","description":"HTTP-friendly error objects","version":"3.2.1","repository":{"type":"git","url":"git://github.com/hapijs/boom.git"},"main":"lib/index.js","keywords":["error","http"],"engines":{"node":">=4.0.0"},"dependencies":{"hoek":"4.x.x"},"devDependencies":{"code":"3.x.x","lab":"10.x.x","markdown-toc":"0.12.x"},"scripts":{"test":"lab -a code -t 100 -L -v","test-cov-html":"lab -a code -r html -o coverage.html -L","toc":"node generate-toc.js","postversion":"npm run toc && git commit -a --amend --no-edit"},"license":"BSD-3-Clause","gitHead":"96eb7565e16f53c631f6264d969b733b0194420e","bugs":{"url":"https://github.com/hapijs/boom/issues"},"homepage":"https://github.com/hapijs/boom#readme","_id":"boom@3.2.1","_shasum":"ca993f1b06c1bf8731af06a70ef9bc3c75f879a8","_from":".","_npmVersion":"3.8.6","_nodeVersion":"4.4.0","_npmUser":{"name":"arb","email":"arbretz@gmail.com"},"maintainers":[{"name":"hueniverse","email":"eran@hueniverse.com"},{"name":"wyatt","email":"wpreul@gmail.com"},{"name":"arb","email":"arbretz@gmail.com"}],"dist":{"shasum":"ca993f1b06c1bf8731af06a70ef9bc3c75f879a8","tarball":"https://registry.npmjs.org/boom/-/boom-3.2.1.tgz"},"_npmOperationalInternal":{"host":"packages-12-west.internal.npmjs.com","tmp":"tmp/boom-3.2.1.tgz_1463947203787_0.39058719226159155"},"directories":{}},"3.2.2":{"name":"boom","description":"HTTP-friendly error objects","version":"3.2.2","repository":{"type":"git","url":"git://github.com/hapijs/boom.git"},"main":"lib/index.js","keywords":["error","http"],"engines":{"node":">=4.0.0"},"dependencies":{"hoek":"4.x.x"},"devDependencies":{"code":"3.x.x","lab":"10.x.x","markdown-toc":"0.12.x"},"scripts":{"test":"lab -a code -t 100 -L -v","test-cov-html":"lab -a code -r html -o coverage.html -L","toc":"node generate-toc.js","version":"npm run toc && git add README.md"},"license":"BSD-3-Clause","gitHead":"bb24c759b88e2346182e2c53d6fa5d089d30fec3","bugs":{"url":"https://github.com/hapijs/boom/issues"},"homepage":"https://github.com/hapijs/boom#readme","_id":"boom@3.2.2","_shasum":"0f0cc5d04adc5003b8c7d71f42cca7271fef0e78","_from":".","_npmVersion":"3.8.6","_nodeVersion":"4.4.0","_npmUser":{"name":"arb","email":"arbretz@gmail.com"},"maintainers":[{"name":"hueniverse","email":"eran@hueniverse.com"},{"name":"wyatt","email":"wpreul@gmail.com"},{"name":"arb","email":"arbretz@gmail.com"}],"dist":{"shasum":"0f0cc5d04adc5003b8c7d71f42cca7271fef0e78","tarball":"https://registry.npmjs.org/boom/-/boom-3.2.2.tgz"},"_npmOperationalInternal":{"host":"packages-12-west.internal.npmjs.com","tmp":"tmp/boom-3.2.2.tgz_1466519379907_0.2168077751994133"},"directories":{}},"4.0.0":{"name":"boom","description":"HTTP-friendly error objects","version":"4.0.0","repository":{"type":"git","url":"git://github.com/hapijs/boom.git"},"main":"lib/index.js","keywords":["error","http"],"engines":{"node":">=4.0.0"},"dependencies":{"hoek":"4.x.x"},"devDependencies":{"code":"3.x.x","lab":"10.x.x","markdown-toc":"0.12.x"},"scripts":{"test":"lab -a code -t 100 -L -v","test-cov-html":"lab -a code -r html -o coverage.html -L","toc":"node generate-toc.js","version":"npm run toc && git add README.md"},"license":"BSD-3-Clause","gitHead":"9e96db63c34b2451a3d96425f55a821d76792912","bugs":{"url":"https://github.com/hapijs/boom/issues"},"homepage":"https://github.com/hapijs/boom#readme","_id":"boom@4.0.0","_shasum":"7e59469264eaddb74fedfbc1b16524d69a694577","_from":".","_npmVersion":"3.8.6","_nodeVersion":"4.4.0","_npmUser":{"name":"arb","email":"arbretz@gmail.com"},"maintainers":[{"name":"hueniverse","email":"eran@hueniverse.com"},{"name":"wyatt","email":"wpreul@gmail.com"},{"name":"arb","email":"arbretz@gmail.com"}],"dist":{"shasum":"7e59469264eaddb74fedfbc1b16524d69a694577","tarball":"https://registry.npmjs.org/boom/-/boom-4.0.0.tgz"},"_npmOperationalInternal":{"host":"packages-12-west.internal.npmjs.com","tmp":"tmp/boom-4.0.0.tgz_1472219021702_0.4121129298582673"},"directories":{}},"4.1.0":{"name":"boom","description":"HTTP-friendly error objects","version":"4.1.0","repository":{"type":"git","url":"git://github.com/hapijs/boom.git"},"main":"lib/index.js","keywords":["error","http"],"engines":{"node":">=4.0.0"},"dependencies":{"hoek":"4.x.x"},"devDependencies":{"code":"3.x.x","lab":"10.x.x","markdown-toc":"0.12.x"},"scripts":{"test":"lab -a code -t 100 -L -v","test-cov-html":"lab -a code -r html -o coverage.html -L","toc":"node generate-toc.js","version":"npm run toc && git add README.md"},"license":"BSD-3-Clause","gitHead":"0390dac9c7ace148266b489c121f08ff23468903","bugs":{"url":"https://github.com/hapijs/boom/issues"},"homepage":"https://github.com/hapijs/boom#readme","_id":"boom@4.1.0","_shasum":"8ad7a2b1d5f45d017e4fa65ca49d27a71ffd5268","_from":".","_npmVersion":"3.8.6","_nodeVersion":"4.4.0","_npmUser":{"name":"arb","email":"arbretz@gmail.com"},"maintainers":[{"name":"hueniverse","email":"eran@hueniverse.com"},{"name":"wyatt","email":"wpreul@gmail.com"},{"name":"arb","email":"arbretz@gmail.com"}],"dist":{"shasum":"8ad7a2b1d5f45d017e4fa65ca49d27a71ffd5268","tarball":"https://registry.npmjs.org/boom/-/boom-4.1.0.tgz"},"_npmOperationalInternal":{"host":"packages-12-west.internal.npmjs.com","tmp":"tmp/boom-4.1.0.tgz_1474981943748_0.5192060619592667"},"directories":{}},"4.2.0":{"name":"boom","description":"HTTP-friendly error objects","version":"4.2.0","repository":{"type":"git","url":"git://github.com/hapijs/boom.git"},"main":"lib/index.js","keywords":["error","http"],"engines":{"node":">=4.0.0"},"dependencies":{"hoek":"4.x.x"},"devDependencies":{"code":"3.x.x","lab":"10.x.x","markdown-toc":"0.12.x"},"scripts":{"test":"lab -a code -t 100 -L -v","test-cov-html":"lab -a code -r html -o coverage.html -L","toc":"node generate-toc.js","version":"npm run toc && git add README.md"},"license":"BSD-3-Clause","gitHead":"7cc537da52fdb551ee6517119e018640336739dc","bugs":{"url":"https://github.com/hapijs/boom/issues"},"homepage":"https://github.com/hapijs/boom#readme","_id":"boom@4.2.0","_shasum":"c1a74174b11fbba223f6162d4fd8851a1b82a536","_from":".","_npmVersion":"3.8.6","_nodeVersion":"4.4.0","_npmUser":{"name":"arb","email":"arbretz@gmail.com"},"maintainers":[{"name":"hueniverse","email":"eran@hueniverse.com"},{"name":"wyatt","email":"wpreul@gmail.com"},{"name":"arb","email":"arbretz@gmail.com"}],"dist":{"shasum":"c1a74174b11fbba223f6162d4fd8851a1b82a536","tarball":"https://registry.npmjs.org/boom/-/boom-4.2.0.tgz"},"_npmOperationalInternal":{"host":"packages-16-east.internal.npmjs.com","tmp":"tmp/boom-4.2.0.tgz_1476377152466_0.09154713805764914"},"directories":{}}},"readme":"![boom Logo](https://raw.github.com/hapijs/boom/master/images/boom.png)\n\nHTTP-friendly error objects\n\n[![Build Status](https://secure.travis-ci.org/hapijs/boom.svg)](http://travis-ci.org/hapijs/boom)\n[![Current Version](https://img.shields.io/npm/v/boom.svg)](https://www.npmjs.com/package/boom)\n\nLead Maintainer: [Adam Bretz](https://github.com/arb)\n\n<!-- toc -->\n\n- [Boom](#boom)\n  - [Helper Methods](#helper-methods)\n    - [`wrap(error, [statusCode], [message])`](#wraperror-statuscode-message)\n    - [`create(statusCode, [message], [data])`](#createstatuscode-message-data)\n  - [HTTP 4xx Errors](#http-4xx-errors)\n    - [`Boom.badRequest([message], [data])`](#boombadrequestmessage-data)\n    - [`Boom.unauthorized([message], [scheme], [attributes])`](#boomunauthorizedmessage-scheme-attributes)\n    - [`Boom.paymentRequired([message], [data])`](#boompaymentrequiredmessage-data)\n    - [`Boom.forbidden([message], [data])`](#boomforbiddenmessage-data)\n    - [`Boom.notFound([message], [data])`](#boomnotfoundmessage-data)\n    - [`Boom.methodNotAllowed([message], [data], [allow])`](#boommethodnotallowedmessage-data-allow)\n    - [`Boom.notAcceptable([message], [data])`](#boomnotacceptablemessage-data)\n    - [`Boom.proxyAuthRequired([message], [data])`](#boomproxyauthrequiredmessage-data)\n    - [`Boom.clientTimeout([message], [data])`](#boomclienttimeoutmessage-data)\n    - [`Boom.conflict([message], [data])`](#boomconflictmessage-data)\n    - [`Boom.resourceGone([message], [data])`](#boomresourcegonemessage-data)\n    - [`Boom.lengthRequired([message], [data])`](#boomlengthrequiredmessage-data)\n    - [`Boom.preconditionFailed([message], [data])`](#boompreconditionfailedmessage-data)\n    - [`Boom.entityTooLarge([message], [data])`](#boomentitytoolargemessage-data)\n    - [`Boom.uriTooLong([message], [data])`](#boomuritoolongmessage-data)\n    - [`Boom.unsupportedMediaType([message], [data])`](#boomunsupportedmediatypemessage-data)\n    - [`Boom.rangeNotSatisfiable([message], [data])`](#boomrangenotsatisfiablemessage-data)\n    - [`Boom.expectationFailed([message], [data])`](#boomexpectationfailedmessage-data)\n    - [`Boom.badData([message], [data])`](#boombaddatamessage-data)\n    - [`Boom.locked([message], [data])`](#boomlockedmessage-data)\n    - [`Boom.preconditionRequired([message], [data])`](#boompreconditionrequiredmessage-data)\n    - [`Boom.tooManyRequests([message], [data])`](#boomtoomanyrequestsmessage-data)\n    - [`Boom.illegal([message], [data])`](#boomillegalmessage-data)\n  - [HTTP 5xx Errors](#http-5xx-errors)\n    - [`Boom.badImplementation([message], [data])` - (*alias: `internal`*)](#boombadimplementationmessage-data---alias-internal)\n    - [`Boom.notImplemented([message], [data])`](#boomnotimplementedmessage-data)\n    - [`Boom.badGateway([message], [data])`](#boombadgatewaymessage-data)\n    - [`Boom.serverUnavailable([message], [data])`](#boomserverunavailablemessage-data)\n    - [`Boom.gatewayTimeout([message], [data])`](#boomgatewaytimeoutmessage-data)\n  - [F.A.Q.](#faq)\n\n<!-- tocstop -->\n\n# Boom\n\n**boom** provides a set of utilities for returning HTTP errors. Each utility returns a `Boom` error response\nobject (instance of `Error`) which includes the following properties:\n- `isBoom` - if `true`, indicates this is a `Boom` object instance.\n- `isServer` - convenience bool indicating status code >= 500.\n- `message` - the error message.\n- `output` - the formatted response. Can be directly manipulated after object construction to return a custom\n  error response. Allowed root keys:\n    - `statusCode` - the HTTP status code (typically 4xx or 5xx).\n    - `headers` - an object containing any HTTP headers where each key is a header name and value is the header content.\n    - `payload` - the formatted object used as the response payload (stringified). Can be directly manipulated but any\n      changes will be lost\n      if `reformat()` is called. Any content allowed and by default includes the following content:\n        - `statusCode` - the HTTP status code, derived from `error.output.statusCode`.\n        - `error` - the HTTP status message (e.g. 'Bad Request', 'Internal Server Error') derived from `statusCode`.\n        - `message` - the error message derived from `error.message`.\n- inherited `Error` properties.\n\nThe `Boom` object also supports the following method:\n- `reformat()` - rebuilds `error.output` using the other object properties.\n\n\n## Helper Methods\n\n### `wrap(error, [statusCode], [message])`\n\nDecorates an error with the **boom** properties where:\n- `error` - the error object to wrap. If `error` is already a **boom** object, returns back the same object.\n- `statusCode` - optional HTTP status code. Defaults to `500`.\n- `message` - optional message string. If the error already has a message, it adds the message as a prefix.\n  Defaults to no message.\n\n```js\nvar error = new Error('Unexpected input');\nBoom.wrap(error, 400);\n```\n\n### `create(statusCode, [message], [data])`\n\nGenerates an `Error` object with the **boom** decorations where:\n- `statusCode` - an HTTP error code number. Must be greater or equal 400.\n- `message` - optional message string.\n- `data` - additional error data set to `error.data` property.\n\n```js\nvar error = Boom.create(400, 'Bad request', { timestamp: Date.now() });\n```\n\n## HTTP 4xx Errors\n\n### `Boom.badRequest([message], [data])`\n\nReturns a 400 Bad Request error where:\n- `message` - optional message.\n- `data` - optional additional error data.\n\n```js\nBoom.badRequest('invalid query');\n```\n\nGenerates the following response payload:\n\n```json\n{\n    \"statusCode\": 400,\n    \"error\": \"Bad Request\",\n    \"message\": \"invalid query\"\n}\n```\n\n### `Boom.unauthorized([message], [scheme], [attributes])`\n\nReturns a 401 Unauthorized error where:\n- `message` - optional message.\n- `scheme` can be one of the following:\n  - an authentication scheme name\n  - an array of string values. These values will be separated by ', ' and set to the 'WWW-Authenticate' header.\n- `attributes` - an object of values to use while setting the 'WWW-Authenticate' header. This value is only used\n  when `scheme` is a string, otherwise it is ignored. Every key/value pair will be included in the\n  'WWW-Authenticate' in the format of 'key=\"value\"' as well as in the response payload under the `attributes` key.\n  `null` and `undefined` will be replaced with an empty string. If `attributes` is set, `message` will be used as\n  the 'error' segment of the 'WWW-Authenticate' header. If `message` is unset, the 'error' segment of the header\n  will not be present and `isMissing` will be true on the error object.\n\nIf either `scheme` or `attributes` are set, the resultant `Boom` object will have the 'WWW-Authenticate' header set for the response.\n\n```js\nBoom.unauthorized('invalid password');\n```\n\nGenerates the following response:\n\n```json\n\"payload\": {\n    \"statusCode\": 401,\n    \"error\": \"Unauthorized\",\n    \"message\": \"invalid password\"\n},\n\"headers\" {}\n```\n\n```js\nBoom.unauthorized('invalid password', 'sample');\n```\n\nGenerates the following response:\n\n```json\n\"payload\": {\n    \"statusCode\": 401,\n    \"error\": \"Unauthorized\",\n    \"message\": \"invalid password\",\n    \"attributes\": {\n        \"error\": \"invalid password\"\n    }\n},\n\"headers\" {\n  \"WWW-Authenticate\": \"sample error=\\\"invalid password\\\"\"\n}\n```\n\n```js\nBoom.unauthorized('invalid password', 'sample', { ttl: 0, cache: null, foo: 'bar' });\n```\n\nGenerates the following response:\n\n```json\n\"payload\": {\n    \"statusCode\": 401,\n    \"error\": \"Unauthorized\",\n    \"message\": \"invalid password\",\n    \"attributes\": {\n        \"error\": \"invalid password\",\n        \"ttl\": 0,\n        \"cache\": \"\",\n        \"foo\": \"bar\"\n    }\n},\n\"headers\" {\n  \"WWW-Authenticate\": \"sample ttl=\\\"0\\\", cache=\\\"\\\", foo=\\\"bar\\\", error=\\\"invalid password\\\"\"\n}\n```\n\n### `Boom.paymentRequired([message], [data])`\n\nReturns a 402 Payment Required error where:\n- `message` - optional message.\n- `data` - optional additional error data.\n\n```js\nBoom.paymentRequired('bandwidth used');\n```\n\nGenerates the following response payload:\n\n```json\n{\n    \"statusCode\": 402,\n    \"error\": \"Payment Required\",\n    \"message\": \"bandwidth used\"\n}\n```\n\n### `Boom.forbidden([message], [data])`\n\nReturns a 403 Forbidden error where:\n- `message` - optional message.\n- `data` - optional additional error data.\n\n```js\nBoom.forbidden('try again some time');\n```\n\nGenerates the following response payload:\n\n```json\n{\n    \"statusCode\": 403,\n    \"error\": \"Forbidden\",\n    \"message\": \"try again some time\"\n}\n```\n\n### `Boom.notFound([message], [data])`\n\nReturns a 404 Not Found error where:\n- `message` - optional message.\n- `data` - optional additional error data.\n\n```js\nBoom.notFound('missing');\n```\n\nGenerates the following response payload:\n\n```json\n{\n    \"statusCode\": 404,\n    \"error\": \"Not Found\",\n    \"message\": \"missing\"\n}\n```\n\n### `Boom.methodNotAllowed([message], [data], [allow])`\n\nReturns a 405 Method Not Allowed error where:\n- `message` - optional message.\n- `data` - optional additional error data.\n- `allow` - optional string or array of strings (to be combined and separated by ', ') which is set to the 'Allow' header.\n\n```js\nBoom.methodNotAllowed('that method is not allowed');\n```\n\nGenerates the following response payload:\n\n```json\n{\n    \"statusCode\": 405,\n    \"error\": \"Method Not Allowed\",\n    \"message\": \"that method is not allowed\"\n}\n```\n\n### `Boom.notAcceptable([message], [data])`\n\nReturns a 406 Not Acceptable error where:\n- `message` - optional message.\n- `data` - optional additional error data.\n\n```js\nBoom.notAcceptable('unacceptable');\n```\n\nGenerates the following response payload:\n\n```json\n{\n    \"statusCode\": 406,\n    \"error\": \"Not Acceptable\",\n    \"message\": \"unacceptable\"\n}\n```\n\n### `Boom.proxyAuthRequired([message], [data])`\n\nReturns a 407 Proxy Authentication Required error where:\n- `message` - optional message.\n- `data` - optional additional error data.\n\n```js\nBoom.proxyAuthRequired('auth missing');\n```\n\nGenerates the following response payload:\n\n```json\n{\n    \"statusCode\": 407,\n    \"error\": \"Proxy Authentication Required\",\n    \"message\": \"auth missing\"\n}\n```\n\n### `Boom.clientTimeout([message], [data])`\n\nReturns a 408 Request Time-out error where:\n- `message` - optional message.\n- `data` - optional additional error data.\n\n```js\nBoom.clientTimeout('timed out');\n```\n\nGenerates the following response payload:\n\n```json\n{\n    \"statusCode\": 408,\n    \"error\": \"Request Time-out\",\n    \"message\": \"timed out\"\n}\n```\n\n### `Boom.conflict([message], [data])`\n\nReturns a 409 Conflict error where:\n- `message` - optional message.\n- `data` - optional additional error data.\n\n```js\nBoom.conflict('there was a conflict');\n```\n\nGenerates the following response payload:\n\n```json\n{\n    \"statusCode\": 409,\n    \"error\": \"Conflict\",\n    \"message\": \"there was a conflict\"\n}\n```\n\n### `Boom.resourceGone([message], [data])`\n\nReturns a 410 Gone error where:\n- `message` - optional message.\n- `data` - optional additional error data.\n\n```js\nBoom.resourceGone('it is gone');\n```\n\nGenerates the following response payload:\n\n```json\n{\n    \"statusCode\": 410,\n    \"error\": \"Gone\",\n    \"message\": \"it is gone\"\n}\n```\n\n### `Boom.lengthRequired([message], [data])`\n\nReturns a 411 Length Required error where:\n- `message` - optional message.\n- `data` - optional additional error data.\n\n```js\nBoom.lengthRequired('length needed');\n```\n\nGenerates the following response payload:\n\n```json\n{\n    \"statusCode\": 411,\n    \"error\": \"Length Required\",\n    \"message\": \"length needed\"\n}\n```\n\n### `Boom.preconditionFailed([message], [data])`\n\nReturns a 412 Precondition Failed error where:\n- `message` - optional message.\n- `data` - optional additional error data.\n\n```js\nBoom.preconditionFailed();\n```\n\nGenerates the following response payload:\n\n```json\n{\n    \"statusCode\": 412,\n    \"error\": \"Precondition Failed\"\n}\n```\n\n### `Boom.entityTooLarge([message], [data])`\n\nReturns a 413 Request Entity Too Large error where:\n- `message` - optional message.\n- `data` - optional additional error data.\n\n```js\nBoom.entityTooLarge('too big');\n```\n\nGenerates the following response payload:\n\n```json\n{\n    \"statusCode\": 413,\n    \"error\": \"Request Entity Too Large\",\n    \"message\": \"too big\"\n}\n```\n\n### `Boom.uriTooLong([message], [data])`\n\nReturns a 414 Request-URI Too Large error where:\n- `message` - optional message.\n- `data` - optional additional error data.\n\n```js\nBoom.uriTooLong('uri is too long');\n```\n\nGenerates the following response payload:\n\n```json\n{\n    \"statusCode\": 414,\n    \"error\": \"Request-URI Too Large\",\n    \"message\": \"uri is too long\"\n}\n```\n\n### `Boom.unsupportedMediaType([message], [data])`\n\nReturns a 415 Unsupported Media Type error where:\n- `message` - optional message.\n- `data` - optional additional error data.\n\n```js\nBoom.unsupportedMediaType('that media is not supported');\n```\n\nGenerates the following response payload:\n\n```json\n{\n    \"statusCode\": 415,\n    \"error\": \"Unsupported Media Type\",\n    \"message\": \"that media is not supported\"\n}\n```\n\n### `Boom.rangeNotSatisfiable([message], [data])`\n\nReturns a 416 Requested Range Not Satisfiable error where:\n- `message` - optional message.\n- `data` - optional additional error data.\n\n```js\nBoom.rangeNotSatisfiable();\n```\n\nGenerates the following response payload:\n\n```json\n{\n    \"statusCode\": 416,\n    \"error\": \"Requested Range Not Satisfiable\"\n}\n```\n\n### `Boom.expectationFailed([message], [data])`\n\nReturns a 417 Expectation Failed error where:\n- `message` - optional message.\n- `data` - optional additional error data.\n\n```js\nBoom.expectationFailed('expected this to work');\n```\n\nGenerates the following response payload:\n\n```json\n{\n    \"statusCode\": 417,\n    \"error\": \"Expectation Failed\",\n    \"message\": \"expected this to work\"\n}\n```\n\n### `Boom.badData([message], [data])`\n\nReturns a 422 Unprocessable Entity error where:\n- `message` - optional message.\n- `data` - optional additional error data.\n\n```js\nBoom.badData('your data is bad and you should feel bad');\n```\n\nGenerates the following response payload:\n\n```json\n{\n    \"statusCode\": 422,\n    \"error\": \"Unprocessable Entity\",\n    \"message\": \"your data is bad and you should feel bad\"\n}\n```\n\n### `Boom.locked([message], [data])`\n\nReturns a 423 Locked error where:\n- `message` - optional message.\n- `data` - optional additional error data.\n\n```js\nBoom.locked('this resource has been locked');\n```\n\nGenerates the following response payload:\n\n```json\n{\n    \"statusCode\": 423,\n    \"error\": \"Locked\",\n    \"message\": \"this resource has been locked\"\n}\n```\n\n### `Boom.preconditionRequired([message], [data])`\n\nReturns a 428 Precondition Required error where:\n- `message` - optional message.\n- `data` - optional additional error data.\n\n```js\nBoom.preconditionRequired('you must supply an If-Match header');\n```\n\nGenerates the following response payload:\n\n```json\n{\n    \"statusCode\": 428,\n    \"error\": \"Precondition Required\",\n    \"message\": \"you must supply an If-Match header\"\n}\n```\n\n### `Boom.tooManyRequests([message], [data])`\n\nReturns a 429 Too Many Requests error where:\n- `message` - optional message.\n- `data` - optional additional error data.\n\n```js\nBoom.tooManyRequests('you have exceeded your request limit');\n```\n\nGenerates the following response payload:\n\n```json\n{\n    \"statusCode\": 429,\n    \"error\": \"Too Many Requests\",\n    \"message\": \"you have exceeded your request limit\"\n}\n```\n\n### `Boom.illegal([message], [data])`\n\nReturns a 451 Unavailable For Legal Reasons error where:\n- `message` - optional message.\n- `data` - optional additional error data.\n\n```js\nBoom.illegal('you are not permitted to view this resource for legal reasons');\n```\n\nGenerates the following response payload:\n\n```json\n{\n    \"statusCode\": 451,\n    \"error\": \"Unavailable For Legal Reasons\",\n    \"message\": \"you are not permitted to view this resource for legal reasons\"\n}\n```\n\n## HTTP 5xx Errors\n\nAll 500 errors hide your message from the end user. Your message is recorded in the server log.\n\n### `Boom.badImplementation([message], [data])` - (*alias: `internal`*)\n\nReturns a 500 Internal Server Error error where:\n- `message` - optional message.\n- `data` - optional additional error data.\n\n```js\nBoom.badImplementation('terrible implementation');\n```\n\nGenerates the following response payload:\n\n```json\n{\n    \"statusCode\": 500,\n    \"error\": \"Internal Server Error\",\n    \"message\": \"An internal server error occurred\"\n}\n```\n\n### `Boom.notImplemented([message], [data])`\n\nReturns a 501 Not Implemented error where:\n- `message` - optional message.\n- `data` - optional additional error data.\n\n```js\nBoom.notImplemented('method not implemented');\n```\n\nGenerates the following response payload:\n\n```json\n{\n    \"statusCode\": 501,\n    \"error\": \"Not Implemented\",\n    \"message\": \"method not implemented\"\n}\n```\n\n### `Boom.badGateway([message], [data])`\n\nReturns a 502 Bad Gateway error where:\n- `message` - optional message.\n- `data` - optional additional error data.\n\n```js\nBoom.badGateway('that is a bad gateway');\n```\n\nGenerates the following response payload:\n\n```json\n{\n    \"statusCode\": 502,\n    \"error\": \"Bad Gateway\",\n    \"message\": \"that is a bad gateway\"\n}\n```\n\n### `Boom.serverUnavailable([message], [data])`\n\nReturns a 503 Service Unavailable error where:\n- `message` - optional message.\n- `data` - optional additional error data.\n\n```js\nBoom.serverUnavailable('unavailable');\n```\n\nGenerates the following response payload:\n\n```json\n{\n    \"statusCode\": 503,\n    \"error\": \"Service Unavailable\",\n    \"message\": \"unavailable\"\n}\n```\n\n### `Boom.gatewayTimeout([message], [data])`\n\nReturns a 504 Gateway Time-out error where:\n- `message` - optional message.\n- `data` - optional additional error data.\n\n```js\nBoom.gatewayTimeout();\n```\n\nGenerates the following response payload:\n\n```json\n{\n    \"statusCode\": 504,\n    \"error\": \"Gateway Time-out\"\n}\n```\n\n## F.A.Q.\n\n**Q** How do I include extra information in my responses? `output.payload` is missing `data`, what gives?\n\n**A** There is a reason the values passed back in the response payloads are pretty locked down. It's mostly for security and to not leak any important information back to the client. This means you will need to put in a little more effort to include extra information about your custom error. Check out the [\"Error transformation\"](https://github.com/hapijs/hapi/blob/master/API.md#error-transformation) section in the hapi documentation.\n\n---\n","maintainers":[{"name":"hueniverse","email":"eran@hueniverse.com"},{"name":"wyatt","email":"wpreul@gmail.com"},{"name":"arb","email":"arbretz@gmail.com"}],"time":{"modified":"2016-10-13T16:45:54.495Z","created":"2013-01-12T22:26:10.641Z","0.0.1":"2013-01-12T22:26:11.865Z","0.0.2":"2013-01-14T18:44:51.621Z","0.1.0":"2013-01-20T04:26:31.549Z","0.2.0":"2013-01-25T18:23:33.248Z","0.2.1":"2013-02-07T18:58:20.097Z","0.3.0":"2013-02-08T23:23:14.578Z","0.3.1":"2013-02-10T18:15:03.770Z","0.3.2":"2013-02-17T01:59:18.218Z","0.3.3":"2013-02-17T02:43:22.709Z","0.3.4":"2013-03-04T21:47:35.860Z","0.3.5":"2013-03-05T23:34:44.318Z","0.3.6":"2013-03-06T07:28:39.795Z","0.3.7":"2013-03-18T17:49:55.705Z","0.3.8":"2013-03-30T18:39:48.095Z","0.4.0":"2013-04-05T19:38:30.830Z","0.4.1":"2013-04-30T21:07:37.695Z","0.4.2":"2013-05-22T03:24:29.422Z","1.0.0":"2013-08-28T18:13:27.565Z","1.0.1":"2013-09-10T07:30:59.354Z","1.0.2":"2013-09-29T21:41:27.591Z","1.1.0":"2013-10-01T02:36:32.038Z","1.1.1":"2013-10-30T20:35:06.735Z","1.1.2":"2013-11-07T00:47:19.688Z","1.2.0":"2013-11-15T00:57:13.452Z","1.2.1":"2013-11-15T01:15:16.517Z","2.0.0":"2014-01-02T18:00:13.164Z","2.0.1":"2013-12-31T05:58:23.586Z","2.1.0":"2014-02-07T08:00:04.642Z","2.2.0":"2014-02-12T09:36:55.239Z","2.2.1":"2014-03-01T19:22:21.682Z","2.2.2":"2014-03-06T21:14:08.201Z","2.3.0":"2014-03-28T18:26:40.772Z","2.4.0":"2014-03-29T07:07:13.432Z","2.4.1":"2014-04-08T07:33:22.007Z","2.4.2":"2014-06-08T04:49:54.711Z","2.5.0":"2014-08-02T07:10:57.825Z","2.5.1":"2014-08-08T19:14:57.113Z","2.6.0":"2014-10-22T22:19:00.965Z","2.6.1":"2014-11-25T22:41:14.436Z","2.7.0":"2015-04-01T15:13:50.249Z","2.7.1":"2015-04-16T13:36:38.354Z","2.7.2":"2015-05-21T16:30:18.283Z","2.8.0":"2015-06-14T01:05:33.050Z","2.9.0":"2015-09-22T14:08:19.492Z","2.10.0":"2015-10-26T13:28:24.287Z","2.10.1":"2015-10-30T19:16:32.557Z","3.0.0":"2015-10-31T17:25:03.351Z","3.1.0":"2015-12-22T17:37:40.837Z","3.1.1":"2015-12-23T16:54:17.633Z","3.1.2":"2016-01-22T15:05:54.507Z","3.1.3":"2016-05-06T14:51:12.307Z","3.2.0":"2016-05-20T18:04:21.108Z","3.2.1":"2016-05-22T20:00:06.297Z","3.2.2":"2016-06-21T14:29:42.582Z","4.0.0":"2016-08-26T13:43:41.952Z","4.1.0":"2016-09-27T13:12:25.855Z","4.2.0":"2016-10-13T16:45:54.495Z"},"repository":{"type":"git","url":"git://github.com/hapijs/boom.git"},"readmeFilename":"README.md","homepage":"https://github.com/hapijs/boom#readme","keywords":["error","http"],"bugs":{"url":"https://github.com/hapijs/boom/issues"},"users":{"c990802":true,"ruiquelhas":true,"marcuspoehls":true,"jalcine":true,"dbrockman":true,"gdbtek":true,"bbrown":true,"gabeio":true,"eventhough":true,"alanshaw":true,"jelhaouchi":true,"aubinlrx":true,"mdrobny":true,"amirmehmood":true,"giacomorebonato":true,"intuitivcloud":true,"program247365":true,"nukisman":true,"khaledkaram":true,"amanvirk":true,"drossman":true,"gcenower":true,"fleischer":true,"vbv":true,"alibad":true,"programmer.severson":true,"antanst":true,"detj":true,"xgheaven":true,"ubi":true,"zoomyzoom":true,"mlohscheidt":true,"eserozvataf":true,"bojand":true,"grantcarthew":true,"j.su":true,"hengkiardo":true,"loselovegirl":true,"mikedfunk":true,"denji":true,"a3.ivanenko":true,"leonardorb":true,"luizstacio":true,"lestad":true,"mikestaub":true,"quocnguyen":true,"james3299":true,"ekmpls":true,"adamlu":true,"jmsherry":true,"abuddington":true,"nilz3ro":true,"tribou":true,"dominik.palo":true,"neo1":true,"yanrivera":true,"scottfreecode":true,"tmurngon":true},"license":"BSD-3-Clause","_attachments":{},"_etag":"\"7S056QODP7ZOXWR8BLBXOOYOG\"","_cached":true}