{"_id":"collapse-white-space","_rev":"3-14f2c9a842c073b6e97f1ed6f1d6a7d9","name":"collapse-white-space","description":"Replace multiple white-space characters with a single space","dist-tags":{"latest":"1.0.2"},"versions":{"1.0.0":{"name":"collapse-white-space","version":"1.0.0","description":"Replace multiple white-space characters with a single space","license":"MIT","keywords":["collapse","white","space"],"files":["index.js","LICENSE"],"repository":{"type":"git","url":"git+https://github.com/wooorm/collapse-white-space.git"},"author":{"name":"Titus Wormer","email":"tituswormer@gmail.com"},"devDependencies":{"browserify":"^10.0.0","eslint":"^0.24.0","esmangle":"^1.0.0","istanbul":"^0.3.0","jscs":"^1.0.0","jscs-jsdoc":"^1.0.0","mdast":"^0.26.0","mdast-github":"^0.3.1","mdast-lint":"^0.4.1","mdast-usage":"^0.3.0","mdast-yaml-config":"^0.2.0","mocha":"^2.0.0"},"scripts":{"test-api":"mocha --check-leaks test.js","test-coveralls":"istanbul cover _mocha --report lcovonly -- --check-leaks test.js","test-coverage":"istanbul cover _mocha -- --check-leaks test.js","test-travis":"npm run test-coveralls","test":"npm run test-api","lint-api":"eslint .","lint-style":"jscs --reporter inline .","lint":"npm run lint-api && npm run lint-style","make":"npm run lint && npm run test-coverage","build-md":"mdast . LICENSE --output --quiet","build-bundle":"browserify index.js --bare -s collapseWhiteSpace > collapse-white-space.js","postbuild-bundle":"esmangle collapse-white-space.js > collapse-white-space.min.js","build":"npm run build-md && npm run build-bundle"},"gitHead":"c24540f3690cf840cc7b3549876851aaace3754d","bugs":{"url":"https://github.com/wooorm/collapse-white-space/issues"},"homepage":"https://github.com/wooorm/collapse-white-space#readme","_id":"collapse-white-space@1.0.0","_shasum":"94c809660c5661874fbb52bc74dc3519afca9023","_from":".","_npmVersion":"2.11.3","_nodeVersion":"2.3.3","_npmUser":{"name":"wooorm","email":"tituswormer@gmail.com"},"dist":{"shasum":"94c809660c5661874fbb52bc74dc3519afca9023","tarball":"https://registry.npmjs.org/collapse-white-space/-/collapse-white-space-1.0.0.tgz"},"maintainers":[{"name":"wooorm","email":"tituswormer@gmail.com"}],"directories":{}},"1.0.1":{"name":"collapse-white-space","version":"1.0.1","description":"Replace multiple white-space characters with a single space","license":"MIT","keywords":["collapse","white","space"],"files":["index.js"],"repository":{"type":"git","url":"git+https://github.com/wooorm/collapse-white-space.git"},"bugs":{"url":"https://github.com/wooorm/collapse-white-space/issues"},"author":{"name":"Titus Wormer","email":"tituswormer@gmail.com","url":"http://wooorm.com"},"contributors":[{"name":"Titus Wormer","email":"tituswormer@gmail.com","url":"http://wooorm.com"}],"dependencies":{},"devDependencies":{"browserify":"^13.0.1","esmangle":"^1.0.1","nyc":"^7.0.0","remark-cli":"^1.0.0","remark-comment-config":"^4.0.0","remark-github":"^5.0.0","remark-lint":"^4.0.0","remark-validate-links":"^4.0.0","tape":"^4.0.0","xo":"^0.16.0"},"scripts":{"build-md":"remark . --quiet --frail","build-bundle":"browserify index.js --bare -s collapseWhiteSpace > collapse-white-space.js","build-mangle":"esmangle collapse-white-space.js > collapse-white-space.min.js","build":"npm run build-md && npm run build-bundle && npm run build-mangle","lint":"xo","test-api":"node test","test-coverage":"nyc --reporter lcov tape test.js","test":"npm run build && npm run lint && npm run test-coverage"},"xo":{"space":true,"ignores":["collapse-white-space.js","collapse-white-space.min.js"]},"remarkConfig":{"output":true,"plugins":["comment-config","github","lint","validate-links"],"settings":{"bullet":"*"}},"gitHead":"ac2e058a446815497f988540b740f0c98cc9f1e8","homepage":"https://github.com/wooorm/collapse-white-space#readme","_id":"collapse-white-space@1.0.1","_shasum":"8dd6887f7be813599be56d39f5cfcf438e3d20a9","_from":".","_npmVersion":"3.3.6","_nodeVersion":"5.0.0","_npmUser":{"name":"wooorm","email":"tituswormer@gmail.com"},"dist":{"shasum":"8dd6887f7be813599be56d39f5cfcf438e3d20a9","tarball":"https://registry.npmjs.org/collapse-white-space/-/collapse-white-space-1.0.1.tgz"},"maintainers":[{"name":"wooorm","email":"tituswormer@gmail.com"}],"_npmOperationalInternal":{"host":"packages-12-west.internal.npmjs.com","tmp":"tmp/collapse-white-space-1.0.1.tgz_1469309594595_0.7253956815693527"},"directories":{}},"1.0.2":{"name":"collapse-white-space","version":"1.0.2","description":"Replace multiple white-space characters with a single space","license":"MIT","keywords":["collapse","white","space"],"files":["index.js"],"repository":{"type":"git","url":"git+https://github.com/wooorm/collapse-white-space.git"},"bugs":{"url":"https://github.com/wooorm/collapse-white-space/issues"},"author":{"name":"Titus Wormer","email":"tituswormer@gmail.com","url":"http://wooorm.com"},"contributors":[{"name":"Titus Wormer","email":"tituswormer@gmail.com","url":"http://wooorm.com"}],"dependencies":{},"devDependencies":{"browserify":"^13.0.1","esmangle":"^1.0.1","nyc":"^7.0.0","remark-cli":"^1.0.0","remark-comment-config":"^4.0.0","remark-github":"^5.0.0","remark-lint":"^4.0.0","remark-validate-links":"^4.0.0","tape":"^4.0.0","xo":"^0.16.0"},"scripts":{"build-md":"remark . --quiet --frail","build-bundle":"browserify index.js --bare -s collapseWhiteSpace > collapse-white-space.js","build-mangle":"esmangle collapse-white-space.js > collapse-white-space.min.js","build":"npm run build-md && npm run build-bundle && npm run build-mangle","lint":"xo","test-api":"node test","test-coverage":"nyc --reporter lcov tape test.js","test":"npm run build && npm run lint && npm run test-coverage"},"xo":{"space":true,"ignores":["collapse-white-space.js","collapse-white-space.min.js"]},"remarkConfig":{"output":true,"plugins":["comment-config","github","lint","validate-links"],"settings":{"bullet":"*"}},"gitHead":"cd218a06e569cf9cbd4657436557299d3bb504cf","homepage":"https://github.com/wooorm/collapse-white-space#readme","_id":"collapse-white-space@1.0.2","_shasum":"9c463fb9c6d190d2dcae21a356a01bcae9eeef6d","_from":".","_npmVersion":"3.3.6","_nodeVersion":"5.0.0","_npmUser":{"name":"wooorm","email":"tituswormer@gmail.com"},"dist":{"shasum":"9c463fb9c6d190d2dcae21a356a01bcae9eeef6d","tarball":"https://registry.npmjs.org/collapse-white-space/-/collapse-white-space-1.0.2.tgz"},"maintainers":[{"name":"wooorm","email":"tituswormer@gmail.com"}],"_npmOperationalInternal":{"host":"packages-12-west.internal.npmjs.com","tmp":"tmp/collapse-white-space-1.0.2.tgz_1469310043598_0.74730454524979"},"directories":{}}},"readme":"# collapse-white-space [![Build Status][travis-badge]][travis] [![Coverage Status][codecov-badge]][codecov]\n\n<!--lint disable heading-increment list-item-spacing no-duplicate-headings-->\n\nReplace multiple white-space characters with a single space.\n\n## Installation\n\n[npm][npm-install]:\n\n```bash\nnpm install collapse-white-space\n```\n\n## Usage\n\nDependencies.\n\n```javascript\nvar collapse = require('collapse-white-space');\n```\n\nCollapse white space:\n\n```javascript\nvar result = collapse('\\tfoo \\n\\tbar  \\t\\r\\nbaz');\n```\n\nYields:\n\n```text\n foo bar baz\n```\n\n## API\n\n### `collapse(value)`\n\nReplace multiple white-space characters with a single space.\n\n###### Parameters\n\n*   `value` (`string`) — Value with uncollapsed white-space, coerced to string.\n\n###### Returns\n\n`string` — Value with collapsed white-space.\n\n## License\n\n[MIT][license] © [Titus Wormer][author]\n\n<!-- Definitions -->\n\n[travis-badge]: https://img.shields.io/travis/wooorm/collapse-white-space.svg\n\n[travis]: https://travis-ci.org/wooorm/collapse-white-space\n\n[codecov-badge]: https://img.shields.io/codecov/c/github/wooorm/collapse-white-space.svg\n\n[codecov]: https://codecov.io/github/wooorm/collapse-white-space\n\n[npm-install]: https://docs.npmjs.com/cli/install\n\n[license]: LICENSE\n\n[author]: http://wooorm.com\n","maintainers":[{"name":"wooorm","email":"tituswormer@gmail.com"}],"time":{"modified":"2016-07-23T21:40:45.478Z","created":"2015-07-12T16:25:41.464Z","1.0.0":"2015-07-12T16:25:41.464Z","1.0.1":"2016-07-23T21:33:16.343Z","1.0.2":"2016-07-23T21:40:45.478Z"},"homepage":"https://github.com/wooorm/collapse-white-space#readme","keywords":["collapse","white","space"],"repository":{"type":"git","url":"git+https://github.com/wooorm/collapse-white-space.git"},"author":{"name":"Titus Wormer","email":"tituswormer@gmail.com","url":"http://wooorm.com"},"bugs":{"url":"https://github.com/wooorm/collapse-white-space/issues"},"license":"MIT","readmeFilename":"readme.md","contributors":[{"name":"Titus Wormer","email":"tituswormer@gmail.com","url":"http://wooorm.com"}],"_attachments":{},"_etag":"\"EQKNW48PE3HEOCJAZSSRFMTD4\"","_cached":true}