{"_id":"jscs-jsdoc","_rev":"89-abe6a4aa392027221eef34f3ee6823b6","name":"jscs-jsdoc","time":{"modified":"2016-04-14T11:38:16.194Z","created":"2014-04-05T18:46:10.228Z","0.0.1":"2014-04-05T18:47:44.793Z","0.0.2":"2014-04-05T22:48:38.432Z","0.0.3":"2014-05-27T02:26:59.767Z","0.0.4":"2014-05-27T02:36:38.189Z","0.0.5":"2014-05-27T04:29:41.028Z","0.0.6":"2014-05-27T05:35:11.839Z","0.0.9":"2014-08-25T03:49:30.582Z","0.0.10":"2014-09-03T02:06:20.644Z","0.0.11":"2014-09-07T20:09:10.350Z","0.0.12":"2014-09-07T20:15:43.155Z","0.0.13":"2014-09-22T14:12:45.264Z","0.0.14":"2014-10-29T12:44:53.689Z","0.0.15":"2014-11-02T19:17:53.058Z","0.0.16":"2014-11-04T10:37:36.562Z","0.0.17":"2014-11-10T02:50:22.575Z","0.0.18":"2014-11-10T13:12:14.248Z","0.0.19":"2014-11-10T13:38:26.864Z","0.0.20":"2014-11-10T14:21:34.736Z","0.0.21":"2014-11-10T21:12:31.811Z","0.0.22":"2014-11-11T03:50:21.152Z","0.0.23":"2014-11-11T04:34:36.658Z","0.0.24":"2014-11-18T02:57:22.471Z","0.1.0":"2014-11-26T13:43:27.810Z","0.1.1":"2014-11-26T20:02:33.093Z","0.2.0":"2014-11-26T22:45:58.180Z","0.3.0":"2014-11-30T23:21:45.216Z","0.3.1":"2014-11-30T23:29:46.584Z","0.3.2":"2014-12-01T15:52:19.334Z","0.4.0":"2014-12-28T04:00:29.672Z","0.4.1":"2015-01-22T17:49:31.710Z","0.4.2":"2015-01-23T00:15:26.582Z","0.4.3":"2015-01-23T01:29:30.577Z","0.4.4":"2015-01-25T14:07:53.503Z","0.4.5":"2015-02-17T12:06:03.113Z","0.4.6":"2015-04-06T23:25:08.038Z","1.0.0":"2015-05-04T03:49:53.264Z","1.0.1":"2015-05-11T15:38:27.018Z","1.1.0":"2015-06-24T17:03:00.174Z","1.2.0":"2015-09-22T01:38:14.942Z","1.3.0":"2015-12-07T02:39:01.973Z","1.3.1":"2015-12-08T23:14:04.803Z","1.3.2":"2016-03-22T13:25:55.430Z","2.0.0":"2016-04-14T11:38:16.194Z"},"maintainers":[{"name":"mdevils","email":"mdevils@yandex.ru"},{"name":"qfox","email":"zxqfox@gmail.com"}],"description":"JSCS jsdoc plugin","readme":"# jscs-jsdoc\n[![Gitter](https://img.shields.io/gitter/room/jscs-dev/node-jscs.svg)](https://gitter.im/jscs-dev/node-jscs?utm_source=badge&utm_medium=badge&utm_campaign=pr-badge&utm_content=badge)\n[![Build Status](https://img.shields.io/travis/jscs-dev/jscs-jsdoc.svg)](http://travis-ci.org/jscs-dev/jscs-jsdoc)\n[![Dependency Status](https://img.shields.io/david/jscs-dev/jscs-jsdoc.svg)](https://david-dm.org/jscs-dev/jscs-jsdoc)\n[![Coverage](https://img.shields.io/coveralls/jscs-dev/jscs-jsdoc.svg)](https://coveralls.io/r/jscs-dev/jscs-jsdoc)\n\n[![NPM version](https://img.shields.io/npm/v/jscs-jsdoc.svg)](https://www.npmjs.com/package/jscs-jsdoc)\n[![NPM downloads](https://img.shields.io/npm/dm/jscs-jsdoc.svg)](https://www.npmjs.com/package/jscs-jsdoc)\n[![MIT License](https://img.shields.io/npm/l/jscs-jsdoc.svg)](https://github.com/jscs-dev/jscs-jsdoc/blob/master/LICENSE)\n\n`jsdoc` plugin for [jscs](https://github.com/jscs-dev/node-jscs/). [Twitter](https://twitter.com/jscs_dev) | [Mailing List](https://groups.google.com/group/jscs-dev)\n\n## Table of Contents\n\n- [Installation](#plugin-installation)\n- [Versioning & Semver](#versioning--semver)\n- [Usage](#usage)\n- [Rules](#rules)\n\n## Plugin installation\n\n**NB** Since `jscs v2.0` the plugin `jscs-jsdoc` is bundled into it.\n\n`jscs-jsdoc` can be installed using NPM and requires [jscs](https://github.com/jscs-dev/node-jscs/#installation).\n\nInstall it globally if you are using globally installed `jscs`\n\n    npm -g install jscs-jsdoc\n\nBut better install it into your project\n\n    npm install jscs-jsdoc --save-dev\n\n## Versioning & Semver\n\nWe recommend installing `jscs-jsdoc` via NPM using `^`, or `~` if you want more stable releases.\n\nSemver (http://semver.org/) dictates that breaking changes be major version bumps. In the context of a linting tool, a bug fix that causes more errors to be reported can be interpreted as a breaking change. However, that would require major version bumps to occur more often than can be desirable. Therefore, as a compromise, we will only release bug fixes that cause more errors to be reported in minor versions.\n\nBelow you fill find our versioning strategy, and what you can expect to come out of a new `jscs-jsdoc` release.\n\n * Patch release:\n   * A bug fix in a rule that causes `jscs-jsdoc` to report less errors;\n   * Docs, refactoring and other \"invisible\" changes for user;\n * Minor release:\n   * Any preset changes;\n   * A bug fix in a rule that causes `jscs-jsdoc` to report more errors;\n   * New rules or new options for existing rules that don't change existing behavior;\n   * Modifying rules so they report less errors, and don't cause build failures;\n * Major release:\n   * Purposefully modifying existing rules so that they report more errors or change the meaning of a rule;\n   * Any architectural changes that could cause builds to fail.\n\n## Usage\n\nTo use plugin you should add these lines to configuration file `.jscsrc`:\n\n```json\n{\n    \"plugins\": [\n        \"jscs-jsdoc\"\n    ],\n    \"jsDoc\": {\n        \"checkAnnotations\": \"closurecompiler\",\n        \"checkTypes\": \"strictNativeCase\",\n        \"enforceExistence\": {\n            \"allExcept\": [\"exports\"]\n        }\n    }\n}\n```\n\n## Rules\n\n### checkAnnotations\n\nChecks tag names are valid.\n\nThere are 3 presets for `Closure Compiler`, `JSDoc3` and `JSDuck5`.\n\nBy default it allows any tag from any preset. You can pass `Object`\nto select preset with `preset` field and add custom tags with `extra` field.\n\nType: `Boolean` or `String` or `{\"preset\": String, \"extra\": Object}`\n(see [tag values](#user-content-tag-values)).\n\nValues: `true`, `\"closurecompiler\"`, `\"jsdoc3\"`, `\"jsduck5\"`, `Object`\n\nContext: `file`\n\nTags: `*`\n\n#### Tag values\n\n`extra` field should contains tags in keys and there are options for values:\n- `false` means tag available with no value\n- `true` means tag available with any value\n- `\"some\"` means tag available and requires some value\n\nSee also [tag presets](https://github.com/jscs-dev/jscs-jsdoc/tree/master/lib/tags).\n\n#### Example\n\n```js\n\"checkAnnotations\": true\n```\n\n##### Valid\n\n```js\n/**\n * @chainable\n * @param {string} message\n * @return {string}\n */\nfunction _f() {}\n```\n\n##### Invalid\n\n```js\n/**\n * @pororo\n * @lalala\n */\nfunction _f() {}\n```\n\n#### Example 2\n\n```js\n\"checkAnnotations\": {\n    \"preset\": \"jsdoc3\",\n    \"extra\": {\n        \"boomer\": false\n    }\n}\n```\n\n##### Valid\n\n```js\n/**\n * @boomer\n * @argument {String}\n */\nfunction _f() {}\n```\n\n##### Invalid\n\n```js\n/** @still-invalid */\n```\n\n### checkParamExistence\n\nChecks all parameters are documented.\n\nType: `Boolean`\n\nValues: `true`\n\n\n#### Example\n\n```js\n\"checkParamExistence\": true\n```\n\n##### Valid\n\n```js\n/**\n * @param {string} message\n * @return {string}\n */\nfunction _f ( message ) {\n  return true;\n}\n\n/**\n * @inheritdoc\n */\nfunction _f ( message ) {\n  return true;\n}\n```\n\n##### Invalid\n\n```js\n/**\n * @return {string}\n */\nfunction _f ( message ) {\n  return true;\n}\n```\n\n### checkParamNames\n\nChecks param names in jsdoc and in function declaration are equal.\n\nType: `Boolean`\n\nValues: `true`\n\nContext: `functions`\n\nTags: `param`, `arg`, `argument`\n\n#### Example\n\n```js\n\"checkParamNames\": true\n```\n\n##### Valid\n\n```js\n/**\n * @param {String} message\n * @param {Number|Object} [line]\n */\nfunction method(message, line) {}\n```\n\n##### Invalid\n\n```js\n/**\n * @param {String} msg\n * @param {Number|Object} [line]\n */\nfunction method(message) {}\n```\n\n### requireParamTypes\n\nChecks params in jsdoc contains type.\n\nType: `Boolean`\n\nValues: `true`\n\nContext: `functions`\n\nTags: `param`, `arg`, `argument`\n\n#### Example\n\n```js\n\"requireParamTypes\": true\n```\n\n##### Valid\n\n```js\n/**\n * @param {String} message\n */\nfunction method() {}\n```\n\n##### Invalid\n\n```js\n/**\n * @param message\n */\nfunction method() {}\n```\n\n### checkRedundantParams\n\nReports redundant params in jsdoc.\n\nType: `Boolean`\n\nValues: `true`\n\nContext: `functions`\n\nTags: `param`, `arg`, `argument`\n\n#### Example\n\n```js\n\"checkRedundantParams\": true\n```\n\n##### Valid\n\n```js\n/**\n * @param {String} message\n */\nfunction method(message) {}\n```\n\n##### Invalid\n\n```js\n/**\n * @param {String} message\n */\nfunction method() {}\n```\n\n### checkReturnTypes\n\nChecks for differences between the jsdoc and actual return types if both exist.\n\nType: `Boolean`\n\nValues: `true`\n\nContext: `functions`\n\nTags: `return`, `returns`\n\n#### Example\n\n```js\n\"checkReturnTypes\": true\n```\n\n##### Valid\n\n```js\n/**\n * @returns {String}\n */\nfunction method() {\n    return 'foo';\n}\n```\n\n##### Invalid\n\n```js\n/**\n * @returns {String}\n */\nfunction method(f) {\n    if (f) {\n        return true;\n    }\n    return 1;\n}\n```\n\n### checkRedundantReturns\n\nReport statements for functions without return.\n\nType: `Boolean`\n\nValues: `true`\n\nContext: `functions`\n\nTags: `return`, `returns`\n\n#### Example\n\n```js\n\"checkRedundantReturns\": true\n```\n\n##### Valid\n\n```js\n/**\n * @returns {string}\n */\nfunction f() {\n    return 'yes';\n}\n```\n\n##### Invalid\n\n```js\n/**\n * @returns {string}\n */\nfunction f() {\n    // no return here\n}\n```\n\n### requireReturnTypes\n\nChecks returns in jsdoc contains type\n\nType: `Boolean`\n\nValues: `true`\n\nContext: `functions`\n\nTags: `return`, `returns`\n\n#### Example\n\n```js\n\"requireReturnTypes\": true\n```\n\n##### Valid\n\n```js\n/**\n * @returns {String}\n */\nfunction method() {}\n\n/**\n * no @return\n */\nfunction method() {}\n```\n\n##### Invalid\n\n```js\n/**\n * @returns\n */\nfunction method() {}\n```\n\n### checkTypes\n\nReports invalid types for bunch of tags.\n\nThe `strictNativeCase` mode checks that case of natives is the same as in this\nlist: `boolean`, `number`, `string`, `Object`, `Array`, `Date`, `RegExp`.\n\nThe `capitalizedNativeCase` mode checks that the first letter in all native\ntypes and primitives is uppercased except the case with `function` in google closure format: `{function(...)}`\n\nType: `Boolean` or `String`\n\nValues: `true` or `\"strictNativeCase\"` or `\"capitalizedNativeCase\"`\n\nContext: `*`\n\nTags: `typedef`, `type`, `param`, `return`, `returns`, `enum`, `var`, `prop`, `property`, `arg`, `argument`, `cfg`, `lends`, `extends`, `implements`, `define`\n\n#### Example\n\n```js\n\"checkTypes\": true\n```\n\n##### Valid\n\n```js\n/**\n * @typedef {Object} ObjectLike\n * @property {boolean} hasFlag\n * @property {string} name\n */\n\n/** @type {number} */\nvar bar = 1;\n\n/** @const {number} */\nvar FOO = 2;\n\n/**\n * @const\n * @type {number}\n */\nvar BAZ = 3;\n\n/**\n * @param {SomeX} x\n * @returns {string}\n */\nfunction method(x) {}\n```\n\n##### Invalid\n\n```js\n/** @type {some~number} */\nvar x = 1;\n\n/**\n * @param {function(redundantName: Number)} x\n */\nfunction method(x) {}\n\n/**\n * @param {Number|Boolean|object|array} x invalid for strictNativeCase\n */\nfunction method(x) {}\n```\n\n```js\n/** @type {some~number} */\nvar x = 1;\n```\n\n### checkRedundantAccess\n\nReports redundant access declarations.\n\nType: `Boolean` or `String`\n\nValues: `true` or `\"enforceLeadingUnderscore\"` or `\"enforceTrailingUnderscore\"`\n\nContext: `functions`\n\nTags: `access`, `private`, `protected`, `public`\n\n#### Example\n\n```js\n\"checkRedundantAccess\": true\n\"checkRedundantAccess\": \"enforceLeadingUnderscore\"\n```\n\n##### Valid for true, \"enforceLeadingUnderscore\"\n\n```js\n/**\n * @access private\n */\nfunction _f() {}\n\n/**\n * @access public\n */\nfunction f() {}\n```\n\n##### Invalid for true\n\n```js\n/**\n * @private\n * @access private\n */\nfunction _f() {}\n```\n\n##### Invalid for \"enforceLeadingUnderscore\"\n\n```js\n/**\n * @private\n */\nfunction _f() {}\n```\n\n### leadingUnderscoreAccess\n\nChecks access declaration is set for `_underscored` function names\n\nIgnores a bunch of popular identifiers:\n`__filename`, `__dirname`, `__proto__`, `__defineGetter__`, `super_`,\n`__constructor`, etc.\n\nType: `Boolean` or `String`\n\nValues: `true` (means not public), `\"private\"`, `\"protected\"`\n\nContext: `functions`\n\nTags: `access`, `private`, `protected`, `public`\n\n#### Example\n\n```js\n\"leadingUnderscoreAccess\": \"protected\"\n```\n\n##### Valid\n\n```js\n/**\n * @protected\n */\nfunction _f() {}\n```\n\n##### Invalid\n\n```js\nfunction _g() {}\n\n/**\n * @private\n */\nfunction _e() {}\n```\n\n### enforceExistence\n\nChecks jsdoc block exists.\n\nType: `Boolean`, `String` or `Object`\n\nValues:\n- `true`\n- `\"exceptExports\"` (*deprecated* use `\"allExcept\": [\"exports\"]`)\n- `Object`:\n  - `\"allExcept\"` array of exceptions:\n    - `\"expressions\"` skip expression functions\n    - `\"exports\"` skip `module.exports = function () {};`\n    - `\"paramless-procedures\"` functions without parameters and with empty\n      return statements will be skipped\n\nContext: `functions`\n\n#### Example\n\n```js\n\"enforceExistence\": true\n```\n\n##### Valid\n\n```js\n/**\n * @protected\n */\nfunction _f() {}\n```\n\n##### Invalid\n\n```js\nfunction _g() {}\n```\n\n\n### requireHyphenBeforeDescription\n\nChecks a param description has a hyphen before it (checks for `- `).\n\nType: `Boolean`\n\nValues: `true`\n\nContext: `functions`\n\nTags: `param`, `arg`, `argument`\n\n#### Example\n\n```js\n\"requireHyphenBeforeDescription\": true\n```\n\n##### Valid\n\n```js\n/**\n * @param {String} - message\n */\nfunction method() {}\n```\n\n##### Invalid\n\n```js\n/**\n * @param {String} message\n */\nfunction method() {}\n```\n\n\n### requireNewlineAfterDescription\n\nChecks a doc comment description has padding newline.\n\nType: `Boolean`\n\nValues: `true`\n\nContext: `functions`\n\nTags: `*`\n\n#### Example\n\n```js\n\"requireNewlineAfterDescription\": true\n```\n\n##### Valid\n\n```js\n/**\n * @param {String} msg - message\n */\nfunction method(msg) {}\n\n/**\n * Description\n */\nfunction method() {}\n\n/**\n * Description\n *\n * @param {String} msg - message\n */\nfunction method(msg) {}\n```\n\n##### Invalid\n\n```js\n/**\n * Description\n * @param {String} message\n */\nfunction method() {}\n```\n\n\n### disallowNewlineAfterDescription\n\nChecks a doc comment description has no padding newlines.\n\nType: `Boolean`\n\nValues: `true`\n\nContext: `functions`\n\nTags: `*`\n\n#### Example\n\n```js\n\"disallowNewlineAfterDescription\": true\n```\n\n##### Valid\n\n```js\n/**\n * @param {String} msg - message\n */\nfunction method(msg) {}\n\n/**\n * Description\n */\nfunction method() {}\n\n/**\n * Description\n * @param {String} msg - message\n */\nfunction method(msg) {}\n```\n\n##### Invalid\n\n```js\n/**\n * Description\n *\n * @param {String} message\n */\nfunction method(message) {}\n```\n\n\n### requireDescriptionCompleteSentence\n\nChecks a doc comment description is a complete sentence.\n\nA complete sentence is defined as starting with an upper case letter and ending\nwith a period.\n\nType: `Boolean`\n\nValues: `true`\n\nContext: `functions`\n\nTags: `*`\n\n#### Example\n\n```js\n\"requireDescriptionCompleteSentence\": true\n```\n\n##### Valid\n\n```js\n/**\n * @param {String} msg - message\n */\nfunction method(msg) {}\n\n/**\n * Description.\n */\nfunction method() {}\n\n/**\n * (Description).\n */\nfunction method() {}\n\n/**\n * Description.\n *\n * @param {String} msg - message\n */\nfunction method(msg) {}\n\n/**\n * Description\n * on multiple lines are allowed.\n *\n * @param {String} msg - message\n */\nfunction method(msg) {}\n```\n\n##### Invalid\n\n```js\n/**\n * Description\n * @param {String} message\n */\nfunction method() {}\n\n/**\n * Description\n * On multiple lines should not start with an upper case.\n *\n * @param {String} - message\n */\nfunction method() {}\n\n/**\n * description starting with a lower case letter.\n * @param {String} message\n */\nfunction method() {}\n\n/**\n * Description period is offset .\n * @param {String} message\n */\nfunction method() {}\n\n/**\n * Description!\n * @param {String} message\n */\nfunction method() {}\n```\n\n\n### requireParamDescription\n\nChecks a param description exists.\n\nType: `Boolean`\n\nValues: `true`\n\nContext: `functions`\n\nTags: `param`, `arg`, `argument`\n\n#### Example\n\n```js\n\"requireParamDescription\": true\n```\n\n##### Valid\n\n```js\n/**\n * @param {String} arg message\n */\nfunction method(arg) {}\n\n/**\n * @param arg message\n */\nfunction method(arg) {}\n```\n\n##### Invalid\n\n```js\n/**\n * @param {String} arg\n */\nfunction method(arg) {}\n\n/**\n * @param arg\n */\nfunction method(arg) {}\n```\n\n\n### requireReturnDescription\n\nChecks a return description exists.\n\nType: `Boolean`\n\nValues: `true`\n\nContext: `functions`\n\nTags: `return`, `returns`\n\n#### Example\n\n```js\n\"requireReturnDescription\": true\n```\n\n##### Valid\n\n```js\n/**\n * @returns {Boolean} Method result.\n */\nfunction method() {\n  return false;\n}\n\n/**\n * @returns {String} method result\n */\nfunction method() {\n  return 'Hello!';\n}\n```\n\n##### Invalid\n\n```js\n/**\n * @returns {Boolean}\n */\nfunction method() {\n  return false;\n}\n```\n","versions":{"0.0.1":{"name":"jscs-jsdoc","author":{"name":"Alexej Yaroshevich","email":"alex@qfox.ru"},"description":"JSCS jsdoc plugin","version":"0.0.1","main":"lib/index","homepage":"https://github.com/zxqfox/jscs-jsdoc","license":"MIT","repository":{"type":"git","url":"https://github.com/zxqfox/jscs-jsdoc"},"bugs":{"url":"https://github.com/zxqfox/jscs-jsdoc/issues"},"contributors":[{"name":"Alexej Yaroshevich","email":"alex@qfox.ru"}],"engines":{"node":">= 0.8.0"},"dependencies":{"doctrine":"~0.5.0"},"devDependencies":{"jscs":"~1.3.0","jshint":"~2.4.4","browserify":"~3.30.2","mocha":"~1.17.1"},"peerDependencies":{"jscs":"1.3.x"},"scripts":{"lint":"jshint . && jscs lib test","test":"npm run lint && mocha -u bdd -R spec"},"files":["lib","LICENSE"],"licenses":[{"type":"MIT","url":"http://github.com/zxqfox/jscs-jsdoc/raw/master/LICENSE"}],"_id":"jscs-jsdoc@0.0.1","dist":{"shasum":"3a3b5aed383a12e0cf54a5432ab7578381e9628e","tarball":"https://registry.npmjs.org/jscs-jsdoc/-/jscs-jsdoc-0.0.1.tgz"},"_from":".","_npmVersion":"1.3.11","_npmUser":{"name":"qfox","email":"zxqfox@gmail.com"},"maintainers":[{"name":"qfox","email":"zxqfox@gmail.com"}],"directories":{}},"0.0.2":{"name":"jscs-jsdoc","author":{"name":"Alexej Yaroshevich","email":"alex@qfox.ru"},"description":"JSCS jsdoc plugin","version":"0.0.2","main":"lib/index","homepage":"https://github.com/zxqfox/jscs-jsdoc","license":"MIT","repository":{"type":"git","url":"https://github.com/zxqfox/jscs-jsdoc"},"bugs":{"url":"https://github.com/zxqfox/jscs-jsdoc/issues"},"contributors":[{"name":"Alexej Yaroshevich","email":"alex@qfox.ru"}],"engines":{"node":">= 0.8.0"},"dependencies":{"doctrine":"~0.5.0"},"devDependencies":{"jscs":"~1.3.0","jshint":"~2.4.4","browserify":"~3.30.2","mocha":"~1.17.1"},"peerDependencies":{"jscs":"1.3.x"},"scripts":{"lint":"jshint . && jscs lib test","test":"npm run lint && mocha -u bdd -R spec","browserify":"browserify --standalone JscsPluginJsdoc lib/index.js -o jscs-jsdoc-browser.js"},"files":["lib","LICENSE"],"licenses":[{"type":"MIT","url":"http://github.com/zxqfox/jscs-jsdoc/raw/master/LICENSE"}],"_id":"jscs-jsdoc@0.0.2","dist":{"shasum":"0b61257924fbc9cc6346b725250d78784a877b51","tarball":"https://registry.npmjs.org/jscs-jsdoc/-/jscs-jsdoc-0.0.2.tgz"},"_from":".","_npmVersion":"1.4.6","_npmUser":{"name":"qfox","email":"zxqfox@gmail.com"},"maintainers":[{"name":"qfox","email":"zxqfox@gmail.com"}],"directories":{}},"0.0.3":{"name":"jscs-jsdoc","author":{"name":"Alexej Yaroshevich","email":"alex@qfox.ru"},"description":"JSCS jsdoc plugin","version":"0.0.3","main":"lib/index","homepage":"https://github.com/zxqfox/jscs-jsdoc","license":"MIT","repository":{"type":"git","url":"https://github.com/zxqfox/jscs-jsdoc"},"bugs":{"url":"https://github.com/zxqfox/jscs-jsdoc/issues"},"contributors":[{"name":"Alexej Yaroshevich","email":"alex@qfox.ru"}],"engines":{"node":">= 0.8.0"},"dependencies":{"doctrine":"~0.5.0"},"devDependencies":{"jscs":">=1.3.0 <2.0","jshint":"~2.4.4","browserify":"~3.30.2","mocha":"~1.17.1"},"peerDependencies":{"jscs":">=1.3.0 <2.0"},"scripts":{"lint":"jshint . && jscs lib test","test":"npm run lint && mocha -u bdd -R spec","browserify":"browserify --standalone JscsPluginJsdoc lib/index.js -o jscs-jsdoc-browser.js"},"files":["lib","LICENSE"],"licenses":[{"type":"MIT","url":"http://github.com/zxqfox/jscs-jsdoc/raw/master/LICENSE"}],"_id":"jscs-jsdoc@0.0.3","dist":{"shasum":"dea25dd02d3318a903f9148926d52e1a5b4156be","tarball":"https://registry.npmjs.org/jscs-jsdoc/-/jscs-jsdoc-0.0.3.tgz"},"_from":".","_npmVersion":"1.4.6","_npmUser":{"name":"qfox","email":"zxqfox@gmail.com"},"maintainers":[{"name":"qfox","email":"zxqfox@gmail.com"}],"directories":{}},"0.0.4":{"name":"jscs-jsdoc","author":{"name":"Alexej Yaroshevich","email":"alex@qfox.ru"},"description":"JSCS jsdoc plugin","version":"0.0.4","main":"lib/index","homepage":"https://github.com/zxqfox/jscs-jsdoc","license":"MIT","repository":{"type":"git","url":"https://github.com/zxqfox/jscs-jsdoc"},"bugs":{"url":"https://github.com/zxqfox/jscs-jsdoc/issues"},"contributors":[{"name":"Alexej Yaroshevich","email":"alex@qfox.ru"}],"engines":{"node":">= 0.8.0"},"dependencies":{"doctrine":"~0.5.0"},"devDependencies":{"jscs":">=1.3.0 <2.0","jshint":"~2.4.4","browserify":"~3.30.2","mocha":"~1.17.1"},"peerDependencies":{"jscs":">=1.3.0 <2.0"},"scripts":{"lint":"jshint . && jscs lib test","test":"npm run lint && mocha -u bdd -R spec","browserify":"browserify --standalone JscsPluginJsdoc lib/index.js -o jscs-jsdoc-browser.js"},"files":["lib","LICENSE"],"licenses":[{"type":"MIT","url":"http://github.com/zxqfox/jscs-jsdoc/raw/master/LICENSE"}],"_id":"jscs-jsdoc@0.0.4","dist":{"shasum":"9c0773aa352505ab0b45a94b65b6969c1bec763c","tarball":"https://registry.npmjs.org/jscs-jsdoc/-/jscs-jsdoc-0.0.4.tgz"},"_from":".","_npmVersion":"1.4.6","_npmUser":{"name":"qfox","email":"zxqfox@gmail.com"},"maintainers":[{"name":"qfox","email":"zxqfox@gmail.com"}],"directories":{}},"0.0.5":{"name":"jscs-jsdoc","author":{"name":"Alexej Yaroshevich","email":"alex@qfox.ru"},"description":"JSCS jsdoc plugin","version":"0.0.5","main":"lib/index","homepage":"https://github.com/zxqfox/jscs-jsdoc","license":"MIT","repository":{"type":"git","url":"https://github.com/zxqfox/jscs-jsdoc"},"bugs":{"url":"https://github.com/zxqfox/jscs-jsdoc/issues"},"contributors":[{"name":"Alexej Yaroshevich","email":"alex@qfox.ru"}],"engines":{"node":">= 0.8.0"},"dependencies":{"doctrine":"~0.5.0"},"devDependencies":{"jscs":">=1.3.0 <2.0","jshint":"~2.4.4","browserify":"~3.30.2","mocha":"~1.17.1"},"peerDependencies":{"jscs":">=1.3.0 <2.0"},"scripts":{"lint":"jshint . && jscs lib test","test":"npm run lint && mocha -u bdd -R spec","browserify":"browserify --standalone JscsPluginJsdoc lib/index.js -o jscs-jsdoc-browser.js"},"files":["lib","LICENSE"],"licenses":[{"type":"MIT","url":"http://github.com/zxqfox/jscs-jsdoc/raw/master/LICENSE"}],"_id":"jscs-jsdoc@0.0.5","dist":{"shasum":"b2b44b004d544e3ceb84cb35c01294860f9537c6","tarball":"https://registry.npmjs.org/jscs-jsdoc/-/jscs-jsdoc-0.0.5.tgz"},"_from":".","_npmVersion":"1.4.6","_npmUser":{"name":"qfox","email":"zxqfox@gmail.com"},"maintainers":[{"name":"qfox","email":"zxqfox@gmail.com"}],"directories":{}},"0.0.6":{"name":"jscs-jsdoc","author":{"name":"Alexej Yaroshevich","email":"alex@qfox.ru"},"description":"JSCS jsdoc plugin","version":"0.0.6","main":"lib/index","homepage":"https://github.com/zxqfox/jscs-jsdoc","license":"MIT","repository":{"type":"git","url":"https://github.com/zxqfox/jscs-jsdoc"},"bugs":{"url":"https://github.com/zxqfox/jscs-jsdoc/issues"},"contributors":[{"name":"Alexej Yaroshevich","email":"alex@qfox.ru"}],"engines":{"node":">= 0.8.0"},"dependencies":{"doctrine":"~0.5.0"},"devDependencies":{"jscs":">=1.3.0 <2.0","jshint":"~2.4.4","browserify":"~3.30.2","mocha":"~1.17.1"},"peerDependencies":{"jscs":">=1.3.0 <2.0"},"scripts":{"lint":"jshint . && jscs lib test","test":"npm run lint && mocha -u bdd -R spec","browserify":"browserify --standalone JscsPluginJsdoc lib/index.js -o jscs-jsdoc-browser.js"},"files":["lib","LICENSE"],"licenses":[{"type":"MIT","url":"http://github.com/zxqfox/jscs-jsdoc/raw/master/LICENSE"}],"_id":"jscs-jsdoc@0.0.6","dist":{"shasum":"040494534e4a195b6e6ff481b3cd8b1188fc1727","tarball":"https://registry.npmjs.org/jscs-jsdoc/-/jscs-jsdoc-0.0.6.tgz"},"_from":".","_npmVersion":"1.4.6","_npmUser":{"name":"qfox","email":"zxqfox@gmail.com"},"maintainers":[{"name":"qfox","email":"zxqfox@gmail.com"}],"directories":{}},"0.0.9":{"name":"jscs-jsdoc","author":{"name":"Alexej Yaroshevich","email":"alex@qfox.ru"},"description":"JSCS jsdoc plugin","version":"0.0.9","main":"lib/index","homepage":"https://github.com/zxqfox/jscs-jsdoc","license":"MIT","repository":{"type":"git","url":"https://github.com/zxqfox/jscs-jsdoc"},"bugs":{"url":"https://github.com/zxqfox/jscs-jsdoc/issues"},"contributors":[{"name":"Alexej Yaroshevich","email":"alex@qfox.ru"}],"engines":{"node":">= 0.10.0"},"dependencies":{"comment-parser":"zxqfox/comment-parser#jscs-jsdoc","doctrine":"^0.5.2"},"devDependencies":{"browserify":"~3.30.2","chai":"^1.9.1","esprima":"^1.2.2","jscs":">=1.5.9 <2.0","jshint":"~2.5.4","mocha":"~1.17.1"},"peerDependencies":{"jscs":">=1.3.0 <2.0"},"scripts":{"lint":"jshint . && jscs lib test","test":"npm run lint && mocha","browserify":"browserify --standalone JscsPluginJsdoc lib/index.js -o jscs-jsdoc-browser.js"},"files":["lib","LICENSE"],"licenses":[{"type":"MIT","url":"http://github.com/zxqfox/jscs-jsdoc/raw/master/LICENSE"}],"_id":"jscs-jsdoc@0.0.9","dist":{"shasum":"923536dfd925e519cc8d05b9c1a3030511dfd824","tarball":"https://registry.npmjs.org/jscs-jsdoc/-/jscs-jsdoc-0.0.9.tgz"},"_from":".","_npmVersion":"1.4.6","_npmUser":{"name":"qfox","email":"zxqfox@gmail.com"},"maintainers":[{"name":"qfox","email":"zxqfox@gmail.com"}],"directories":{}},"0.0.10":{"name":"jscs-jsdoc","author":{"name":"Alexej Yaroshevich","email":"alex@qfox.ru"},"description":"JSCS jsdoc plugin","version":"0.0.10","main":"lib/index","homepage":"https://github.com/jscs-dev/jscs-jsdoc","license":"MIT","repository":{"type":"git","url":"https://github.com/jscs-dev/jscs-jsdoc"},"bugs":{"url":"https://github.com/jscs-dev/jscs-jsdoc/issues"},"contributors":[{"name":"Alexej Yaroshevich","email":"alex@qfox.ru"}],"engines":{"node":">= 0.10.0"},"dependencies":{"comment-parser":"zxqfox/comment-parser#jscs-jsdoc","doctrine":"^0.5.2"},"devDependencies":{"browserify":"~3.30.2","chai":"^1.9.1","esprima":"^1.2.2","jscs":">=1.5.9 <2.0","jshint":"~2.5.4","mocha":"~1.17.1"},"peerDependencies":{"jscs":">=1.3.0 <2.0"},"scripts":{"lint":"jshint . && jscs lib test","test":"npm run lint && mocha","browserify":"browserify --standalone JscsPluginJsdoc lib/index.js -o jscs-jsdoc-browser.js"},"files":["lib","LICENSE"],"licenses":[{"type":"MIT","url":"http://github.com/jscs-dev/jscs-jsdoc/raw/master/LICENSE"}],"_id":"jscs-jsdoc@0.0.10","dist":{"shasum":"d5816794bcddde07cc97998fe763271444bd5f70","tarball":"https://registry.npmjs.org/jscs-jsdoc/-/jscs-jsdoc-0.0.10.tgz"},"_from":".","_npmVersion":"1.4.6","_npmUser":{"name":"qfox","email":"zxqfox@gmail.com"},"maintainers":[{"name":"qfox","email":"zxqfox@gmail.com"}],"directories":{}},"0.0.11":{"name":"jscs-jsdoc","author":{"name":"Alexej Yaroshevich","email":"alex@qfox.ru"},"description":"JSCS jsdoc plugin","version":"0.0.11","main":"lib/index","homepage":"https://github.com/jscs-dev/jscs-jsdoc","license":"MIT","repository":{"type":"git","url":"https://github.com/jscs-dev/jscs-jsdoc"},"bugs":{"url":"https://github.com/jscs-dev/jscs-jsdoc/issues"},"contributors":[{"name":"Alexej Yaroshevich","email":"alex@qfox.ru"}],"engines":{"node":">= 0.10.0"},"dependencies":{"comment-parser":"zxqfox/comment-parser#jscs-jsdoc","doctrine":"^0.5.2"},"devDependencies":{"browserify":"~3.30.2","chai":"^1.9.1","esprima":"^1.2.2","jscs":">=1.5.9 <2.0","jshint":"~2.5.4","mocha":"~1.17.1"},"peerDependencies":{"jscs":">=1.3.0 <2.0"},"scripts":{"lint":"jshint . && jscs lib test","test":"npm run lint && mocha","browserify":"browserify --standalone JscsPluginJsdoc lib/index.js -o jscs-jsdoc-browser.js"},"files":["lib","LICENSE"],"licenses":[{"type":"MIT","url":"http://github.com/jscs-dev/jscs-jsdoc/raw/master/LICENSE"}],"_id":"jscs-jsdoc@0.0.11","dist":{"shasum":"9a878f197e58fb9aebfe78cff3afb747443812fc","tarball":"https://registry.npmjs.org/jscs-jsdoc/-/jscs-jsdoc-0.0.11.tgz"},"_from":".","_npmVersion":"1.4.6","_npmUser":{"name":"qfox","email":"zxqfox@gmail.com"},"maintainers":[{"name":"qfox","email":"zxqfox@gmail.com"}],"directories":{}},"0.0.12":{"name":"jscs-jsdoc","author":{"name":"Alexej Yaroshevich","email":"alex@qfox.ru"},"description":"JSCS jsdoc plugin","version":"0.0.12","main":"lib/index","homepage":"https://github.com/jscs-dev/jscs-jsdoc","license":"MIT","repository":{"type":"git","url":"https://github.com/jscs-dev/jscs-jsdoc"},"bugs":{"url":"https://github.com/jscs-dev/jscs-jsdoc/issues"},"contributors":[{"name":"Alexej Yaroshevich","email":"alex@qfox.ru"}],"engines":{"node":">= 0.10.0"},"dependencies":{"comment-parser":"zxqfox/comment-parser#jscs-jsdoc","doctrine":"^0.5.2"},"devDependencies":{"browserify":"~3.30.2","chai":"^1.9.1","esprima":"^1.2.2","jscs":">=1.5.9 <2.0","jshint":"~2.5.4","mocha":"~1.17.1"},"peerDependencies":{"jscs":">=1.3.0 <2.0"},"scripts":{"lint":"jshint . && jscs lib test","test":"npm run lint && mocha","browserify":"browserify --standalone JscsPluginJsdoc lib/index.js -o jscs-jsdoc-browser.js"},"files":["lib","LICENSE"],"licenses":[{"type":"MIT","url":"http://github.com/jscs-dev/jscs-jsdoc/raw/master/LICENSE"}],"_id":"jscs-jsdoc@0.0.12","dist":{"shasum":"417afd2deb43637a62d64ad55e75cd96e6c8ccf6","tarball":"https://registry.npmjs.org/jscs-jsdoc/-/jscs-jsdoc-0.0.12.tgz"},"_from":".","_npmVersion":"1.4.6","_npmUser":{"name":"qfox","email":"zxqfox@gmail.com"},"maintainers":[{"name":"qfox","email":"zxqfox@gmail.com"}],"directories":{}},"0.0.13":{"name":"jscs-jsdoc","author":{"name":"Alexej Yaroshevich","email":"alex@qfox.ru"},"description":"JSCS jsdoc plugin","version":"0.0.13","main":"lib/index","homepage":"https://github.com/jscs-dev/jscs-jsdoc","license":"MIT","repository":{"type":"git","url":"https://github.com/jscs-dev/jscs-jsdoc"},"bugs":{"url":"https://github.com/jscs-dev/jscs-jsdoc/issues"},"contributors":[{"name":"Alexej Yaroshevich","email":"alex@qfox.ru"}],"engines":{"node":">= 0.10.0"},"dependencies":{"comment-parser":"0.2.0","doctrine":"^0.5.2"},"devDependencies":{"browserify":"~3.30.2","chai":"^1.9.1","esprima":"^1.2.2","jscs":">=1.5.9 <2.0","jshint":"~2.5.4","mocha":"~1.17.1"},"peerDependencies":{"jscs":">=1.3.0 <2.0"},"scripts":{"lint":"jshint . && jscs lib test","test":"npm run lint && mocha","browserify":"browserify --standalone JscsPluginJsdoc lib/index.js -o jscs-jsdoc-browser.js"},"files":["lib","LICENSE"],"licenses":[{"type":"MIT","url":"http://github.com/jscs-dev/jscs-jsdoc/raw/master/LICENSE"}],"_id":"jscs-jsdoc@0.0.13","dist":{"shasum":"ce877536f8f225635cd4bc1c56850ca119649eae","tarball":"https://registry.npmjs.org/jscs-jsdoc/-/jscs-jsdoc-0.0.13.tgz"},"_from":".","_npmVersion":"1.4.6","_npmUser":{"name":"qfox","email":"zxqfox@gmail.com"},"maintainers":[{"name":"qfox","email":"zxqfox@gmail.com"}],"directories":{}},"0.0.14":{"name":"jscs-jsdoc","author":{"name":"Alexej Yaroshevich","email":"alex@qfox.ru"},"description":"JSCS jsdoc plugin","version":"0.0.14","main":"lib/index","homepage":"https://github.com/jscs-dev/jscs-jsdoc","license":"MIT","repository":{"type":"git","url":"https://github.com/jscs-dev/jscs-jsdoc"},"bugs":{"url":"https://github.com/jscs-dev/jscs-jsdoc/issues"},"contributors":[{"name":"Alexej Yaroshevich","email":"alex@qfox.ru"}],"engines":{"node":">= 0.10.0"},"dependencies":{"comment-parser":"0.2.0","doctrine":"^0.5.2"},"devDependencies":{"browserify":"~3.30.2","chai":"^1.9.1","esprima":"^1.2.2","jscs":">=1.5.9 <2.0","jshint":"~2.5.4","mocha":"~1.17.1"},"peerDependencies":{"jscs":">=1.3.0 <2.0"},"scripts":{"lint":"jshint . && jscs lib test","test":"npm run lint && mocha","browserify":"browserify --standalone JscsPluginJsdoc lib/index.js -o jscs-jsdoc-browser.js"},"files":["lib","LICENSE"],"licenses":[{"type":"MIT","url":"http://github.com/jscs-dev/jscs-jsdoc/raw/master/LICENSE"}],"_id":"jscs-jsdoc@0.0.14","dist":{"shasum":"01c19556b4e5339fdf90578de9c5efc300ab6e9a","tarball":"https://registry.npmjs.org/jscs-jsdoc/-/jscs-jsdoc-0.0.14.tgz"},"_from":".","_npmVersion":"1.4.6","_npmUser":{"name":"qfox","email":"zxqfox@gmail.com"},"maintainers":[{"name":"qfox","email":"zxqfox@gmail.com"}],"directories":{}},"0.0.15":{"name":"jscs-jsdoc","author":{"name":"Alexej Yaroshevich","email":"alex@qfox.ru"},"description":"JSCS jsdoc plugin","version":"0.0.15","main":"lib/index","homepage":"https://github.com/jscs-dev/jscs-jsdoc","license":"MIT","repository":{"type":"git","url":"https://github.com/jscs-dev/jscs-jsdoc"},"bugs":{"url":"https://github.com/jscs-dev/jscs-jsdoc/issues"},"contributors":[{"name":"Alexej Yaroshevich","email":"alex@qfox.ru"}],"engines":{"node":">= 0.10.0"},"dependencies":{"comment-parser":"0.2.1","doctrine":"^0.5.2"},"devDependencies":{"browserify":"~3.30.2","chai":"^1.9.1","esprima":"^1.2.2","jscs":">=1.5.9 <2.0","jshint":"~2.5.4","mocha":"~1.17.1"},"peerDependencies":{"jscs":">=1.3.0 <2.0"},"scripts":{"lint":"jshint . && jscs lib test","test":"npm run lint && mocha","browserify":"browserify --standalone JscsPluginJsdoc lib/index.js -o jscs-jsdoc-browser.js"},"files":["lib","LICENSE"],"licenses":[{"type":"MIT","url":"http://github.com/jscs-dev/jscs-jsdoc/raw/master/LICENSE"}],"_id":"jscs-jsdoc@0.0.15","dist":{"shasum":"720f56e13f980c76891999f67a7efca846f070ed","tarball":"https://registry.npmjs.org/jscs-jsdoc/-/jscs-jsdoc-0.0.15.tgz"},"_from":".","_npmVersion":"1.4.6","_npmUser":{"name":"qfox","email":"zxqfox@gmail.com"},"maintainers":[{"name":"qfox","email":"zxqfox@gmail.com"}],"directories":{}},"0.0.16":{"name":"jscs-jsdoc","author":{"name":"Alexej Yaroshevich","email":"alex@qfox.ru"},"description":"JSCS jsdoc plugin","version":"0.0.16","main":"lib/index","homepage":"https://github.com/jscs-dev/jscs-jsdoc","license":"MIT","repository":{"type":"git","url":"https://github.com/jscs-dev/jscs-jsdoc"},"bugs":{"url":"https://github.com/jscs-dev/jscs-jsdoc/issues"},"contributors":[{"name":"Alexej Yaroshevich","email":"alex@qfox.ru"}],"engines":{"node":">= 0.10.0"},"dependencies":{"comment-parser":"0.2.1","doctrine":"^0.5.2"},"devDependencies":{"browserify":"~3.30.2","chai":"^1.9.1","esprima":"^1.2.2","jscs":">=1.5.9 <2.0","jshint":"~2.5.4","mocha":"~1.17.1"},"peerDependencies":{"jscs":">=1.3.0 <2.0"},"scripts":{"lint":"jshint . && jscs lib test","test":"npm run lint && mocha","browserify":"browserify --standalone JscsPluginJsdoc lib/index.js -o jscs-jsdoc-browser.js"},"files":["lib","LICENSE"],"licenses":[{"type":"MIT","url":"http://github.com/jscs-dev/jscs-jsdoc/raw/master/LICENSE"}],"_id":"jscs-jsdoc@0.0.16","dist":{"shasum":"d6c1df63f8661c83d18ebc79d892da3a6efa3f82","tarball":"https://registry.npmjs.org/jscs-jsdoc/-/jscs-jsdoc-0.0.16.tgz"},"_from":".","_npmVersion":"1.4.6","_npmUser":{"name":"qfox","email":"zxqfox@gmail.com"},"maintainers":[{"name":"qfox","email":"zxqfox@gmail.com"}],"directories":{}},"0.0.17":{"name":"jscs-jsdoc","author":{"name":"Alexej Yaroshevich","email":"alex@qfox.ru"},"description":"JSCS jsdoc plugin","version":"0.0.17","main":"lib/index","homepage":"https://github.com/jscs-dev/jscs-jsdoc","license":"MIT","repository":{"type":"git","url":"https://github.com/jscs-dev/jscs-jsdoc"},"bugs":{"url":"https://github.com/jscs-dev/jscs-jsdoc/issues"},"contributors":[{"name":"Alexej Yaroshevich","email":"alex@qfox.ru"}],"engines":{"node":">= 0.10.0"},"dependencies":{"comment-parser":"^0.2.2","jsdoctypeparser":"^1.1.3"},"devDependencies":{"browserify":"~3.30.2","chai":"^1.9.1","esprima":"^1.2.2","jscs":">=1.5.9 <2.0","jshint":"~2.5.4","mocha":"~1.17.1"},"peerDependencies":{"jscs":">=1.3.0 <2.0"},"scripts":{"lint":"jshint lib test && jscs lib test","test":"npm run lint && mocha","browserify":"browserify --standalone JscsPluginJsdoc lib/index.js -o jscs-jsdoc-browser.js"},"files":["lib","LICENSE"],"licenses":[{"type":"MIT","url":"http://github.com/jscs-dev/jscs-jsdoc/raw/master/LICENSE"}],"_id":"jscs-jsdoc@0.0.17","dist":{"shasum":"1aacde570a72313318dd73fd4894ea2edfdb6255","tarball":"https://registry.npmjs.org/jscs-jsdoc/-/jscs-jsdoc-0.0.17.tgz"},"_from":".","_npmVersion":"1.4.6","_npmUser":{"name":"qfox","email":"zxqfox@gmail.com"},"maintainers":[{"name":"qfox","email":"zxqfox@gmail.com"}],"directories":{}},"0.0.18":{"name":"jscs-jsdoc","author":{"name":"Alexej Yaroshevich","email":"alex@qfox.ru"},"description":"JSCS jsdoc plugin","version":"0.0.18","main":"lib/index","homepage":"https://github.com/jscs-dev/jscs-jsdoc","license":"MIT","repository":{"type":"git","url":"https://github.com/jscs-dev/jscs-jsdoc"},"bugs":{"url":"https://github.com/jscs-dev/jscs-jsdoc/issues"},"contributors":[{"name":"Alexej Yaroshevich","email":"alex@qfox.ru"}],"engines":{"node":">= 0.10.0"},"dependencies":{"comment-parser":"^0.2.2","jsdoctypeparser":"^1.1.3"},"devDependencies":{"browserify":"~3.30.2","chai":"^1.9.1","esprima":"^1.2.2","jscs":">=1.5.9 <2.0","jshint":"~2.5.4","mocha":"~1.17.1"},"peerDependencies":{"jscs":">=1.3.0 <2.0"},"scripts":{"lint":"jshint lib test && jscs lib test","test":"npm run lint && mocha","browserify":"browserify --standalone JscsPluginJsdoc lib/index.js -o jscs-jsdoc-browser.js"},"files":["lib","LICENSE"],"licenses":[{"type":"MIT","url":"http://github.com/jscs-dev/jscs-jsdoc/raw/master/LICENSE"}],"_id":"jscs-jsdoc@0.0.18","dist":{"shasum":"9037690977e258092952420a0ceac8cadcca8848","tarball":"https://registry.npmjs.org/jscs-jsdoc/-/jscs-jsdoc-0.0.18.tgz"},"_from":".","_npmVersion":"1.4.6","_npmUser":{"name":"qfox","email":"zxqfox@gmail.com"},"maintainers":[{"name":"qfox","email":"zxqfox@gmail.com"}],"directories":{}},"0.0.20":{"name":"jscs-jsdoc","author":{"name":"Alexej Yaroshevich","email":"alex@qfox.ru"},"description":"JSCS jsdoc plugin","version":"0.0.20","main":"lib/index","homepage":"https://github.com/jscs-dev/jscs-jsdoc","license":"MIT","repository":{"type":"git","url":"https://github.com/jscs-dev/jscs-jsdoc"},"bugs":{"url":"https://github.com/jscs-dev/jscs-jsdoc/issues"},"contributors":[{"name":"Alexej Yaroshevich","email":"alex@qfox.ru"}],"engines":{"node":">= 0.10.0"},"dependencies":{"comment-parser":"^0.2.2","jsdoctypeparser":"^1.1.3"},"devDependencies":{"browserify":"~3.30.2","chai":"^1.9.1","esprima":"^1.2.2","jscs":">=1.5.9 <2.0","jshint":"~2.5.4","mocha":"~1.17.1"},"peerDependencies":{"jscs":">=1.3.0 <2.0"},"scripts":{"lint":"jshint lib test && jscs lib test","test":"npm run lint && mocha","browserify":"browserify --standalone JscsPluginJsdoc lib/index.js -o jscs-jsdoc-browser.js"},"files":["lib","LICENSE"],"licenses":[{"type":"MIT","url":"http://github.com/jscs-dev/jscs-jsdoc/raw/master/LICENSE"}],"_id":"jscs-jsdoc@0.0.20","dist":{"shasum":"634ef170fbe7afc750b8b6e9f9c1a2985318c645","tarball":"https://registry.npmjs.org/jscs-jsdoc/-/jscs-jsdoc-0.0.20.tgz"},"_from":".","_npmVersion":"1.4.6","_npmUser":{"name":"qfox","email":"zxqfox@gmail.com"},"maintainers":[{"name":"qfox","email":"zxqfox@gmail.com"}],"directories":{}},"0.0.21":{"name":"jscs-jsdoc","author":{"name":"Alexej Yaroshevich","email":"alex@qfox.ru"},"description":"JSCS jsdoc plugin","version":"0.0.21","main":"lib/index","homepage":"https://github.com/jscs-dev/jscs-jsdoc","license":"MIT","repository":{"type":"git","url":"https://github.com/jscs-dev/jscs-jsdoc"},"bugs":{"url":"https://github.com/jscs-dev/jscs-jsdoc/issues"},"contributors":[{"name":"Alexej Yaroshevich","email":"alex@qfox.ru"}],"engines":{"node":">= 0.10.0"},"dependencies":{"comment-parser":"^0.2.2","jsdoctypeparser":"^1.1.3"},"devDependencies":{"browserify":"~3.30.2","chai":"^1.9.1","esprima":"^1.2.2","jscs":">=1.5.9 <2.0","jshint":"~2.5.4","mocha":"~1.17.1"},"peerDependencies":{"jscs":">=1.3.0 <2.0"},"scripts":{"lint":"jshint lib test && jscs lib test","test":"npm run lint && mocha","browserify":"browserify --standalone JscsPluginJsdoc lib/index.js -o jscs-jsdoc-browser.js"},"files":["lib","LICENSE"],"licenses":[{"type":"MIT","url":"http://github.com/jscs-dev/jscs-jsdoc/raw/master/LICENSE"}],"_id":"jscs-jsdoc@0.0.21","dist":{"shasum":"01de40cf3af8eba921b3b3952a2cbec4b7424397","tarball":"https://registry.npmjs.org/jscs-jsdoc/-/jscs-jsdoc-0.0.21.tgz"},"_from":".","_npmVersion":"1.4.6","_npmUser":{"name":"qfox","email":"zxqfox@gmail.com"},"maintainers":[{"name":"qfox","email":"zxqfox@gmail.com"}],"directories":{}},"0.0.22":{"name":"jscs-jsdoc","author":{"name":"Alexej Yaroshevich","email":"alex@qfox.ru"},"description":"JSCS jsdoc plugin","version":"0.0.22","main":"lib/index","homepage":"https://github.com/jscs-dev/jscs-jsdoc","license":"MIT","repository":{"type":"git","url":"https://github.com/jscs-dev/jscs-jsdoc"},"bugs":{"url":"https://github.com/jscs-dev/jscs-jsdoc/issues"},"contributors":[{"name":"Alexej Yaroshevich","email":"alex@qfox.ru"}],"engines":{"node":">= 0.10.0"},"dependencies":{"comment-parser":"^0.2.2","jsdoctypeparser":"^1.1.3"},"devDependencies":{"browserify":"~3.30.2","chai":"^1.9.1","esprima":"^1.2.2","jscs":">=1.5.9 <2.0","jshint":"~2.5.4","mocha":"~1.17.1"},"peerDependencies":{"jscs":">=1.3.0 <2.0"},"scripts":{"lint":"jshint lib test && jscs lib test","test":"npm run lint && mocha","browserify":"browserify --standalone JscsPluginJsdoc lib/index.js -o jscs-jsdoc-browser.js"},"files":["lib","LICENSE"],"licenses":[{"type":"MIT","url":"http://github.com/jscs-dev/jscs-jsdoc/raw/master/LICENSE"}],"_id":"jscs-jsdoc@0.0.22","dist":{"shasum":"b494c3207e84d88b8b191dcdf8c08e4179d765d0","tarball":"https://registry.npmjs.org/jscs-jsdoc/-/jscs-jsdoc-0.0.22.tgz"},"_from":".","_npmVersion":"1.4.6","_npmUser":{"name":"qfox","email":"zxqfox@gmail.com"},"maintainers":[{"name":"qfox","email":"zxqfox@gmail.com"}],"directories":{}},"0.0.23":{"name":"jscs-jsdoc","author":{"name":"Alexej Yaroshevich","email":"alex@qfox.ru"},"description":"JSCS jsdoc plugin","version":"0.0.23","main":"lib/index","homepage":"https://github.com/jscs-dev/jscs-jsdoc","license":"MIT","repository":{"type":"git","url":"https://github.com/jscs-dev/jscs-jsdoc"},"bugs":{"url":"https://github.com/jscs-dev/jscs-jsdoc/issues"},"contributors":[{"name":"Alexej Yaroshevich","email":"alex@qfox.ru"}],"engines":{"node":">= 0.10.0"},"dependencies":{"comment-parser":"^0.2.2","jsdoctypeparser":"^1.1.3"},"devDependencies":{"browserify":"~3.30.2","chai":"^1.9.1","esprima":"^1.2.2","jscs":">=1.5.9 <2.0","jshint":"~2.5.4","mocha":"~1.17.1"},"peerDependencies":{"jscs":">=1.3.0 <2.0"},"scripts":{"lint":"jshint lib test && jscs lib test","test":"npm run lint && mocha","browserify":"browserify --standalone JscsPluginJsdoc lib/index.js -o jscs-jsdoc-browser.js"},"files":["lib","LICENSE"],"licenses":[{"type":"MIT","url":"http://github.com/jscs-dev/jscs-jsdoc/raw/master/LICENSE"}],"_id":"jscs-jsdoc@0.0.23","dist":{"shasum":"bfba85c42d637b301e7e800bd664d7b40baedfbf","tarball":"https://registry.npmjs.org/jscs-jsdoc/-/jscs-jsdoc-0.0.23.tgz"},"_from":".","_npmVersion":"1.4.6","_npmUser":{"name":"qfox","email":"zxqfox@gmail.com"},"maintainers":[{"name":"qfox","email":"zxqfox@gmail.com"}],"directories":{}},"0.0.24":{"name":"jscs-jsdoc","author":{"name":"Alexej Yaroshevich","email":"alex@qfox.ru"},"description":"JSCS jsdoc plugin","version":"0.0.24","main":"lib/index","homepage":"https://github.com/jscs-dev/jscs-jsdoc","license":"MIT","repository":{"type":"git","url":"https://github.com/jscs-dev/jscs-jsdoc"},"bugs":{"url":"https://github.com/jscs-dev/jscs-jsdoc/issues"},"contributors":[{"name":"Alexej Yaroshevich","email":"alex@qfox.ru"}],"engines":{"node":">= 0.10.0"},"dependencies":{"comment-parser":"^0.2.2","jsdoctypeparser":"^1.1.3"},"devDependencies":{"browserify":"~3.30.2","chai":"^1.9.1","esprima":"^1.2.2","jscs":">=1.5.9 <2.0","jshint":"~2.5.4","mocha":"~1.17.1"},"peerDependencies":{"jscs":">=1.3.0 <2.0"},"scripts":{"lint":"jshint lib test && jscs lib test","test":"npm run lint && mocha","browserify":"browserify --standalone JscsPluginJsdoc lib/index.js -o jscs-jsdoc-browser.js"},"files":["lib","LICENSE"],"licenses":[{"type":"MIT","url":"http://github.com/jscs-dev/jscs-jsdoc/raw/master/LICENSE"}],"_id":"jscs-jsdoc@0.0.24","dist":{"shasum":"2d852692a2f61e01101c6fa636fd66ed5491fdc1","tarball":"https://registry.npmjs.org/jscs-jsdoc/-/jscs-jsdoc-0.0.24.tgz"},"_from":".","_npmVersion":"1.4.6","_npmUser":{"name":"qfox","email":"zxqfox@gmail.com"},"maintainers":[{"name":"qfox","email":"zxqfox@gmail.com"}],"directories":{}},"0.1.0":{"name":"jscs-jsdoc","author":{"name":"Alexej Yaroshevich","email":"alex@qfox.ru"},"description":"JSCS jsdoc plugin","version":"0.1.0","main":"lib/index","homepage":"https://github.com/jscs-dev/jscs-jsdoc","license":"MIT","repository":{"type":"git","url":"https://github.com/jscs-dev/jscs-jsdoc"},"bugs":{"url":"https://github.com/jscs-dev/jscs-jsdoc/issues"},"contributors":[{"name":"Alexej Yaroshevich","email":"alex@qfox.ru"},{"name":"Henry Zhu","email":"hi@henryzoo.com"},{"name":"Christopher Hiller","email":"chiller@badwing.com"},{"name":"Raphael Pigulla","email":"raphael.pigulla@tngtech.com"}],"engines":{"node":">= 0.10.0"},"dependencies":{"comment-parser":"zxqfox/comment-parser#jscs-jsdoc","jsdoctypeparser":"^1.1.3"},"devDependencies":{"browserify":"~3.30.2","chai":"^1.9.1","esprima":"^1.2.2","jscs":">=1.5.9 <2.0","jshint":"~2.5.4","mocha":"~1.17.1"},"peerDependencies":{"jscs":">=1.3.0 <2.0"},"scripts":{"lint":"jshint lib test && jscs lib test","test":"npm run lint && mocha","browserify":"browserify --standalone JscsPluginJsdoc lib/index.js -o jscs-jsdoc-browser.js"},"files":["lib","LICENSE"],"licenses":[{"type":"MIT","url":"http://github.com/jscs-dev/jscs-jsdoc/raw/master/LICENSE"}],"gitHead":"eac5f71bffa650ee492daaebfeef087e73dde566","_id":"jscs-jsdoc@0.1.0","_shasum":"c194b64e9d7e1661d0f0544ccbee26abee43730c","_from":".","_npmVersion":"1.4.28","_npmUser":{"name":"qfox","email":"zxqfox@gmail.com"},"maintainers":[{"name":"qfox","email":"zxqfox@gmail.com"}],"dist":{"shasum":"c194b64e9d7e1661d0f0544ccbee26abee43730c","tarball":"https://registry.npmjs.org/jscs-jsdoc/-/jscs-jsdoc-0.1.0.tgz"},"directories":{}},"0.1.1":{"name":"jscs-jsdoc","author":{"name":"Alexej Yaroshevich","email":"alex@qfox.ru"},"description":"JSCS jsdoc plugin","version":"0.1.1","main":"lib/index","homepage":"https://github.com/jscs-dev/jscs-jsdoc","license":"MIT","repository":{"type":"git","url":"https://github.com/jscs-dev/jscs-jsdoc"},"bugs":{"url":"https://github.com/jscs-dev/jscs-jsdoc/issues"},"contributors":[{"name":"Alexej Yaroshevich","email":"alex@qfox.ru"},{"name":"Henry Zhu","email":"hi@henryzoo.com"},{"name":"Christopher Hiller","email":"chiller@badwing.com"},{"name":"Raphael Pigulla","email":"raphael.pigulla@tngtech.com"}],"engines":{"node":">= 0.10.0"},"dependencies":{"comment-parser":"zxqfox/comment-parser#jscs-jsdoc","jsdoctypeparser":"^1.1.3"},"devDependencies":{"browserify":"~3.30.2","chai":"^1.9.1","esprima":"^1.2.2","jscs":">=1.5.9 <2.0","jshint":"~2.5.4","mocha":"~1.17.1"},"peerDependencies":{"jscs":">=1.3.0 <2.0"},"scripts":{"lint":"jshint lib test && jscs lib test","test":"npm run lint && mocha","browserify":"browserify --standalone JscsPluginJsdoc lib/index.js -o jscs-jsdoc-browser.js"},"files":["lib","LICENSE"],"licenses":[{"type":"MIT","url":"http://github.com/jscs-dev/jscs-jsdoc/raw/master/LICENSE"}],"gitHead":"35c3dd6ac3e2e5df8f4226de751fbf4d489b8e1d","_id":"jscs-jsdoc@0.1.1","_shasum":"1b1923ad99631c895d72d923add2984810fadf99","_from":".","_npmVersion":"1.4.28","_npmUser":{"name":"qfox","email":"zxqfox@gmail.com"},"maintainers":[{"name":"qfox","email":"zxqfox@gmail.com"}],"dist":{"shasum":"1b1923ad99631c895d72d923add2984810fadf99","tarball":"https://registry.npmjs.org/jscs-jsdoc/-/jscs-jsdoc-0.1.1.tgz"},"directories":{}},"0.2.0":{"name":"jscs-jsdoc","author":{"name":"Alexej Yaroshevich","email":"alex@qfox.ru"},"description":"JSCS jsdoc plugin","version":"0.2.0","main":"lib/index","homepage":"https://github.com/jscs-dev/jscs-jsdoc","license":"MIT","repository":{"type":"git","url":"https://github.com/jscs-dev/jscs-jsdoc"},"bugs":{"url":"https://github.com/jscs-dev/jscs-jsdoc/issues"},"contributors":[{"name":"Alexej Yaroshevich","email":"alex@qfox.ru"},{"name":"Henry Zhu","email":"hi@henryzoo.com"},{"name":"Christopher Hiller","email":"chiller@badwing.com"},{"name":"Raphael Pigulla","email":"raphael.pigulla@tngtech.com"}],"engines":{"node":">= 0.10.0"},"dependencies":{"comment-parser":"^0.2.3","jsdoctypeparser":"^1.1.3"},"devDependencies":{"browserify":"~3.30.2","chai":"^1.9.1","esprima":"^1.2.2","jscs":">=1.8.0 <2.0","jshint":"~2.5.4","mocha":"~1.17.1"},"peerDependencies":{"jscs":">=1.8.0 <2.0"},"scripts":{"lint":"jshint lib test && jscs lib test","test":"npm run lint && mocha","browserify":"browserify --standalone JsdocJscsPlugin lib/index.js -o jscs-jsdoc-browser.js"},"files":["lib","LICENSE"],"licenses":[{"type":"MIT","url":"http://github.com/jscs-dev/jscs-jsdoc/raw/master/LICENSE"}],"gitHead":"c92384e0e9e4f5f78a1015da932f3a7faf9ad80a","_id":"jscs-jsdoc@0.2.0","_shasum":"7d0ac5910c513591dc6266cf39897363cb48b87a","_from":".","_npmVersion":"1.4.28","_npmUser":{"name":"qfox","email":"zxqfox@gmail.com"},"maintainers":[{"name":"qfox","email":"zxqfox@gmail.com"}],"dist":{"shasum":"7d0ac5910c513591dc6266cf39897363cb48b87a","tarball":"https://registry.npmjs.org/jscs-jsdoc/-/jscs-jsdoc-0.2.0.tgz"},"directories":{}},"0.3.0":{"name":"jscs-jsdoc","author":{"name":"Alexej Yaroshevich","email":"alex@qfox.ru"},"description":"JSCS jsdoc plugin","version":"0.3.0","main":"lib/index","homepage":"https://github.com/jscs-dev/jscs-jsdoc","license":"MIT","repository":{"type":"git","url":"https://github.com/jscs-dev/jscs-jsdoc"},"bugs":{"url":"https://github.com/jscs-dev/jscs-jsdoc/issues"},"contributors":[{"name":"Alexej Yaroshevich","email":"alex@qfox.ru"},{"name":"Henry Zhu","email":"hi@henryzoo.com"},{"name":"Christopher Hiller","email":"chiller@badwing.com"},{"name":"Raphael Pigulla","email":"raphael.pigulla@tngtech.com"}],"engines":{"node":">= 0.10.0"},"dependencies":{"comment-parser":"^0.2.3","jsdoctypeparser":"^1.1.3","browserify":"^6.3.3"},"devDependencies":{"chai":"^1.10.0","jscs":"^1.8.0","jshint":"^2.5.10","mocha":"^2.0.1"},"peerDependencies":{"jscs":">=1.8.0 <2.0"},"optionalDependencies":{"browserify":"^6.3.3"},"scripts":{"lint":"jshint lib test && jscs lib test","test":"npm run lint && mocha","browserify":"browserify --standalone JsdocJscsPlugin lib/index.js -o jscs-jsdoc-browser.js"},"files":["lib","LICENSE"],"licenses":[{"type":"MIT","url":"http://github.com/jscs-dev/jscs-jsdoc/raw/master/LICENSE"}],"gitHead":"5ea3c25c9d3f66644d585dd83277da4ecba01c2d","_id":"jscs-jsdoc@0.3.0","_shasum":"60de5ecd56c5505e1a49052440634120a495e60c","_from":".","_npmVersion":"1.4.28","_npmUser":{"name":"qfox","email":"zxqfox@gmail.com"},"maintainers":[{"name":"qfox","email":"zxqfox@gmail.com"}],"dist":{"shasum":"60de5ecd56c5505e1a49052440634120a495e60c","tarball":"https://registry.npmjs.org/jscs-jsdoc/-/jscs-jsdoc-0.3.0.tgz"},"directories":{}},"0.3.1":{"name":"jscs-jsdoc","author":{"name":"Alexej Yaroshevich","email":"alex@qfox.ru"},"description":"JSCS jsdoc plugin","version":"0.3.1","main":"lib/index","homepage":"https://github.com/jscs-dev/jscs-jsdoc","license":"MIT","repository":{"type":"git","url":"https://github.com/jscs-dev/jscs-jsdoc"},"bugs":{"url":"https://github.com/jscs-dev/jscs-jsdoc/issues"},"contributors":[{"name":"Alexej Yaroshevich","email":"alex@qfox.ru"},{"name":"Henry Zhu","email":"hi@henryzoo.com"},{"name":"Christopher Hiller","email":"chiller@badwing.com"},{"name":"Raphael Pigulla","email":"raphael.pigulla@tngtech.com"}],"engines":{"node":">= 0.10.0"},"dependencies":{"comment-parser":"^0.2.3","jsdoctypeparser":"^1.1.3"},"devDependencies":{"chai":"^1.10.0","jscs":"^1.8.0","jshint":"^2.5.10","mocha":"^2.0.1"},"peerDependencies":{"jscs":">=1.8.0 <2.0"},"scripts":{"lint":"jshint lib test && jscs lib test","test":"npm run lint && mocha","browserify":"browserify --standalone JsdocJscsPlugin lib/index.js -o jscs-jsdoc-browser.js"},"files":["lib","LICENSE"],"licenses":[{"type":"MIT","url":"http://github.com/jscs-dev/jscs-jsdoc/raw/master/LICENSE"}],"gitHead":"e6419f88c28ce82e25c5ec103595c284df066228","_id":"jscs-jsdoc@0.3.1","_shasum":"0f9edab0dcb6e3380b7cc30dc03eeed8a87e6edd","_from":".","_npmVersion":"1.4.28","_npmUser":{"name":"qfox","email":"zxqfox@gmail.com"},"maintainers":[{"name":"qfox","email":"zxqfox@gmail.com"}],"dist":{"shasum":"0f9edab0dcb6e3380b7cc30dc03eeed8a87e6edd","tarball":"https://registry.npmjs.org/jscs-jsdoc/-/jscs-jsdoc-0.3.1.tgz"},"directories":{}},"0.3.2":{"name":"jscs-jsdoc","author":{"name":"Alexej Yaroshevich","email":"alex@qfox.ru"},"description":"JSCS jsdoc plugin","version":"0.3.2","main":"lib/index","homepage":"https://github.com/jscs-dev/jscs-jsdoc","license":"MIT","repository":{"type":"git","url":"https://github.com/jscs-dev/jscs-jsdoc"},"bugs":{"url":"https://github.com/jscs-dev/jscs-jsdoc/issues"},"contributors":[{"name":"Alexej Yaroshevich","email":"alex@qfox.ru"},{"name":"Henry Zhu","email":"hi@henryzoo.com"},{"name":"Christopher Hiller","email":"chiller@badwing.com"},{"name":"Raphael Pigulla","email":"raphael.pigulla@tngtech.com"}],"engines":{"node":">= 0.10.0"},"dependencies":{"comment-parser":"^0.2.3","jsdoctypeparser":"^1.1.3"},"devDependencies":{"chai":"^1.10.0","jscs":"^1.8.0","jshint":"^2.5.10","mocha":"^2.0.1"},"peerDependencies":{"jscs":">=1.8.0 <2.0"},"scripts":{"lint":"jshint lib test && jscs lib test","test":"npm run lint && mocha","browserify":"browserify --standalone JsdocJscsPlugin lib/index.js -o jscs-jsdoc-browser.js"},"files":["lib","LICENSE"],"licenses":[{"type":"MIT","url":"http://github.com/jscs-dev/jscs-jsdoc/raw/master/LICENSE"}],"gitHead":"fcae367cd778930a746f50edd020154ed1b6d5cc","_id":"jscs-jsdoc@0.3.2","_shasum":"19b101512aef565e4593f2ac0775a2dec9db3956","_from":".","_npmVersion":"1.4.28","_npmUser":{"name":"qfox","email":"zxqfox@gmail.com"},"maintainers":[{"name":"qfox","email":"zxqfox@gmail.com"}],"dist":{"shasum":"19b101512aef565e4593f2ac0775a2dec9db3956","tarball":"https://registry.npmjs.org/jscs-jsdoc/-/jscs-jsdoc-0.3.2.tgz"},"directories":{}},"0.4.0":{"name":"jscs-jsdoc","author":{"name":"Alexej Yaroshevich","email":"alex@qfox.ru"},"description":"JSCS jsdoc plugin","version":"0.4.0","main":"lib/index","homepage":"https://github.com/jscs-dev/jscs-jsdoc","license":"MIT","repository":{"type":"git","url":"https://github.com/jscs-dev/jscs-jsdoc"},"bugs":{"url":"https://github.com/jscs-dev/jscs-jsdoc/issues"},"contributors":[{"name":"Alexej Yaroshevich","email":"alex@qfox.ru"},{"name":"Henry Zhu","email":"hi@henryzoo.com"},{"name":"Christopher Hiller","email":"chiller@badwing.com"},{"name":"Raphael Pigulla","email":"raphael.pigulla@tngtech.com"}],"engines":{"node":">= 0.10.0"},"dependencies":{"comment-parser":"zxqfox/comment-parser#jscs-jsdoc","jsdoctypeparser":"^1.1.3"},"devDependencies":{"chai":"^1.10.0","jscs":"^1.8.0","jshint":"^2.5.10","mocha":"^2.0.1"},"peerDependencies":{"jscs":">=1.8.0 <2.0"},"scripts":{"lint":"jshint lib test && jscs lib test","test":"npm run lint && mocha","browserify":"browserify --standalone JsdocJscsPlugin lib/index.js -o jscs-jsdoc-browser.js"},"files":["lib","LICENSE"],"licenses":[{"type":"MIT","url":"http://github.com/jscs-dev/jscs-jsdoc/raw/master/LICENSE"}],"gitHead":"fa260db8ad18dfdb73748100c63a7016958f1bc0","_id":"jscs-jsdoc@0.4.0","_shasum":"7eb2613650e05a3cad49172b07d700293930a63d","_from":".","_npmVersion":"1.4.28","_npmUser":{"name":"qfox","email":"zxqfox@gmail.com"},"maintainers":[{"name":"qfox","email":"zxqfox@gmail.com"}],"dist":{"shasum":"7eb2613650e05a3cad49172b07d700293930a63d","tarball":"https://registry.npmjs.org/jscs-jsdoc/-/jscs-jsdoc-0.4.0.tgz"},"directories":{}},"0.4.1":{"name":"jscs-jsdoc","author":{"name":"Alexej Yaroshevich","email":"alex@qfox.ru"},"description":"JSCS jsdoc plugin","version":"0.4.1","main":"lib/index","homepage":"https://github.com/jscs-dev/jscs-jsdoc","license":"MIT","repository":{"type":"git","url":"https://github.com/jscs-dev/jscs-jsdoc"},"bugs":{"url":"https://github.com/jscs-dev/jscs-jsdoc/issues"},"contributors":[{"name":"Alexej Yaroshevich","email":"alex@qfox.ru"},{"name":"Henry Zhu","email":"hi@henryzoo.com"},{"name":"Christopher Hiller","email":"chiller@badwing.com"},{"name":"Raphael Pigulla","email":"raphael.pigulla@tngtech.com"}],"engines":{"node":">= 0.10.0"},"dependencies":{"comment-parser":"git+https://github.com/zxqfox/comment-parser#jscs-jsdoc","jsdoctypeparser":"^1.1.3"},"devDependencies":{"chai":"^1.10.0","jscs":"^1.8.0","jshint":"^2.5.10","mocha":"^2.0.1"},"peerDependencies":{"jscs":">=1.8.0 <2.0"},"scripts":{"lint":"jshint lib test && jscs lib test","test":"npm run lint && mocha","browserify":"browserify --standalone JsdocJscsPlugin lib/index.js -o jscs-jsdoc-browser.js"},"files":["lib","LICENSE"],"licenses":[{"type":"MIT","url":"http://github.com/jscs-dev/jscs-jsdoc/raw/master/LICENSE"}],"gitHead":"0510ad7bef4df93f75c2f1bf3c5f2ffe9b9f81a0","_id":"jscs-jsdoc@0.4.1","_shasum":"d7e55c83353306c61810a1b43d70ec4af1100aa8","_from":".","_npmVersion":"2.2.0","_nodeVersion":"0.11.15","_npmUser":{"name":"qfox","email":"zxqfox@gmail.com"},"maintainers":[{"name":"qfox","email":"zxqfox@gmail.com"}],"dist":{"shasum":"d7e55c83353306c61810a1b43d70ec4af1100aa8","tarball":"https://registry.npmjs.org/jscs-jsdoc/-/jscs-jsdoc-0.4.1.tgz"},"directories":{}},"0.4.2":{"name":"jscs-jsdoc","author":{"name":"Alexej Yaroshevich","email":"alex@qfox.ru"},"description":"JSCS jsdoc plugin","version":"0.4.2","main":"lib/index","homepage":"https://github.com/jscs-dev/jscs-jsdoc","license":"MIT","repository":{"type":"git","url":"https://github.com/jscs-dev/jscs-jsdoc"},"bugs":{"url":"https://github.com/jscs-dev/jscs-jsdoc/issues"},"contributors":[{"name":"Alexej Yaroshevich","email":"alex@qfox.ru"},{"name":"Henry Zhu","email":"hi@henryzoo.com"},{"name":"Christopher Hiller","email":"chiller@badwing.com"},{"name":"Raphael Pigulla","email":"raphael.pigulla@tngtech.com"}],"engines":{"node":">= 0.10.0"},"dependencies":{"comment-parser":"git+https://github.com/zxqfox/comment-parser#jscs-jsdoc","jsdoctypeparser":"^1.1.3"},"devDependencies":{"chai":"^1.10.0","jscs":"^1.8.0","jshint":"^2.5.10","mocha":"^2.0.1"},"peerDependencies":{"jscs":">=1.8.0 <2.0"},"scripts":{"lint":"jshint lib test && jscs lib test","test":"npm run lint && mocha","browserify":"browserify --standalone JsdocJscsPlugin lib/index.js -o jscs-jsdoc-browser.js"},"files":["lib","LICENSE"],"licenses":[{"type":"MIT","url":"http://github.com/jscs-dev/jscs-jsdoc/raw/master/LICENSE"}],"gitHead":"452fcbfbacb615523a76d0dd0c1d3f63c630b556","_id":"jscs-jsdoc@0.4.2","_shasum":"8b777efa0988d00959a1d964805b88881ce72f8f","_from":".","_npmVersion":"2.2.0","_nodeVersion":"0.11.15","_npmUser":{"name":"qfox","email":"zxqfox@gmail.com"},"maintainers":[{"name":"qfox","email":"zxqfox@gmail.com"}],"dist":{"shasum":"8b777efa0988d00959a1d964805b88881ce72f8f","tarball":"https://registry.npmjs.org/jscs-jsdoc/-/jscs-jsdoc-0.4.2.tgz"},"directories":{}},"0.4.3":{"name":"jscs-jsdoc","author":{"name":"Alexej Yaroshevich","email":"alex@qfox.ru"},"description":"JSCS jsdoc plugin","version":"0.4.3","main":"lib/index","homepage":"https://github.com/jscs-dev/jscs-jsdoc","license":"MIT","repository":{"type":"git","url":"https://github.com/jscs-dev/jscs-jsdoc"},"bugs":{"url":"https://github.com/jscs-dev/jscs-jsdoc/issues"},"contributors":[{"name":"Alexej Yaroshevich","email":"alex@qfox.ru"},{"name":"Henry Zhu","email":"hi@henryzoo.com"},{"name":"Christopher Hiller","email":"chiller@badwing.com"},{"name":"Raphael Pigulla","email":"raphael.pigulla@tngtech.com"}],"engines":{"node":">= 0.10.0"},"dependencies":{"comment-parser":"git+https://github.com/zxqfox/comment-parser#jscs-jsdoc","jsdoctypeparser":"^1.1.3"},"devDependencies":{"chai":"^1.10.0","jscs":"^1.8.0","jshint":"^2.5.10","mocha":"^2.0.1"},"peerDependencies":{"jscs":">=1.8.0 <2.0"},"scripts":{"lint":"jshint lib test && jscs lib test","test":"npm run lint && mocha","browserify":"browserify --standalone JsdocJscsPlugin lib/index.js -o jscs-jsdoc-browser.js"},"files":["lib","LICENSE"],"licenses":[{"type":"MIT","url":"http://github.com/jscs-dev/jscs-jsdoc/raw/master/LICENSE"}],"gitHead":"9da872520be47871dcfe63f6a25a115bf4222e55","_id":"jscs-jsdoc@0.4.3","_shasum":"c3a570dbae59eb05442b4105cbe6c4d087bbe046","_from":".","_npmVersion":"2.2.0","_nodeVersion":"0.11.15","_npmUser":{"name":"qfox","email":"zxqfox@gmail.com"},"maintainers":[{"name":"qfox","email":"zxqfox@gmail.com"}],"dist":{"shasum":"c3a570dbae59eb05442b4105cbe6c4d087bbe046","tarball":"https://registry.npmjs.org/jscs-jsdoc/-/jscs-jsdoc-0.4.3.tgz"},"directories":{}},"0.4.4":{"name":"jscs-jsdoc","author":{"name":"Alexej Yaroshevich","email":"alex@qfox.ru"},"description":"JSCS jsdoc plugin","version":"0.4.4","main":"lib/index","homepage":"https://github.com/jscs-dev/jscs-jsdoc","license":"MIT","repository":{"type":"git","url":"https://github.com/jscs-dev/jscs-jsdoc"},"bugs":{"url":"https://github.com/jscs-dev/jscs-jsdoc/issues"},"contributors":[{"name":"Alexej Yaroshevich","email":"alex@qfox.ru"},{"name":"Henry Zhu","email":"hi@henryzoo.com"},{"name":"Christopher Hiller","email":"chiller@badwing.com"},{"name":"Raphael Pigulla","email":"raphael.pigulla@tngtech.com"}],"engines":{"node":">= 0.10.0"},"dependencies":{"comment-parser":"0.2.4","jsdoctypeparser":"^1.1.4"},"devDependencies":{"chai":"^1.10.0","jscs":"^1.8.0","jshint":"^2.5.10","mocha":"^2.0.1"},"peerDependencies":{"jscs":">=1.8.0 <2.0"},"scripts":{"lint":"jshint lib test && jscs lib test","test":"npm run lint && mocha","browserify":"browserify --standalone JsdocJscsPlugin lib/index.js -o jscs-jsdoc-browser.js"},"files":["lib","LICENSE"],"licenses":[{"type":"MIT","url":"http://github.com/jscs-dev/jscs-jsdoc/raw/master/LICENSE"}],"gitHead":"a69a2f9b1a0df02b8795987cc30deea3fbca627a","_id":"jscs-jsdoc@0.4.4","_shasum":"3080110a068a6cb683a1b6543cc5712b8f1313cb","_from":".","_npmVersion":"2.2.0","_nodeVersion":"1.0.3","_npmUser":{"name":"qfox","email":"zxqfox@gmail.com"},"maintainers":[{"name":"qfox","email":"zxqfox@gmail.com"}],"dist":{"shasum":"3080110a068a6cb683a1b6543cc5712b8f1313cb","tarball":"https://registry.npmjs.org/jscs-jsdoc/-/jscs-jsdoc-0.4.4.tgz"},"directories":{}},"0.4.5":{"name":"jscs-jsdoc","author":{"name":"Alexej Yaroshevich","email":"alex@qfox.ru"},"description":"JSCS jsdoc plugin","version":"0.4.5","main":"lib/index","homepage":"https://github.com/jscs-dev/jscs-jsdoc","license":"MIT","repository":{"type":"git","url":"https://github.com/jscs-dev/jscs-jsdoc"},"bugs":{"url":"https://github.com/jscs-dev/jscs-jsdoc/issues"},"contributors":[{"name":"Alexej Yaroshevich","email":"alex@qfox.ru"},{"name":"Henry Zhu","email":"hi@henryzoo.com"},{"name":"Christopher Hiller","email":"chiller@badwing.com"},{"name":"Raphael Pigulla","email":"raphael.pigulla@tngtech.com"}],"engines":{"node":">= 0.10.0"},"dependencies":{"comment-parser":"0.2.4","jsdoctypeparser":"^1.1.4"},"devDependencies":{"chai":"^1.10.0","jscs":"^1.8.0","jshint":"^2.5.10","mocha":"^2.0.1"},"peerDependencies":{"jscs":">=1.8.0 <2.0"},"scripts":{"lint":"jshint lib test && jscs lib test","test":"npm run lint && mocha","browserify":"browserify --standalone JsdocJscsPlugin lib/index.js -o jscs-jsdoc-browser.js"},"files":["lib","LICENSE"],"licenses":[{"type":"MIT","url":"http://github.com/jscs-dev/jscs-jsdoc/raw/master/LICENSE"}],"gitHead":"08e307f9ccd0722d833047d0a1e1b450759d5c1c","_id":"jscs-jsdoc@0.4.5","_shasum":"e1b1babfb8531742201270a283605af1661a99dd","_from":".","_npmVersion":"1.4.28","_npmUser":{"name":"qfox","email":"zxqfox@gmail.com"},"maintainers":[{"name":"qfox","email":"zxqfox@gmail.com"}],"dist":{"shasum":"e1b1babfb8531742201270a283605af1661a99dd","tarball":"https://registry.npmjs.org/jscs-jsdoc/-/jscs-jsdoc-0.4.5.tgz"},"directories":{}},"0.4.6":{"name":"jscs-jsdoc","author":{"name":"Alexej Yaroshevich","email":"alex@qfox.ru"},"description":"JSCS jsdoc plugin","version":"0.4.6","main":"lib/index","homepage":"https://github.com/jscs-dev/jscs-jsdoc","license":"MIT","repository":{"type":"git","url":"https://github.com/jscs-dev/jscs-jsdoc"},"bugs":{"url":"https://github.com/jscs-dev/jscs-jsdoc/issues"},"contributors":[{"name":"Alexej Yaroshevich","email":"alex@qfox.ru"},{"name":"Henry Zhu","email":"hi@henryzoo.com"},{"name":"Christopher Hiller","email":"chiller@badwing.com"},{"name":"Raphael Pigulla","email":"raphael.pigulla@tngtech.com"}],"engines":{"node":">= 0.10.0"},"dependencies":{"comment-parser":"0.2.4","jsdoctypeparser":"^1.1.4"},"devDependencies":{"chai":"^2.2.0","jscs":"^1.12.0","jshint":"^2.6.3","mocha":"^2.2.1"},"_peerDependencies":{"jscs":">=1.8.0 <2.0"},"scripts":{"lint":"jshint lib test && jscs lib test","test":"npm run lint && mocha","browserify":"browserify --standalone JsdocJscsPlugin lib/index.js -o jscs-jsdoc-browser.js"},"files":["lib","LICENSE"],"licenses":[{"type":"MIT","url":"http://github.com/jscs-dev/jscs-jsdoc/raw/master/LICENSE"}],"gitHead":"d552303d8caf4d942864652d64887fa612859ff8","_id":"jscs-jsdoc@0.4.6","_shasum":"8f379689f94340f5e4ce3c416a806d3cdc58748b","_from":".","_npmVersion":"2.7.4","_nodeVersion":"0.12.2","_npmUser":{"name":"qfox","email":"zxqfox@gmail.com"},"maintainers":[{"name":"qfox","email":"zxqfox@gmail.com"}],"dist":{"shasum":"8f379689f94340f5e4ce3c416a806d3cdc58748b","tarball":"https://registry.npmjs.org/jscs-jsdoc/-/jscs-jsdoc-0.4.6.tgz"},"directories":{}},"1.0.0":{"name":"jscs-jsdoc","author":{"name":"Alexej Yaroshevich","email":"alex@qfox.ru"},"description":"JSCS jsdoc plugin","version":"1.0.0","main":"lib/index","homepage":"https://github.com/jscs-dev/jscs-jsdoc","license":"MIT","repository":{"type":"git","url":"git+https://github.com/jscs-dev/jscs-jsdoc.git"},"bugs":{"url":"https://github.com/jscs-dev/jscs-jsdoc/issues"},"contributors":[{"name":"Alexej Yaroshevich","email":"alex@qfox.ru"},{"name":"Henry Zhu","email":"hi@henryzoo.com"},{"name":"Christopher Hiller","email":"chiller@badwing.com"},{"name":"Raphael Pigulla","email":"raphael.pigulla@tngtech.com"}],"engines":{"node":">= 0.10.0"},"dependencies":{"comment-parser":"0.3.0","jsdoctypeparser":"^1.1.4"},"devDependencies":{"chai":"^2.3.0","jscs":"^1.13.1","jshint":"^2.7.0","mocha":"^2.2.4"},"_peerDependencies":{"jscs":">=1.8.0 <2.0"},"scripts":{"lint":"jshint lib test && jscs lib test","test":"npm run lint && mocha","browserify":"browserify --standalone JsdocJscsPlugin lib/index.js -o jscs-jsdoc-browser.js"},"files":["lib","LICENSE"],"licenses":[{"type":"MIT","url":"http://github.com/jscs-dev/jscs-jsdoc/raw/master/LICENSE"}],"gitHead":"89215e46f345c8651ae3e40d462dd8e1cb19f2e1","_id":"jscs-jsdoc@1.0.0","_shasum":"09bcb931cd6e76c8bfe8e9511ed4a4f1065049fc","_from":".","_npmVersion":"2.8.3","_nodeVersion":"1.8.1","_npmUser":{"name":"qfox","email":"zxqfox@gmail.com"},"maintainers":[{"name":"qfox","email":"zxqfox@gmail.com"}],"dist":{"shasum":"09bcb931cd6e76c8bfe8e9511ed4a4f1065049fc","tarball":"https://registry.npmjs.org/jscs-jsdoc/-/jscs-jsdoc-1.0.0.tgz"},"directories":{}},"1.0.1":{"name":"jscs-jsdoc","author":{"name":"Alexej Yaroshevich","email":"alex@qfox.ru"},"description":"JSCS jsdoc plugin","version":"1.0.1","main":"lib/index","homepage":"https://github.com/jscs-dev/jscs-jsdoc","license":"MIT","repository":{"type":"git","url":"https://github.com/jscs-dev/jscs-jsdoc"},"bugs":{"url":"https://github.com/jscs-dev/jscs-jsdoc/issues"},"contributors":[{"name":"Alexej Yaroshevich","email":"alex@qfox.ru"},{"name":"Henry Zhu","email":"hi@henryzoo.com"},{"name":"Christopher Hiller","email":"chiller@badwing.com"},{"name":"Raphael Pigulla","email":"raphael.pigulla@tngtech.com"}],"engines":{"node":">= 0.10.0"},"dependencies":{"comment-parser":"0.3.0","jsdoctypeparser":"1.1.4"},"devDependencies":{"chai":"^2.3.0","jscs":"^1.13.1","jshint":"^2.7.0","mocha":"^2.2.4"},"_peerDependencies":{"jscs":">=1.8.0 <2.0"},"scripts":{"lint":"jshint lib test && jscs lib test","test":"npm run lint && mocha","browserify":"browserify --standalone JsdocJscsPlugin lib/index.js -o jscs-jsdoc-browser.js"},"files":["lib","LICENSE"],"licenses":[{"type":"MIT","url":"http://github.com/jscs-dev/jscs-jsdoc/raw/master/LICENSE"}],"gitHead":"d8bc89913caecce3dfc980410c072852e0a684dd","_id":"jscs-jsdoc@1.0.1","_shasum":"8f1c241cc8517deea088322d261d46ff0af41a0c","_from":".","_npmVersion":"1.4.28","_npmUser":{"name":"qfox","email":"zxqfox@gmail.com"},"maintainers":[{"name":"qfox","email":"zxqfox@gmail.com"}],"dist":{"shasum":"8f1c241cc8517deea088322d261d46ff0af41a0c","tarball":"https://registry.npmjs.org/jscs-jsdoc/-/jscs-jsdoc-1.0.1.tgz"},"directories":{}},"1.1.0":{"name":"jscs-jsdoc","author":{"name":"Alexej Yaroshevich","email":"alex@qfox.ru"},"description":"JSCS jsdoc plugin","version":"1.1.0","main":"lib/index","homepage":"https://github.com/jscs-dev/jscs-jsdoc","license":"MIT","repository":{"type":"git","url":"git+https://github.com/jscs-dev/jscs-jsdoc.git"},"bugs":{"url":"https://github.com/jscs-dev/jscs-jsdoc/issues"},"contributors":[{"name":"Alexej Yaroshevich","email":"alex@qfox.ru"},{"name":"Henry Zhu","email":"hi@henryzoo.com"},{"name":"Christopher Hiller","email":"chiller@badwing.com"},{"name":"Raphael Pigulla","email":"raphael.pigulla@tngtech.com"}],"engines":{"node":">= 0.10.0"},"dependencies":{"comment-parser":"0.3.0","jsdoctypeparser":"~1.2.0"},"devDependencies":{"chai":"^2.3.0","jscs":"^1.13.1","jshint":"^2.7.0","mocha":"^2.2.4"},"_peerDependencies":{"jscs":">=1.8.0 <2.0"},"scripts":{"lint":"jshint lib test && jscs lib test","test":"npm run lint && mocha","browserify":"browserify --standalone JsdocJscsPlugin lib/index.js -o jscs-jsdoc-browser.js","changelog":"changelog-maker jscs-dev jscs-jsdoc --group"},"files":["lib","LICENSE"],"licenses":[{"type":"MIT","url":"http://github.com/jscs-dev/jscs-jsdoc/raw/master/LICENSE"}],"gitHead":"80c3ea743d416e9b9963c60ff8d3fb3d200e9760","_id":"jscs-jsdoc@1.1.0","_shasum":"918d1ba1763e9678273806a73304ad4c50d4f27a","_from":".","_npmVersion":"2.9.0","_nodeVersion":"2.0.1","_npmUser":{"name":"qfox","email":"zxqfox@gmail.com"},"maintainers":[{"name":"qfox","email":"zxqfox@gmail.com"}],"dist":{"shasum":"918d1ba1763e9678273806a73304ad4c50d4f27a","tarball":"https://registry.npmjs.org/jscs-jsdoc/-/jscs-jsdoc-1.1.0.tgz"},"directories":{}},"1.2.0":{"name":"jscs-jsdoc","author":{"name":"Alexej Yaroshevich","email":"alex@qfox.ru"},"description":"JSCS jsdoc plugin","version":"1.2.0","main":"lib/index","homepage":"https://github.com/jscs-dev/jscs-jsdoc","license":"MIT","repository":{"type":"git","url":"git+https://github.com/jscs-dev/jscs-jsdoc.git"},"bugs":{"url":"https://github.com/jscs-dev/jscs-jsdoc/issues"},"contributors":[{"name":"Alexej Yaroshevich","email":"alex@qfox.ru"},{"name":"Henry Zhu","email":"hi@henryzoo.com"},{"name":"Christopher Hiller","email":"chiller@badwing.com"},{"name":"Raphael Pigulla","email":"raphael.pigulla@tngtech.com"}],"engines":{"node":">= 0.10.0"},"dependencies":{"comment-parser":"0.3.0","jsdoctypeparser":"~1.2.0"},"devDependencies":{"chai":"^2.3.0","chai-subset":"^1.1.0","jscs":"^2.1.1","jshint":"^2.7.0","mocha":"^2.2.4"},"_peerDependencies":{"jscs":">=1.8.0 <2.0"},"scripts":{"lint":"jshint lib test && jscs lib test","test":"npm run lint && mocha","browserify":"browserify --standalone JsdocJscsPlugin lib/index.js -o jscs-jsdoc-browser.js","changelog":"changelog-maker jscs-dev jscs-jsdoc --group"},"files":["lib","LICENSE"],"licenses":[{"type":"MIT","url":"http://github.com/jscs-dev/jscs-jsdoc/raw/master/LICENSE"}],"gitHead":"8d8e03d44afda82f8d08e4d5fbfc0cfee2fe92b3","_id":"jscs-jsdoc@1.2.0","_shasum":"6a04048e8c8af4f6a3a97387a60b836a79cb1722","_from":".","_npmVersion":"2.14.3","_nodeVersion":"4.1.0","_npmUser":{"name":"qfox","email":"zxqfox@gmail.com"},"dist":{"shasum":"6a04048e8c8af4f6a3a97387a60b836a79cb1722","tarball":"https://registry.npmjs.org/jscs-jsdoc/-/jscs-jsdoc-1.2.0.tgz"},"maintainers":[{"name":"qfox","email":"zxqfox@gmail.com"}],"directories":{}},"1.3.0":{"name":"jscs-jsdoc","author":{"name":"Alexej Yaroshevich","email":"alex@qfox.ru"},"description":"JSCS jsdoc plugin","version":"1.3.0","main":"lib/index","homepage":"https://github.com/jscs-dev/jscs-jsdoc","license":"MIT","repository":{"type":"git","url":"git+https://github.com/jscs-dev/jscs-jsdoc.git"},"bugs":{"url":"https://github.com/jscs-dev/jscs-jsdoc/issues"},"contributors":[{"name":"Alexej Yaroshevich","email":"alex@qfox.ru"},{"name":"Henry Zhu","email":"hi@henryzoo.com"},{"name":"Christopher Hiller","email":"chiller@badwing.com"},{"name":"Raphael Pigulla","email":"raphael.pigulla@tngtech.com"}],"engines":{"node":">= 0.8.0"},"dependencies":{"comment-parser":"^0.3.1","jsdoctypeparser":"~1.2.0"},"devDependencies":{"chai":"^2.3.0","chai-subset":"^1.1.0","jscs":"^2.1.1","jshint":"^2.7.0","mocha":"^2.2.4"},"peerDependencies":{"jscs":">=1.8.0"},"scripts":{"lint":"jshint lib test && jscs lib test","test":"npm run lint && mocha","browserify":"browserify --standalone JsdocJscsPlugin lib/index.js -o jscs-jsdoc-browser.js","changelog":"changelog-maker jscs-dev jscs-jsdoc --group"},"files":["lib","LICENSE"],"licenses":[{"type":"MIT","url":"http://github.com/jscs-dev/jscs-jsdoc/raw/master/LICENSE"}],"gitHead":"db4f133289fd3966f6840a6cbb31c1bd702a708e","_id":"jscs-jsdoc@1.3.0","_shasum":"cef1e0ce443c91720f8c509bedd3f85c9be1b98d","_from":".","_npmVersion":"2.14.7","_nodeVersion":"4.2.2","_npmUser":{"name":"qfox","email":"zxqfox@gmail.com"},"dist":{"shasum":"cef1e0ce443c91720f8c509bedd3f85c9be1b98d","tarball":"https://registry.npmjs.org/jscs-jsdoc/-/jscs-jsdoc-1.3.0.tgz"},"maintainers":[{"name":"qfox","email":"zxqfox@gmail.com"}],"directories":{}},"1.3.1":{"name":"jscs-jsdoc","author":{"name":"Alexej Yaroshevich","email":"alex@qfox.ru"},"description":"JSCS jsdoc plugin","version":"1.3.1","main":"lib/index","homepage":"https://github.com/jscs-dev/jscs-jsdoc","license":"MIT","repository":{"type":"git","url":"git+https://github.com/jscs-dev/jscs-jsdoc.git"},"bugs":{"url":"https://github.com/jscs-dev/jscs-jsdoc/issues"},"contributors":[{"name":"Alexej Yaroshevich","email":"alex@qfox.ru"},{"name":"Henry Zhu","email":"hi@henryzoo.com"},{"name":"Christopher Hiller","email":"chiller@badwing.com"},{"name":"Raphael Pigulla","email":"raphael.pigulla@tngtech.com"}],"engines":{"node":">= 0.8.0"},"dependencies":{"comment-parser":"^0.3.1","jsdoctypeparser":"~1.2.0"},"devDependencies":{"chai":"^2.3.0","chai-subset":"^1.1.0","jscs":"^2.1.1","jshint":"^2.7.0","mocha":"^2.2.4"},"scripts":{"lint":"jshint lib test && jscs lib test","test":"npm run lint && mocha","browserify":"browserify --standalone JsdocJscsPlugin lib/index.js -o jscs-jsdoc-browser.js","changelog":"changelog-maker jscs-dev jscs-jsdoc --group"},"files":["lib","LICENSE"],"licenses":[{"type":"MIT","url":"http://github.com/jscs-dev/jscs-jsdoc/raw/master/LICENSE"}],"gitHead":"9011e596a203948bdf4c96aae90d8a61ef108a5b","_id":"jscs-jsdoc@1.3.1","_shasum":"ba4ba73aaff588cbf309425100ba1b2752bd2cbf","_from":".","_npmVersion":"2.14.7","_nodeVersion":"4.2.2","_npmUser":{"name":"qfox","email":"zxqfox@gmail.com"},"dist":{"shasum":"ba4ba73aaff588cbf309425100ba1b2752bd2cbf","tarball":"https://registry.npmjs.org/jscs-jsdoc/-/jscs-jsdoc-1.3.1.tgz"},"maintainers":[{"name":"qfox","email":"zxqfox@gmail.com"}],"directories":{}},"1.3.2":{"name":"jscs-jsdoc","author":{"name":"Alexej Yaroshevich","email":"alex@qfox.ru"},"description":"JSCS jsdoc plugin","version":"1.3.2","main":"lib/index","homepage":"https://github.com/jscs-dev/jscs-jsdoc","license":"MIT","repository":{"type":"git","url":"git+https://github.com/jscs-dev/jscs-jsdoc.git"},"bugs":{"url":"https://github.com/jscs-dev/jscs-jsdoc/issues"},"contributors":[{"name":"Alexej Yaroshevich","email":"alex@qfox.ru"},{"name":"Henry Zhu","email":"hi@henryzoo.com"},{"name":"Christopher Hiller","email":"chiller@badwing.com"},{"name":"Raphael Pigulla","email":"raphael.pigulla@tngtech.com"}],"engines":{"node":">= 0.8.0"},"dependencies":{"comment-parser":"^0.3.1","jsdoctypeparser":"~1.2.0"},"devDependencies":{"chai":"^2.3.0","chai-subset":"^1.1.0","jscs":"^2.1.1","jshint":"^2.7.0","mocha":"^2.2.4"},"scripts":{"lint":"jshint lib test && jscs lib test","test":"npm run lint && mocha","browserify":"browserify --standalone JsdocJscsPlugin lib/index.js -o jscs-jsdoc-browser.js","changelog":"changelog-maker jscs-dev jscs-jsdoc --group"},"files":["lib","LICENSE"],"licenses":[{"type":"MIT","url":"http://github.com/jscs-dev/jscs-jsdoc/raw/master/LICENSE"}],"gitHead":"c1a7f8690b6543c7f9e7d92c959a084268b1d59d","_id":"jscs-jsdoc@1.3.2","_shasum":"1f2c82b6ab4b97524da958f46b4e562e0305f9a7","_from":".","_npmVersion":"2.14.7","_nodeVersion":"4.2.2","_npmUser":{"name":"qfox","email":"zxqfox@gmail.com"},"dist":{"shasum":"1f2c82b6ab4b97524da958f46b4e562e0305f9a7","tarball":"https://registry.npmjs.org/jscs-jsdoc/-/jscs-jsdoc-1.3.2.tgz"},"maintainers":[{"name":"qfox","email":"zxqfox@gmail.com"}],"_npmOperationalInternal":{"host":"packages-13-west.internal.npmjs.com","tmp":"tmp/jscs-jsdoc-1.3.2.tgz_1458653153149_0.4875237934757024"},"directories":{}},"2.0.0":{"name":"jscs-jsdoc","author":{"name":"Alexej Yaroshevich","email":"alex@qfox.ru"},"description":"JSCS jsdoc plugin","version":"2.0.0","main":"lib/index","homepage":"https://github.com/jscs-dev/jscs-jsdoc","license":"MIT","repository":{"type":"git","url":"git+https://github.com/jscs-dev/jscs-jsdoc.git"},"bugs":{"url":"https://github.com/jscs-dev/jscs-jsdoc/issues"},"contributors":[{"name":"Alexej Yaroshevich","email":"alex@qfox.ru"},{"name":"Henry Zhu","email":"hi@henryzoo.com"},{"name":"Christopher Hiller","email":"chiller@badwing.com"},{"name":"Raphael Pigulla","email":"raphael.pigulla@tngtech.com"}],"engines":{"node":">= 0.8.0"},"dependencies":{"comment-parser":"^0.3.1","jsdoctypeparser":"~1.2.0"},"devDependencies":{"chai":"^2.3.0","chai-subset":"^1.1.0","jscs":"git://github.com/jscs-dev/node-jscs.git#master","jshint":"^2.7.0","mocha":"^2.2.4"},"scripts":{"lint":"jshint lib test && jscs lib test","test":"npm run lint && mocha","browserify":"browserify --standalone JsdocJscsPlugin lib/index.js -o jscs-jsdoc-browser.js","changelog":"changelog-maker jscs-dev jscs-jsdoc --group"},"files":["lib","LICENSE"],"licenses":[{"type":"MIT","url":"http://github.com/jscs-dev/jscs-jsdoc/raw/master/LICENSE"}],"gitHead":"5b3b85b4b4dc6379a7af8dab3250c903f0c4c7ee","_id":"jscs-jsdoc@2.0.0","_shasum":"f53ebce029aa3125bd88290ba50d64d4510a4871","_from":".","_npmVersion":"2.14.20","_nodeVersion":"5.7.0","_npmUser":{"name":"mdevils","email":"mdevils@yandex.ru"},"dist":{"shasum":"f53ebce029aa3125bd88290ba50d64d4510a4871","tarball":"https://registry.npmjs.org/jscs-jsdoc/-/jscs-jsdoc-2.0.0.tgz"},"maintainers":[{"name":"mdevils","email":"mdevils@yandex.ru"},{"name":"qfox","email":"zxqfox@gmail.com"}],"_npmOperationalInternal":{"host":"packages-16-east.internal.npmjs.com","tmp":"tmp/jscs-jsdoc-2.0.0.tgz_1460633894442_0.0781955614220351"},"directories":{}}},"dist-tags":{"latest":"2.0.0"},"readmeFilename":"README.md","homepage":"https://github.com/jscs-dev/jscs-jsdoc","repository":{"type":"git","url":"git+https://github.com/jscs-dev/jscs-jsdoc.git"},"contributors":[{"name":"Alexej Yaroshevich","email":"alex@qfox.ru"},{"name":"Henry Zhu","email":"hi@henryzoo.com"},{"name":"Christopher Hiller","email":"chiller@badwing.com"},{"name":"Raphael Pigulla","email":"raphael.pigulla@tngtech.com"}],"author":{"name":"Alexej Yaroshevich","email":"alex@qfox.ru"},"bugs":{"url":"https://github.com/jscs-dev/jscs-jsdoc/issues"},"license":"MIT","users":{"yodairish":true,"itonyyo":true,"fkamani":true},"_attachments":{},"_etag":"\"2PGMRXJMVRCTNVKB7VKVZLIFG\"","_cached":true}