{"_id":"commandpost","_rev":"18-9f653c4bc3925c79f508a8528902434a","name":"commandpost","description":"commandline option parser","dist-tags":{"latest":"1.0.1"},"versions":{"0.0.1":{"name":"commandpost","author":{"name":"vvakame"},"version":"0.0.1","description":"option parser","main":"./lib/index","repository":{"type":"git","url":"https://github.com/vvakame/commandpost.git"},"bugs":{"url":"https://github.com/vvakame/commandpost/issues"},"homepage":"https://github.com/vvakame/commandpost","license":{"type":"MIT","url":"http://vvakame.mit-license.org/"},"scripts":{"test":"grunt test"},"directories":{"test":"test"},"typescript":{"definition":"commandpost.d.ts"},"dependencies":{"es6-promise":"2.0.1"},"devDependencies":{"espower-loader":"0.10.0","grunt":"0.4.5","grunt-contrib-clean":"0.6.0","grunt-dtsm":"0.2.1","grunt-dts-bundle":"0.2.0","grunt-mocha-test":"0.12.6","grunt-ts":"2.0.1","grunt-tslint":"1.0.1","grunt-typedoc":"0.2.1","load-grunt-tasks":"2.0.0","mocha":"2.1.0","power-assert":"0.10.1","source-map-support":"0.2.9","time-grunt":"1.0.0","typescript":"1.3.0"},"gitHead":"427b476f623f67c674a7f02ea0cb88a308660f47","_id":"commandpost@0.0.1","_shasum":"7804ec96c76f93b1d1cf4949565d91550c055b18","_from":".","_npmVersion":"1.4.28","_npmUser":{"name":"vvakame","email":"vvakame@gmail.com"},"maintainers":[{"name":"vvakame","email":"vvakame@gmail.com"}],"dist":{"shasum":"7804ec96c76f93b1d1cf4949565d91550c055b18","tarball":"https://registry.npmjs.org/commandpost/-/commandpost-0.0.1.tgz"}},"0.0.2":{"name":"commandpost","author":{"name":"vvakame"},"version":"0.0.2","description":"option parser","main":"./lib/index","repository":{"type":"git","url":"https://github.com/vvakame/commandpost.git"},"bugs":{"url":"https://github.com/vvakame/commandpost/issues"},"homepage":"https://github.com/vvakame/commandpost","license":{"type":"MIT","url":"http://vvakame.mit-license.org/"},"scripts":{"test":"grunt test"},"directories":{"test":"test"},"typescript":{"definition":"commandpost.d.ts"},"dependencies":{"es6-promise":"2.0.1"},"devDependencies":{"espower-loader":"0.10.0","grunt":"0.4.5","grunt-contrib-clean":"0.6.0","grunt-dtsm":"0.2.1","grunt-dts-bundle":"0.2.0","grunt-mocha-test":"0.12.6","grunt-ts":"2.0.1","grunt-tslint":"1.0.1","grunt-typedoc":"0.2.1","load-grunt-tasks":"2.0.0","mocha":"2.1.0","power-assert":"0.10.1","source-map-support":"0.2.9","time-grunt":"1.0.0","typescript":"1.3.0"},"gitHead":"6aeedac5327f2245d79d62131b9d51bef579f6d4","_id":"commandpost@0.0.2","_shasum":"d43450b4a3f139fce8fae806ede125e0b61cc126","_from":".","_npmVersion":"1.4.28","_npmUser":{"name":"vvakame","email":"vvakame@gmail.com"},"maintainers":[{"name":"vvakame","email":"vvakame@gmail.com"}],"dist":{"shasum":"d43450b4a3f139fce8fae806ede125e0b61cc126","tarball":"https://registry.npmjs.org/commandpost/-/commandpost-0.0.2.tgz"}},"0.0.3":{"name":"commandpost","author":{"name":"vvakame"},"version":"0.0.3","description":"option parser","main":"./lib/index","repository":{"type":"git","url":"https://github.com/vvakame/commandpost.git"},"bugs":{"url":"https://github.com/vvakame/commandpost/issues"},"homepage":"https://github.com/vvakame/commandpost","license":{"type":"MIT","url":"http://vvakame.mit-license.org/"},"scripts":{"test":"grunt test"},"directories":{"test":"test"},"typescript":{"definition":"commandpost.d.ts"},"dependencies":{"es6-promise":"2.0.1"},"devDependencies":{"espower-loader":"0.10.0","grunt":"0.4.5","grunt-contrib-clean":"0.6.0","grunt-dtsm":"0.2.1","grunt-dts-bundle":"0.2.0","grunt-mocha-test":"0.12.6","grunt-ts":"2.0.1","grunt-tslint":"1.0.1","grunt-typedoc":"0.2.1","load-grunt-tasks":"2.0.0","mocha":"2.1.0","power-assert":"0.10.1","source-map-support":"0.2.9","time-grunt":"1.0.0","typescript":"1.3.0"},"gitHead":"49dd408e150e9cda9774e323de4759919deac981","_id":"commandpost@0.0.3","_shasum":"29fc02dfe7e3affebd58bcc40ee236bd9d19940b","_from":".","_npmVersion":"1.4.28","_npmUser":{"name":"vvakame","email":"vvakame@gmail.com"},"maintainers":[{"name":"vvakame","email":"vvakame@gmail.com"}],"dist":{"shasum":"29fc02dfe7e3affebd58bcc40ee236bd9d19940b","tarball":"https://registry.npmjs.org/commandpost/-/commandpost-0.0.3.tgz"}},"0.1.0":{"name":"commandpost","author":{"name":"vvakame"},"version":"0.1.0","description":"option parser","main":"./lib/index","repository":{"type":"git","url":"https://github.com/vvakame/commandpost.git"},"bugs":{"url":"https://github.com/vvakame/commandpost/issues"},"homepage":"https://github.com/vvakame/commandpost","license":{"type":"MIT","url":"http://vvakame.mit-license.org/"},"scripts":{"test":"grunt test"},"directories":{"test":"test"},"typescript":{"definition":"commandpost.d.ts"},"dependencies":{"es6-promise":"2.0.1"},"devDependencies":{"espower-loader":"0.10.0","grunt":"0.4.5","grunt-contrib-clean":"0.6.0","grunt-dtsm":"0.2.1","grunt-dts-bundle":"0.2.0","grunt-mocha-test":"0.12.6","grunt-ts":"2.0.1","grunt-tslint":"1.0.1","grunt-typedoc":"0.2.1","load-grunt-tasks":"2.0.0","mocha":"2.1.0","power-assert":"0.10.1","source-map-support":"0.2.9","time-grunt":"1.0.0","typescript":"1.4.1"},"gitHead":"ba253ce1cd5b49f2710db550f0f3b5f1f3c7ffea","_id":"commandpost@0.1.0","_shasum":"f0a7419bb528a1b628ba976e7701b432d83a5f7b","_from":".","_npmVersion":"1.4.28","_npmUser":{"name":"vvakame","email":"vvakame@gmail.com"},"maintainers":[{"name":"vvakame","email":"vvakame@gmail.com"}],"dist":{"shasum":"f0a7419bb528a1b628ba976e7701b432d83a5f7b","tarball":"https://registry.npmjs.org/commandpost/-/commandpost-0.1.0.tgz"}},"0.1.1":{"name":"commandpost","author":{"name":"vvakame"},"version":"0.1.1","description":"option parser","main":"./lib/index","repository":{"type":"git","url":"https://github.com/vvakame/commandpost.git"},"bugs":{"url":"https://github.com/vvakame/commandpost/issues"},"homepage":"https://github.com/vvakame/commandpost","license":{"type":"MIT","url":"http://vvakame.mit-license.org/"},"scripts":{"test":"grunt test"},"directories":{"test":"test"},"typescript":{"definition":"commandpost.d.ts"},"dependencies":{"es6-promise":"2.0.1"},"devDependencies":{"espower-loader":"0.10.0","grunt":"0.4.5","grunt-contrib-clean":"0.6.0","grunt-dtsm":"0.2.1","grunt-dts-bundle":"0.2.0","grunt-mocha-test":"0.12.7","grunt-ts":"2.0.1","grunt-tslint":"1.0.1","grunt-typedoc":"0.2.1","load-grunt-tasks":"3.0.0","mocha":"2.1.0","power-assert":"0.10.1","source-map-support":"0.2.9","time-grunt":"1.0.0","typescript":"1.4.1"},"gitHead":"cbca04b84c56f9991c5a7fca87cfd6beda47bfd0","_id":"commandpost@0.1.1","_shasum":"7dab3a84669cf173c8f2c206ba9ac83a0790a712","_from":".","_npmVersion":"1.4.28","_npmUser":{"name":"vvakame","email":"vvakame@gmail.com"},"maintainers":[{"name":"vvakame","email":"vvakame@gmail.com"}],"dist":{"shasum":"7dab3a84669cf173c8f2c206ba9ac83a0790a712","tarball":"https://registry.npmjs.org/commandpost/-/commandpost-0.1.1.tgz"}},"0.2.0":{"name":"commandpost","author":{"name":"vvakame"},"version":"0.2.0","description":"option parser","main":"./lib/index","repository":{"type":"git","url":"git+https://github.com/vvakame/commandpost.git"},"bugs":{"url":"https://github.com/vvakame/commandpost/issues"},"homepage":"https://github.com/vvakame/commandpost","license":{"type":"MIT","url":"http://vvakame.mit-license.org/"},"scripts":{"test":"grunt test"},"directories":{"test":"test"},"typescript":{"definition":"commandpost.d.ts"},"dependencies":{"es6-promise":"3.0.2"},"devDependencies":{"espower-loader":"1.0.0","grunt":"0.4.5","grunt-contrib-clean":"0.6.0","grunt-dtsm":"0.2.9","grunt-mocha-test":"0.12.7","grunt-ts":"5.0.0-beta.4","grunt-tslint":"2.5.0","grunt-typedoc":"0.2.2","load-grunt-tasks":"3.2.0","mocha":"2.3.0","power-assert":"1.0.0","source-map-support":"0.3.2","time-grunt":"1.2.1","typescript":"1.6.0-beta"},"gitHead":"f4bc751aa9ef49949adcfb927bee7c45f7fff68e","_id":"commandpost@0.2.0","_shasum":"1324b5bc11cf57687aa1d2198628c6bca446668f","_from":".","_npmVersion":"2.13.3","_nodeVersion":"3.3.0","_npmUser":{"name":"vvakame","email":"vvakame@gmail.com"},"maintainers":[{"name":"vvakame","email":"vvakame@gmail.com"}],"dist":{"shasum":"1324b5bc11cf57687aa1d2198628c6bca446668f","tarball":"https://registry.npmjs.org/commandpost/-/commandpost-0.2.0.tgz"}},"0.2.2":{"name":"commandpost","author":{"name":"vvakame"},"version":"0.2.2","description":"option parser","main":"./lib/index","repository":{"type":"git","url":"git+https://github.com/vvakame/commandpost.git"},"bugs":{"url":"https://github.com/vvakame/commandpost/issues"},"homepage":"https://github.com/vvakame/commandpost","license":"MIT","scripts":{"test":"grunt test"},"directories":{"test":"test"},"dependencies":{},"devDependencies":{"es6-promise":"3.0.2","espower-loader":"1.0.0","grunt":"0.4.5","grunt-contrib-clean":"0.6.0","grunt-dtsm":"0.2.9","grunt-mocha-test":"0.12.7","grunt-ts":"5.0.0-beta.4","grunt-tslint":"2.5.0","grunt-typedoc":"0.2.2","load-grunt-tasks":"3.2.0","mocha":"2.3.0","power-assert":"1.0.0","source-map-support":"0.3.2","time-grunt":"1.2.1","typescript":"1.6.0-beta"},"gitHead":"f3eea1fecf6a55326aaf387a0e644c218273c98f","_id":"commandpost@0.2.2","_shasum":"f357194843ecc33e4af4dfa981be7ed367f6af8f","_from":".","_npmVersion":"2.13.3","_nodeVersion":"3.3.0","_npmUser":{"name":"vvakame","email":"vvakame@gmail.com"},"maintainers":[{"name":"vvakame","email":"vvakame@gmail.com"}],"dist":{"shasum":"f357194843ecc33e4af4dfa981be7ed367f6af8f","tarball":"https://registry.npmjs.org/commandpost/-/commandpost-0.2.2.tgz"}},"0.2.3":{"name":"commandpost","author":{"name":"vvakame"},"version":"0.2.3","description":"option parser","main":"./lib/index","repository":{"type":"git","url":"git+https://github.com/vvakame/commandpost.git"},"bugs":{"url":"https://github.com/vvakame/commandpost/issues"},"homepage":"https://github.com/vvakame/commandpost","license":"MIT","scripts":{"test":"grunt test"},"directories":{"test":"test"},"dependencies":{},"devDependencies":{"es6-promise":"3.0.2","espower-loader":"1.0.0","grunt":"0.4.5","grunt-contrib-clean":"0.6.0","grunt-dtsm":"0.2.9","grunt-mocha-test":"0.12.7","grunt-ts":"5.0.0-beta.5","grunt-tslint":"2.5.0","grunt-typedoc":"0.2.2","load-grunt-tasks":"3.2.0","mocha":"2.3.2","power-assert":"1.0.1","source-map-support":"0.3.2","time-grunt":"1.2.1","typescript":"1.6.2"},"gitHead":"1de338e31d4246dec083346fdfd621e018b6f3d9","_id":"commandpost@0.2.3","_shasum":"c9d824434e320bf10b1d21eb26967dab2636459d","_from":".","_npmVersion":"2.14.2","_nodeVersion":"4.0.0","_npmUser":{"name":"vvakame","email":"vvakame@gmail.com"},"maintainers":[{"name":"vvakame","email":"vvakame@gmail.com"}],"dist":{"shasum":"c9d824434e320bf10b1d21eb26967dab2636459d","tarball":"https://registry.npmjs.org/commandpost/-/commandpost-0.2.3.tgz"}},"0.2.4":{"name":"commandpost","author":{"name":"vvakame"},"version":"0.2.4","description":"option parser","main":"./lib/index","repository":{"type":"git","url":"git+https://github.com/vvakame/commandpost.git"},"bugs":{"url":"https://github.com/vvakame/commandpost/issues"},"homepage":"https://github.com/vvakame/commandpost","license":"MIT","scripts":{"test":"grunt test"},"directories":{"test":"test"},"dependencies":{},"devDependencies":{"es6-promise":"3.0.2","espower-loader":"1.0.0","grunt":"0.4.5","grunt-contrib-clean":"0.6.0","grunt-dtsm":"0.2.9","grunt-mocha-test":"0.12.7","grunt-ts":"5.0.0-beta.5","grunt-tsconfig-update":"0.0.1","grunt-tslint":"2.5.0","grunt-typedoc":"0.2.2","load-grunt-tasks":"3.2.0","mocha":"2.3.2","power-assert":"1.0.1","source-map-support":"0.3.2","time-grunt":"1.2.1","typescript":"1.6.2"},"gitHead":"73ef798d9e6edbec8083e4e74dcd074954bd93ca","_id":"commandpost@0.2.4","_shasum":"805dd401f20e6839d687ac2a320a08fa31f9c8cc","_from":".","_npmVersion":"2.14.2","_nodeVersion":"4.0.0","_npmUser":{"name":"vvakame","email":"vvakame@gmail.com"},"maintainers":[{"name":"vvakame","email":"vvakame@gmail.com"}],"dist":{"shasum":"805dd401f20e6839d687ac2a320a08fa31f9c8cc","tarball":"https://registry.npmjs.org/commandpost/-/commandpost-0.2.4.tgz"}},"0.2.5":{"name":"commandpost","author":{"name":"vvakame"},"version":"0.2.5","description":"option parser","main":"./lib/index","repository":{"type":"git","url":"git+https://github.com/vvakame/commandpost.git"},"bugs":{"url":"https://github.com/vvakame/commandpost/issues"},"homepage":"https://github.com/vvakame/commandpost","license":"MIT","scripts":{"test":"grunt test"},"directories":{"test":"test"},"dependencies":{},"devDependencies":{"es6-promise":"3.0.2","espower-loader":"1.0.0","grunt":"0.4.5","grunt-contrib-clean":"0.6.0","grunt-dtsm":"0.2.9","grunt-mocha-test":"0.12.7","grunt-ts":"5.0.0-beta.5","grunt-tsconfig-update":"0.0.1","grunt-tslint":"2.5.0","grunt-typedoc":"0.2.2","load-grunt-tasks":"3.2.0","mocha":"2.3.2","power-assert":"1.0.1","source-map-support":"0.3.2","time-grunt":"1.2.1","typescript":"1.6.2"},"gitHead":"c0b98fc2f2ec02286902d97161823d7bca6d6d75","_id":"commandpost@0.2.5","_shasum":"f0860178948c558ee376d0b03a84ad0606bcb585","_from":".","_npmVersion":"2.14.3","_nodeVersion":"4.1.0","_npmUser":{"name":"vvakame","email":"vvakame@gmail.com"},"maintainers":[{"name":"vvakame","email":"vvakame@gmail.com"}],"dist":{"shasum":"f0860178948c558ee376d0b03a84ad0606bcb585","tarball":"https://registry.npmjs.org/commandpost/-/commandpost-0.2.5.tgz"}},"1.0.0":{"name":"commandpost","author":{"name":"vvakame"},"version":"1.0.0","description":"commandline option parser","main":"./lib/index","repository":{"type":"git","url":"git+https://github.com/vvakame/commandpost.git"},"bugs":{"url":"https://github.com/vvakame/commandpost/issues"},"homepage":"https://github.com/vvakame/commandpost","license":"MIT","scripts":{"test":"grunt test"},"directories":{"test":"test"},"dependencies":{},"devDependencies":{"es6-promise":"3.0.2","espower-loader":"1.0.0","grunt":"0.4.5","grunt-contrib-clean":"0.6.0","grunt-dtsm":"0.2.9","grunt-mocha-test":"0.12.7","grunt-ts":"5.0.0-beta.5","grunt-tsconfig-update":"0.0.1","grunt-tslint":"2.5.0","grunt-typedoc":"0.2.2","load-grunt-tasks":"3.2.0","mocha":"2.3.2","power-assert":"1.0.1","source-map-support":"0.3.2","time-grunt":"1.2.1","typescript":"1.6.2"},"gitHead":"1ecd1e235ee42cd3110bd31883f6448868bd8f24","_id":"commandpost@1.0.0","_shasum":"efffcdc908de231c47660fc1af35db44c5b883f5","_from":".","_npmVersion":"2.14.7","_nodeVersion":"4.2.0","_npmUser":{"name":"vvakame","email":"vvakame@gmail.com"},"maintainers":[{"name":"vvakame","email":"vvakame@gmail.com"}],"dist":{"shasum":"efffcdc908de231c47660fc1af35db44c5b883f5","tarball":"https://registry.npmjs.org/commandpost/-/commandpost-1.0.0.tgz"}},"1.0.1":{"name":"commandpost","author":{"name":"vvakame"},"version":"1.0.1","description":"commandline option parser","main":"./lib/index","repository":{"type":"git","url":"git+https://github.com/vvakame/commandpost.git"},"bugs":{"url":"https://github.com/vvakame/commandpost/issues"},"homepage":"https://github.com/vvakame/commandpost","license":"MIT","scripts":{"test":"grunt test"},"directories":{"test":"test"},"dependencies":{},"devDependencies":{"@types/mocha":"^2.2.32","@types/node":"^6.0.40","@types/power-assert":"^0.0.28","es6-promise":"^3.3.1","espower-loader":"^1.0.1","grunt":"^1.0.1","grunt-contrib-clean":"^1.0.0","grunt-conventional-changelog":"^6.1.0","grunt-exec":"^1.0.1","grunt-mocha-test":"^0.13.2","grunt-tslint":"^3.2.1","grunt-typedoc":"^0.2.4","load-grunt-tasks":"^3.5.2","mocha":"^3.0.2","power-assert":"^1.4.1","source-map-support":"^0.4.2","tslint":"^3.15.1","typescript":"^2.0.3","typescript-formatter":"^3.0.1"},"gitHead":"ed2e8658f387aa1a784f1849df00776206b8cd77","_id":"commandpost@1.0.1","_shasum":"7d7e3e69ae8fe7d6949341e91596ede9b2d631fd","_from":".","_npmVersion":"3.10.3","_nodeVersion":"6.6.0","_npmUser":{"name":"vvakame","email":"vvakame@gmail.com"},"dist":{"shasum":"7d7e3e69ae8fe7d6949341e91596ede9b2d631fd","tarball":"https://registry.npmjs.org/commandpost/-/commandpost-1.0.1.tgz"},"maintainers":[{"name":"vvakame","email":"vvakame@gmail.com"}],"_npmOperationalInternal":{"host":"packages-12-west.internal.npmjs.com","tmp":"tmp/commandpost-1.0.1.tgz_1474641980341_0.7173167208675295"}}},"readme":"# commandpost [![Circle CI](https://circleci.com/gh/vvakame/commandpost.png?style=badge)](https://circleci.com/gh/vvakame/commandpost)\n\ncommandpost is a command-line option parser.\nThis library inspired by [commander](https://www.npmjs.com/package/commander).\n\ncommander is very user friendly, but not [TypeScript](https://www.npmjs.com/package/typescript) friendly.\ncommandpost is improve it.\nOf course, commandpost can also be used from ordinary JavaScript program. :+1:\n\n## Installation\n\n```\n$ npm install --save commandpost\n```\n\n## How to use\n\n### Basic usage\n\n```\n$ cat cli.ts\nimport * as commandpost from \"commandpost\";\n\nlet root = commandpost\n\t.create<{ spice: string[]; }, { food: string; }>(\"dinner <food>\")\n\t.version(\"1.0.0\", \"-v, --version\")\n\t.description(\"today's dinner!\")\n\t.option(\"-s, --spice <name>\", \"What spice do you want? default: pepper\")\n\t.action((opts, args) => {\n\t\tconsole.log(`Your dinner is ${args.food} with ${opts.spice[0] || \"pepper\"}!`);\n\t});\n\ncommandpost\n\t.exec(root, process.argv)\n\t.catch(err => {\n\t\tif (err instanceof Error) {\n\t\t\tconsole.error(err.stack);\n\t\t} else {\n\t\t\tconsole.error(err);\n\t\t}\n\t\tprocess.exit(1);\n\t});\n\n$ node cli.js --help\n  Usage: dinner [options] [--] <food>\n\n  Options:\n\n    -s, --spice <name>  What spice do you want? default: pepper\n\n$ node cli.js -s \"soy sause\" \"fillet steak\"\nYour dinner is fillet steak with soy sause!\n```\n\n### Command\n\ntop level command is created by `commandpost.create` function.\n\ncommandpost can have a sub command.\nsub command is created by `topLevelCommand.subCommand` method.\nlike [this](https://github.com/vvakame/commandpost/blob/master/example/usage.ts#L36).\n\ncommandpost can configure several items.\ne.g. version information, app description, CLI usage and help message.\nI recommend that you should setup `.version` and `.description`.\nUsually, automatic generated help message satisfy you.\n\n### Option\n\n```\n// shorthand style & formal style option with required parameter. option value is convert to string[].\ncmd.option(\"-c, --config <configFile>\", \"Read setting from specified config file path\");\n\n// option with optional parameter. option value is convert to string[].\ncmd.option(\"-c, --config [configFile]\", \"Read setting from specified config file path\");\n\n// option without parameter. option value is convert to boolean. default false.\ncmd.option(\"--suppress-warning\", \"Suppress warning\");\n\n// option with `--no-` prefix. option value is convert to boolean. default true.\ncmd.option(\"--no-type-checking\", \"Type checking disabled\");\n```\n\nIf you want to handling unknown options, You can use `.allowUnknownOption` method.\n\n### Argument\n\n```\n// required argument\ncommandpost.create<{}, { food: string; }>(\"dinner <food>\");\n\n// optonal argument\ncommandpost.create<{}, { food: string; }>(\"dinner [food]\");\n\n// variadic argument\ncommandpost.create<{}, { foods: string[]; }>(\"dinner <food...>\");\n```\n\n### Examples\n\n* [example](https://github.com/vvakame/commandpost/blob/master/example/usage.ts) dir\n* [typescript-formatter](https://github.com/vvakame/typescript-formatter/blob/master/lib/cli.ts)\n* [dtsm](https://github.com/vvakame/dtsm/blob/master/lib/cli.ts)\n* [review.js](https://github.com/vvakame/review.js/blob/master/lib/cli.ts)\n* [prh](https://github.com/vvakame/prh/blob/master/lib/cli.ts)\n\n## Contributing\n\nThis package's author vvakame is not native english speaker. My first language is Japanese.\nIf you find incorrect english, please send me a pull request.\n","maintainers":[{"name":"vvakame","email":"vvakame@gmail.com"}],"time":{"modified":"2016-09-23T14:46:20.575Z","created":"2015-01-10T13:07:33.404Z","0.0.1":"2015-01-10T13:07:33.404Z","0.0.2":"2015-01-10T14:18:21.935Z","0.0.3":"2015-01-10T14:20:24.959Z","0.1.0":"2015-01-22T10:03:06.195Z","0.1.1":"2015-01-26T00:02:43.210Z","0.2.0":"2015-09-05T14:34:05.810Z","0.2.2":"2015-09-05T15:12:18.714Z","0.2.3":"2015-09-17T23:23:59.897Z","0.2.4":"2015-09-17T23:42:47.150Z","0.2.5":"2015-09-21T14:09:34.393Z","1.0.0":"2015-10-14T09:31:26.842Z","1.0.1":"2016-09-23T14:46:20.575Z"},"homepage":"https://github.com/vvakame/commandpost","repository":{"type":"git","url":"git+https://github.com/vvakame/commandpost.git"},"author":{"name":"vvakame"},"bugs":{"url":"https://github.com/vvakame/commandpost/issues"},"license":"MIT","readmeFilename":"README.md","users":{"vvakame":true},"_attachments":{},"_etag":"\"BQTMCYQ3W4NENATKMXNAWKG1X\"","_cached":true}