{"_id":"deep-equal","_rev":"37-a53c19d872cf7301be8e64ac05560e96","name":"deep-equal","description":"node's assert.deepEqual algorithm","dist-tags":{"latest":"1.0.1"},"versions":{"0.0.0":{"name":"deep-equal","version":"0.0.0","description":"node's assert.deepEqual algorithm","main":"index.js","directories":{"lib":".","example":"example","test":"test"},"scripts":{"test":"tap test/*.js"},"devDependencies":{"tap":"0.0.x"},"repository":{"type":"git","url":"git://github.com/substack/node-deep-equal.git"},"keywords":["equality","equal","compare"],"author":{"name":"James Halliday","email":"mail@substack.net","url":"http://substack.net"},"license":"MIT/X11","engine":{"node":">=0.4"},"_npmUser":{"name":"substack","email":"mail@substack.net"},"_id":"deep-equal@0.0.0","dependencies":{},"engines":{"node":"*"},"_engineSupported":true,"_npmVersion":"1.0.106","_nodeVersion":"v0.4.12","_defaultsLoaded":true,"dist":{"shasum":"99679d3bbd047156fcd450d3d01eeb9068691e83","tarball":"https://registry.npmjs.org/deep-equal/-/deep-equal-0.0.0.tgz"},"maintainers":[{"name":"substack","email":"mail@substack.net"}]},"0.1.0":{"name":"deep-equal","version":"0.1.0","description":"node's assert.deepEqual algorithm","main":"index.js","directories":{"lib":".","example":"example","test":"test"},"scripts":{"test":"tap test/*.js"},"devDependencies":{"tap":"~0.3.0","tape":"~0.0.5"},"repository":{"type":"git","url":"http://github.com/substack/node-deep-equal.git"},"keywords":["equality","equal","compare"],"author":{"name":"James Halliday","email":"mail@substack.net","url":"http://substack.net"},"license":"MIT","testling":{"files":"test/*.js","browsers":{"ie":[6,7,8,9],"ff":[3.5,10,15],"chrome":[10,22],"safari":[5.1],"opera":[12]}},"bugs":{"url":"https://github.com/substack/node-deep-equal/issues"},"_id":"deep-equal@0.1.0","dist":{"shasum":"81fcefc84551d9d67cccdd80e1fced7f355e146f","tarball":"https://registry.npmjs.org/deep-equal/-/deep-equal-0.1.0.tgz"},"_from":".","_npmVersion":"1.3.7","_npmUser":{"name":"substack","email":"mail@substack.net"},"maintainers":[{"name":"substack","email":"mail@substack.net"}]},"0.1.1":{"name":"deep-equal","version":"0.1.1","description":"node's assert.deepEqual algorithm","main":"index.js","directories":{"lib":".","example":"example","test":"test"},"scripts":{"test":"tap test/*.js"},"devDependencies":{"tap":"~0.3.0","tape":"~0.0.5"},"repository":{"type":"git","url":"http://github.com/substack/node-deep-equal.git"},"keywords":["equality","equal","compare"],"author":{"name":"James Halliday","email":"mail@substack.net","url":"http://substack.net"},"license":"MIT","testling":{"files":"test/*.js","browsers":{"ie":[6,7,8,9],"ff":[3.5,10,15],"chrome":[10,22],"safari":[5.1],"opera":[12]}},"bugs":{"url":"https://github.com/substack/node-deep-equal/issues"},"homepage":"https://github.com/substack/node-deep-equal","_id":"deep-equal@0.1.1","dist":{"shasum":"8a55b7eddb6ea545a55231fe0a405ebf05077e62","tarball":"https://registry.npmjs.org/deep-equal/-/deep-equal-0.1.1.tgz"},"_from":".","_npmVersion":"1.3.21","_npmUser":{"name":"substack","email":"mail@substack.net"},"maintainers":[{"name":"substack","email":"mail@substack.net"}]},"0.1.2":{"name":"deep-equal","version":"0.1.2","description":"node's assert.deepEqual algorithm","main":"index.js","directories":{"lib":".","example":"example","test":"test"},"scripts":{"test":"tape test/*.js"},"devDependencies":{"tape":"~2.3.2"},"repository":{"type":"git","url":"http://github.com/substack/node-deep-equal.git"},"keywords":["equality","equal","compare"],"author":{"name":"James Halliday","email":"mail@substack.net","url":"http://substack.net"},"license":"MIT","testling":{"files":"test/*.js","browsers":{"ie":[6,7,8,9],"ff":[3.5,10,15],"chrome":[10,22],"safari":[5.1],"opera":[12]}},"bugs":{"url":"https://github.com/substack/node-deep-equal/issues"},"homepage":"https://github.com/substack/node-deep-equal","_id":"deep-equal@0.1.2","dist":{"shasum":"b246c2b80a570a47c11be1d9bd1070ec878b87ce","tarball":"https://registry.npmjs.org/deep-equal/-/deep-equal-0.1.2.tgz"},"_from":".","_npmVersion":"1.3.21","_npmUser":{"name":"substack","email":"mail@substack.net"},"maintainers":[{"name":"substack","email":"mail@substack.net"}]},"0.2.0":{"name":"deep-equal","version":"0.2.0","description":"node's assert.deepEqual algorithm","main":"index.js","directories":{"lib":".","example":"example","test":"test"},"scripts":{"test":"tape test/*.js"},"devDependencies":{"tape":"~2.3.2"},"repository":{"type":"git","url":"http://github.com/substack/node-deep-equal.git"},"keywords":["equality","equal","compare"],"author":{"name":"James Halliday","email":"mail@substack.net","url":"http://substack.net"},"license":"MIT","testling":{"files":"test/*.js","browsers":{"ie":[6,7,8,9],"ff":[3.5,10,15],"chrome":[10,22],"safari":[5.1],"opera":[12]}},"bugs":{"url":"https://github.com/substack/node-deep-equal/issues"},"homepage":"https://github.com/substack/node-deep-equal","_id":"deep-equal@0.2.0","dist":{"shasum":"81994cd7332efcf72a373e7f2ba490b2763159b5","tarball":"https://registry.npmjs.org/deep-equal/-/deep-equal-0.2.0.tgz"},"_from":".","_npmVersion":"1.3.21","_npmUser":{"name":"substack","email":"mail@substack.net"},"maintainers":[{"name":"substack","email":"mail@substack.net"}]},"0.2.1":{"name":"deep-equal","version":"0.2.1","description":"node's assert.deepEqual algorithm","main":"index.js","directories":{"lib":".","example":"example","test":"test"},"scripts":{"test":"tape test/*.js"},"devDependencies":{"tape":"~2.3.2"},"repository":{"type":"git","url":"http://github.com/substack/node-deep-equal.git"},"keywords":["equality","equal","compare"],"author":{"name":"James Halliday","email":"mail@substack.net","url":"http://substack.net"},"license":"MIT","testling":{"files":"test/*.js","browsers":{"ie":[6,7,8,9],"ff":[3.5,10,15],"chrome":[10,22],"safari":[5.1],"opera":[12]}},"bugs":{"url":"https://github.com/substack/node-deep-equal/issues"},"homepage":"https://github.com/substack/node-deep-equal","_id":"deep-equal@0.2.1","dist":{"shasum":"fad7a793224cbf0c3c7786f92ef780e4fc8cc878","tarball":"https://registry.npmjs.org/deep-equal/-/deep-equal-0.2.1.tgz"},"_from":".","_npmVersion":"1.3.21","_npmUser":{"name":"substack","email":"mail@substack.net"},"maintainers":[{"name":"substack","email":"mail@substack.net"}]},"0.2.2":{"name":"deep-equal","version":"0.2.2","description":"node's assert.deepEqual algorithm","main":"index.js","directories":{"lib":".","example":"example","test":"test"},"scripts":{"test":"tape test/*.js"},"devDependencies":{"tape":"^3.5.0"},"repository":{"type":"git","url":"http://github.com/substack/node-deep-equal.git"},"keywords":["equality","equal","compare"],"author":{"name":"James Halliday","email":"mail@substack.net","url":"http://substack.net"},"license":"MIT","testling":{"files":"test/*.js","browsers":{"ie":[6,7,8,9],"ff":[3.5,10,15],"chrome":[10,22],"safari":[5.1],"opera":[12]}},"gitHead":"05cd26a25f0d7babf0c2758827b4dafec9d0582e","bugs":{"url":"https://github.com/substack/node-deep-equal/issues"},"homepage":"https://github.com/substack/node-deep-equal","_id":"deep-equal@0.2.2","_shasum":"84b745896f34c684e98f2ce0e42abaf43bba017d","_from":".","_npmVersion":"2.3.0","_nodeVersion":"0.10.35","_npmUser":{"name":"substack","email":"mail@substack.net"},"maintainers":[{"name":"substack","email":"mail@substack.net"}],"dist":{"shasum":"84b745896f34c684e98f2ce0e42abaf43bba017d","tarball":"https://registry.npmjs.org/deep-equal/-/deep-equal-0.2.2.tgz"}},"1.0.0":{"name":"deep-equal","version":"1.0.0","description":"node's assert.deepEqual algorithm","main":"index.js","directories":{"lib":".","example":"example","test":"test"},"scripts":{"test":"tape test/*.js"},"devDependencies":{"tape":"^3.5.0"},"repository":{"type":"git","url":"http://github.com/substack/node-deep-equal.git"},"keywords":["equality","equal","compare"],"author":{"name":"James Halliday","email":"mail@substack.net","url":"http://substack.net"},"license":"MIT","testling":{"files":"test/*.js","browsers":{"ie":[6,7,8,9],"ff":[3.5,10,15],"chrome":[10,22],"safari":[5.1],"opera":[12]}},"gitHead":"39c740ebdafed9443912a4ef1493b18693934daf","bugs":{"url":"https://github.com/substack/node-deep-equal/issues"},"homepage":"https://github.com/substack/node-deep-equal","_id":"deep-equal@1.0.0","_shasum":"d4564f07d2f0ab3e46110bec16592abd7dc2e326","_from":".","_npmVersion":"2.3.0","_nodeVersion":"0.10.35","_npmUser":{"name":"substack","email":"mail@substack.net"},"maintainers":[{"name":"substack","email":"mail@substack.net"}],"dist":{"shasum":"d4564f07d2f0ab3e46110bec16592abd7dc2e326","tarball":"https://registry.npmjs.org/deep-equal/-/deep-equal-1.0.0.tgz"}},"1.0.1":{"name":"deep-equal","version":"1.0.1","description":"node's assert.deepEqual algorithm","main":"index.js","directories":{"lib":".","example":"example","test":"test"},"scripts":{"test":"tape test/*.js"},"devDependencies":{"tape":"^3.5.0"},"repository":{"type":"git","url":"git+ssh://git@github.com/substack/node-deep-equal.git"},"keywords":["equality","equal","compare"],"author":{"name":"James Halliday","email":"mail@substack.net","url":"http://substack.net"},"license":"MIT","testling":{"files":"test/*.js","browsers":{"ie":[6,7,8,9],"ff":[3.5,10,15],"chrome":[10,22],"safari":[5.1],"opera":[12]}},"gitHead":"59c511f5aeae19e3dd1de054077a789d7302be34","bugs":{"url":"https://github.com/substack/node-deep-equal/issues"},"homepage":"https://github.com/substack/node-deep-equal#readme","_id":"deep-equal@1.0.1","_shasum":"f5d260292b660e084eff4cdbc9f08ad3247448b5","_from":".","_npmVersion":"3.2.2","_nodeVersion":"2.4.0","_npmUser":{"name":"substack","email":"substack@gmail.com"},"dist":{"shasum":"f5d260292b660e084eff4cdbc9f08ad3247448b5","tarball":"https://registry.npmjs.org/deep-equal/-/deep-equal-1.0.1.tgz"},"maintainers":[{"name":"substack","email":"mail@substack.net"}]}},"readme":"# deep-equal\n\nNode's `assert.deepEqual() algorithm` as a standalone module.\n\nThis module is around [5 times faster](https://gist.github.com/2790507)\nthan wrapping `assert.deepEqual()` in a `try/catch`.\n\n[![browser support](https://ci.testling.com/substack/node-deep-equal.png)](https://ci.testling.com/substack/node-deep-equal)\n\n[![build status](https://secure.travis-ci.org/substack/node-deep-equal.png)](https://travis-ci.org/substack/node-deep-equal)\n\n# example\n\n``` js\nvar equal = require('deep-equal');\nconsole.dir([\n    equal(\n        { a : [ 2, 3 ], b : [ 4 ] },\n        { a : [ 2, 3 ], b : [ 4 ] }\n    ),\n    equal(\n        { x : 5, y : [6] },\n        { x : 5, y : 6 }\n    )\n]);\n```\n\n# methods\n\n``` js\nvar deepEqual = require('deep-equal')\n```\n\n## deepEqual(a, b, opts)\n\nCompare objects `a` and `b`, returning whether they are equal according to a\nrecursive equality algorithm.\n\nIf `opts.strict` is `true`, use strict equality (`===`) to compare leaf nodes.\nThe default is to use coercive equality (`==`) because that's how\n`assert.deepEqual()` works by default.\n\n# install\n\nWith [npm](http://npmjs.org) do:\n\n```\nnpm install deep-equal\n```\n\n# test\n\nWith [npm](http://npmjs.org) do:\n\n```\nnpm test\n```\n\n# license\n\nMIT. Derived largely from node's assert module.\n","maintainers":[{"name":"substack","email":"mail@substack.net"}],"time":{"modified":"2015-08-29T21:02:28.562Z","created":"2012-02-11T05:42:13.188Z","0.0.0":"2012-02-11T05:42:14.579Z","0.1.0":"2013-10-14T14:52:24.917Z","0.1.1":"2013-12-20T20:40:18.118Z","0.1.2":"2013-12-21T03:05:03.548Z","0.2.0":"2014-01-29T22:04:03.965Z","0.2.1":"2014-01-29T22:05:28.806Z","0.2.2":"2015-02-07T18:27:09.674Z","1.0.0":"2015-02-07T18:27:38.585Z","1.0.1":"2015-08-29T21:02:28.562Z"},"author":{"name":"James Halliday","email":"mail@substack.net","url":"http://substack.net"},"repository":{"type":"git","url":"git+ssh://git@github.com/substack/node-deep-equal.git"},"users":{"freethenation":true,"dam":true,"pana":true,"popomore":true,"zerodi":true,"amirmehmood":true,"simplyianm":true,"joris-van-der-wel":true,"fwoelffel":true,"mightyiam":true,"koulmomo":true,"agat":true,"mkamakura":true,"leodutra":true,"klyngbaek":true,"yatsu":true,"j.su":true,"ackhub":true,"rtivital":true,"jovinbm":true,"akarem":true},"readmeFilename":"readme.markdown","homepage":"https://github.com/substack/node-deep-equal#readme","keywords":["equality","equal","compare"],"bugs":{"url":"https://github.com/substack/node-deep-equal/issues"},"license":"MIT","_attachments":{},"_etag":"\"66FPDGM5YPYJCYA6IP5HLMDQA\"","_cached":true}