{"_id":"deep-extend","_rev":"44-786142042042c4e1b417dd4b324fd9c0","name":"deep-extend","description":"Recursive object extending","dist-tags":{"latest":"0.4.1"},"versions":{"0.2.0":{"name":"deep-extend","description":"Recursive object extending.","version":"0.2.0","homepage":"https://github.com/unclechu/node-deep-extend","repository":{"type":"git","url":"git://github.com/unclechu/node-deep-extend.git"},"author":{"name":"Viacheslav Lotsmanov","email":"lotsmanov89@gmail.com"},"main":"index","engines":{"node":">=0.4"},"_npmUser":{"name":"unclechu","email":"lotsmanov89@gmail.com"},"_id":"deep-extend@0.2.0","dependencies":{},"devDependencies":{},"optionalDependencies":{},"_engineSupported":true,"_npmVersion":"1.1.12","_nodeVersion":"v0.6.14","_defaultsLoaded":true,"dist":{"shasum":"0335c263045d1b79a8599123414e6eedbc505ea9","tarball":"https://registry.npmjs.org/deep-extend/-/deep-extend-0.2.0.tgz"},"maintainers":[{"name":"unclechu","email":"lotsmanov89@gmail.com"}],"directories":{}},"0.2.1":{"name":"deep-extend","description":"Recursive object extending.","version":"0.2.1","homepage":"https://github.com/unclechu/node-deep-extend","repository":{"type":"git","url":"git://github.com/unclechu/node-deep-extend.git"},"author":{"name":"Viacheslav Lotsmanov","email":"lotsmanov89@gmail.com"},"main":"index","engines":{"node":">=0.4"},"_npmUser":{"name":"unclechu","email":"lotsmanov89@gmail.com"},"_id":"deep-extend@0.2.1","dependencies":{},"devDependencies":{},"optionalDependencies":{},"_engineSupported":true,"_npmVersion":"1.1.12","_nodeVersion":"v0.6.14","_defaultsLoaded":true,"dist":{"shasum":"38e3c530b94a412b29f027a6387c7ac69cfe4405","tarball":"https://registry.npmjs.org/deep-extend/-/deep-extend-0.2.1.tgz"},"maintainers":[{"name":"unclechu","email":"lotsmanov89@gmail.com"}],"directories":{}},"0.2.2":{"name":"deep-extend","description":"Recursive object extending.","version":"0.2.2","homepage":"https://github.com/unclechu/node-deep-extend","repository":{"type":"git","url":"git://github.com/unclechu/node-deep-extend.git"},"author":{"name":"Viacheslav Lotsmanov","email":"lotsmanov89@gmail.com"},"main":"index","engines":{"node":">=0.4"},"_npmUser":{"name":"unclechu","email":"lotsmanov89@gmail.com"},"_id":"deep-extend@0.2.2","dependencies":{},"devDependencies":{},"optionalDependencies":{},"_engineSupported":true,"_npmVersion":"1.1.12","_nodeVersion":"v0.6.14","_defaultsLoaded":true,"dist":{"shasum":"92a65646fa84b91a43623b278ee6933965bf04a2","tarball":"https://registry.npmjs.org/deep-extend/-/deep-extend-0.2.2.tgz"},"maintainers":[{"name":"unclechu","email":"lotsmanov89@gmail.com"}],"directories":{}},"0.2.4":{"name":"deep-extend","description":"Recursive object extending.","version":"0.2.4","homepage":"https://github.com/unclechu/node-deep-extend","repository":{"type":"git","url":"git://github.com/unclechu/node-deep-extend.git"},"author":{"name":"Viacheslav Lotsmanov","email":"lotsmanov89@gmail.com"},"main":"index","engines":{"node":">=0.4"},"_id":"deep-extend@0.2.4","dist":{"shasum":"d0c5d0e3486e264db71ddf4fa8f0807a189decdd","tarball":"https://registry.npmjs.org/deep-extend/-/deep-extend-0.2.4.tgz"},"_npmVersion":"1.1.65","_npmUser":{"name":"unclechu","email":"lotsmanov89@gmail.com"},"maintainers":[{"name":"unclechu","email":"lotsmanov89@gmail.com"}],"directories":{}},"0.2.5":{"name":"deep-extend","description":"Recursive object extending.","version":"0.2.5","homepage":"https://github.com/unclechu/node-deep-extend","repository":{"type":"git","url":"git://github.com/unclechu/node-deep-extend.git"},"author":{"name":"Viacheslav Lotsmanov","email":"lotsmanov89@gmail.com"},"main":"index","engines":{"node":">=0.4"},"_id":"deep-extend@0.2.5","dist":{"shasum":"04471b170de4afdb150f2e8b530b2974dbfee90d","tarball":"https://registry.npmjs.org/deep-extend/-/deep-extend-0.2.5.tgz"},"_npmVersion":"1.1.65","_npmUser":{"name":"unclechu","email":"lotsmanov89@gmail.com"},"maintainers":[{"name":"unclechu","email":"lotsmanov89@gmail.com"}],"directories":{}},"0.2.6":{"name":"deep-extend","description":"Recursive object extending.","license":"MIT","version":"0.2.6","homepage":"https://github.com/unclechu/node-deep-extend","repository":{"type":"git","url":"git://github.com/unclechu/node-deep-extend.git"},"author":{"name":"Viacheslav Lotsmanov","email":"lotsmanov89@gmail.com"},"main":"index","engines":{"node":">=0.4"},"bugs":{"url":"https://github.com/unclechu/node-deep-extend/issues"},"_id":"deep-extend@0.2.6","dist":{"shasum":"1f767e02b46d88d0a4087affa4b11b1b0b804250","tarball":"https://registry.npmjs.org/deep-extend/-/deep-extend-0.2.6.tgz"},"_from":".","_npmVersion":"1.3.2","_npmUser":{"name":"unclechu","email":"lotsmanov89@gmail.com"},"maintainers":[{"name":"unclechu","email":"lotsmanov89@gmail.com"}],"directories":{}},"0.2.7":{"name":"deep-extend","description":"Recursive object extending.","license":"MIT","version":"0.2.7","homepage":"https://github.com/unclechu/node-deep-extend","repository":{"type":"git","url":"git://github.com/unclechu/node-deep-extend.git"},"author":{"name":"Viacheslav Lotsmanov","email":"lotsmanov89@gmail.com"},"main":"index","engines":{"node":">=0.4"},"_id":"deep-extend@0.2.7","dist":{"shasum":"4de94495073900fa866a11029f9b3b8a5e56014f","tarball":"https://registry.npmjs.org/deep-extend/-/deep-extend-0.2.7.tgz"},"_from":".","_npmVersion":"1.2.18","_npmUser":{"name":"unclechu","email":"lotsmanov89@gmail.com"},"maintainers":[{"name":"unclechu","email":"lotsmanov89@gmail.com"}],"directories":{}},"0.2.8":{"name":"deep-extend","description":"Recursive object extending.","license":"MIT","version":"0.2.8","homepage":"https://github.com/unclechu/node-deep-extend","repository":{"type":"git","url":"git://github.com/unclechu/node-deep-extend.git"},"author":{"name":"Viacheslav Lotsmanov","email":"lotsmanov89@gmail.com","url":"unclechu"},"main":"index","engines":{"node":">=0.4"},"_id":"deep-extend@0.2.8","dist":{"shasum":"6d2893a805286e46d8243137c32fb991b50f4299","tarball":"https://registry.npmjs.org/deep-extend/-/deep-extend-0.2.8.tgz"},"_from":".","_npmVersion":"1.2.18","_npmUser":{"name":"unclechu","email":"lotsmanov89@gmail.com"},"maintainers":[{"name":"unclechu","email":"lotsmanov89@gmail.com"}],"directories":{}},"0.2.9":{"name":"deep-extend","description":"Recursive object extending.","license":"MIT","version":"0.2.9","homepage":"https://github.com/unclechu/node-deep-extend","repository":{"type":"git","url":"git://github.com/unclechu/node-deep-extend.git"},"author":{"name":"Viacheslav Lotsmanov","email":"lotsmanov89@gmail.com","url":"unclechu"},"contributors":[{"name":"Romain Prieto","url":"https://github.com/rprieto"}],"main":"index","engines":{"node":">=0.4"},"scripts":{"test":"mocha"},"devDependencies":{"mocha":"~1.19.0","should":"~3.3.2"},"directories":{"test":"./test"},"bugs":{"url":"https://github.com/unclechu/node-deep-extend/issues"},"_id":"deep-extend@0.2.9","dist":{"shasum":"f078b2166e4ae9b638969644eaa9521e2e257c87","tarball":"https://registry.npmjs.org/deep-extend/-/deep-extend-0.2.9.tgz"},"_from":".","_npmVersion":"1.4.6","_npmUser":{"name":"unclechu","email":"lotsmanov89@gmail.com"},"maintainers":[{"name":"unclechu","email":"lotsmanov89@gmail.com"}]},"0.2.10":{"name":"deep-extend","description":"Recursive object extending.","license":"MIT","version":"0.2.10","homepage":"https://github.com/unclechu/node-deep-extend","repository":{"type":"git","url":"git://github.com/unclechu/node-deep-extend.git"},"author":{"name":"Viacheslav Lotsmanov","email":"lotsmanov89@gmail.com","url":"unclechu"},"contributors":[{"name":"Romain Prieto","url":"https://github.com/rprieto"}],"main":"index","engines":{"node":">=0.4"},"scripts":{"test":"mocha"},"devDependencies":{"mocha":"~1.19.0","should":"~3.3.2"},"directories":{"test":"./test"},"bugs":{"url":"https://github.com/unclechu/node-deep-extend/issues"},"_id":"deep-extend@0.2.10","dist":{"shasum":"8dd87f56835e91a7da57d07f3c5472165cf5d467","tarball":"https://registry.npmjs.org/deep-extend/-/deep-extend-0.2.10.tgz"},"_from":".","_npmVersion":"1.4.6","_npmUser":{"name":"unclechu","email":"lotsmanov89@gmail.com"},"maintainers":[{"name":"unclechu","email":"lotsmanov89@gmail.com"}]},"0.2.11":{"name":"deep-extend","description":"Recursive object extending.","license":"MIT","version":"0.2.11","homepage":"https://github.com/unclechu/node-deep-extend","repository":{"type":"git","url":"git://github.com/unclechu/node-deep-extend.git"},"author":{"name":"Viacheslav Lotsmanov","email":"lotsmanov89@gmail.com","url":"unclechu"},"contributors":[{"name":"Romain Prieto","url":"https://github.com/rprieto"}],"main":"index","engines":{"node":">=0.4"},"scripts":{"test":"mocha"},"devDependencies":{"mocha":"~1.19.0","should":"~3.3.2"},"directories":{"test":"./test"},"bugs":{"url":"https://github.com/unclechu/node-deep-extend/issues"},"_id":"deep-extend@0.2.11","dist":{"shasum":"7a16ba69729132340506170494bc83f7076fe08f","tarball":"https://registry.npmjs.org/deep-extend/-/deep-extend-0.2.11.tgz"},"_from":".","_npmVersion":"1.4.6","_npmUser":{"name":"unclechu","email":"lotsmanov89@gmail.com"},"maintainers":[{"name":"unclechu","email":"lotsmanov89@gmail.com"}]},"0.3.0":{"name":"deep-extend","description":"Recursive object extending.","license":"MIT","version":"0.3.0","homepage":"https://github.com/unclechu/node-deep-extend","repository":{"type":"git","url":"git://github.com/unclechu/node-deep-extend.git"},"author":{"name":"Viacheslav Lotsmanov","email":"lotsmanov89@gmail.com","url":"unclechu"},"contributors":[{"name":"Romain Prieto","url":"https://github.com/rprieto"},{"name":"Max Maximov","url":"https://github.com/maxmaximov"}],"main":"index","engines":{"node":">=0.4"},"scripts":{"test":"mocha"},"devDependencies":{"mocha":"~1.19.0","should":"~3.3.2"},"directories":{"test":"./test"},"bugs":{"url":"https://github.com/unclechu/node-deep-extend/issues"},"_id":"deep-extend@0.3.0","dist":{"shasum":"5f34df22a50751cffe7699594c22262383ce1619","tarball":"https://registry.npmjs.org/deep-extend/-/deep-extend-0.3.0.tgz"},"_from":".","_npmVersion":"1.4.6","_npmUser":{"name":"unclechu","email":"lotsmanov89@gmail.com"},"maintainers":[{"name":"unclechu","email":"lotsmanov89@gmail.com"}]},"0.3.1":{"name":"deep-extend","description":"Recursive object extending.","license":"MIT","version":"0.3.1","homepage":"https://github.com/unclechu/node-deep-extend","tags":["deep-extend","extend","deep","recursive","xtend","clone","merge","json"],"repository":{"type":"git","url":"git://github.com/unclechu/node-deep-extend.git"},"author":{"name":"Viacheslav Lotsmanov","email":"lotsmanov89@gmail.com","url":"unclechu"},"contributors":[{"name":"Romain Prieto","url":"https://github.com/rprieto"},{"name":"Max Maximov","url":"https://github.com/maxmaximov"}],"main":"index","engines":{"node":">=0.4"},"scripts":{"test":"mocha"},"devDependencies":{"mocha":"~1.19.0","should":"~3.3.2"},"directories":{"test":"./test"},"bugs":{"url":"https://github.com/unclechu/node-deep-extend/issues"},"_id":"deep-extend@0.3.1","dist":{"shasum":"ae82a18ed83ca4ea00c32a05d8b6dba34f0c60ea","tarball":"https://registry.npmjs.org/deep-extend/-/deep-extend-0.3.1.tgz"},"_from":".","_npmVersion":"1.4.6","_npmUser":{"name":"unclechu","email":"lotsmanov89@gmail.com"},"maintainers":[{"name":"unclechu","email":"lotsmanov89@gmail.com"}]},"0.3.2":{"name":"deep-extend","description":"Recursive object extending.","license":"MIT","version":"0.3.2","homepage":"https://github.com/unclechu/node-deep-extend","keywords":["deep-extend","extend","deep","recursive","xtend","clone","merge","json"],"repository":{"type":"git","url":"git://github.com/unclechu/node-deep-extend.git"},"author":{"name":"Viacheslav Lotsmanov","email":"lotsmanov89@gmail.com","url":"unclechu"},"contributors":[{"name":"Romain Prieto","url":"https://github.com/rprieto"},{"name":"Max Maximov","url":"https://github.com/maxmaximov"}],"main":"index","engines":{"node":">=0.4"},"scripts":{"test":"mocha"},"devDependencies":{"mocha":"~1.19.0","should":"~3.3.2"},"directories":{"test":"./test"},"bugs":{"url":"https://github.com/unclechu/node-deep-extend/issues"},"_id":"deep-extend@0.3.2","dist":{"shasum":"c75dff89f1c639e98438894d156c30b4f87b3a56","tarball":"https://registry.npmjs.org/deep-extend/-/deep-extend-0.3.2.tgz"},"_from":".","_npmVersion":"1.4.6","_npmUser":{"name":"unclechu","email":"lotsmanov89@gmail.com"},"maintainers":[{"name":"unclechu","email":"lotsmanov89@gmail.com"}]},"0.3.3":{"name":"deep-extend","description":"Recursive object extending.","license":"MIT","version":"0.3.3","homepage":"https://github.com/unclechu/node-deep-extend","keywords":["deep-extend","extend","deep","recursive","xtend","clone","merge","json"],"licenses":[{"type":"MIT","url":"https://raw.githubusercontent.com/unclechu/node-deep-extend/master/LICENSE"}],"repository":{"type":"git","url":"git://github.com/unclechu/node-deep-extend.git"},"author":{"name":"Viacheslav Lotsmanov","email":"lotsmanov89@gmail.com"},"bugs":{"url":"https://github.com/unclechu/node-deep-extend/issues"},"contributors":[{"name":"Romain Prieto","url":"https://github.com/rprieto"},{"name":"Max Maximov","url":"https://github.com/maxmaximov"}],"main":"index","engines":{"node":">=0.4","iojs":">=1"},"scripts":{"test":"mocha"},"devDependencies":{"mocha":"^2.2.1","should":"^5.2.0"},"directories":{"test":"./test/"},"files":["test/index.spec.js","test/mocha.opts","index.js","LICENSE","README.md"],"gitHead":"de130b1670b7a8772b7e3497ccd335d18f49862c","_id":"deep-extend@0.3.3","_shasum":"2e8adfe69ed580ea019ce2efa9fa5f5106ea39c7","_from":".","_npmVersion":"2.5.1","_nodeVersion":"1.2.0","_npmUser":{"name":"unclechu","email":"lotsmanov89@gmail.com"},"maintainers":[{"name":"unclechu","email":"lotsmanov89@gmail.com"}],"dist":{"shasum":"2e8adfe69ed580ea019ce2efa9fa5f5106ea39c7","tarball":"https://registry.npmjs.org/deep-extend/-/deep-extend-0.3.3.tgz"}},"0.4.0":{"name":"deep-extend","description":"Recursive object extending","license":"MIT","version":"0.4.0","homepage":"https://github.com/unclechu/node-deep-extend","keywords":["deep-extend","extend","deep","recursive","xtend","clone","merge","json"],"licenses":[{"type":"MIT","url":"https://raw.githubusercontent.com/unclechu/node-deep-extend/master/LICENSE"}],"repository":{"type":"git","url":"git://github.com/unclechu/node-deep-extend.git"},"author":{"name":"Viacheslav Lotsmanov","email":"lotsmanov89@gmail.com"},"bugs":{"url":"https://github.com/unclechu/node-deep-extend/issues"},"contributors":[{"name":"Romain Prieto","url":"https://github.com/rprieto"},{"name":"Max Maximov","url":"https://github.com/maxmaximov"}],"main":"lib/deep-extend.js","engines":{"node":">=0.4.0","iojs":">=1.0.0"},"scripts":{"test":"mocha"},"devDependencies":{"mocha":"^2.2.1","should":"^5.2.0"},"directories":{"lib":"./lib/","test":"./test/"},"files":["lib/deep-extend.js","test/index.spec.js","test/mocha.opts","index.js","LICENSE","README.md"],"gitHead":"9ea374c54bdff7e42be163ae09670ea8cf3bbc7e","_id":"deep-extend@0.4.0","_shasum":"f58b46db58eb5d6439cdd0f2e6cafb4739fc1283","_from":".","_npmVersion":"2.8.3","_nodeVersion":"1.8.1","_npmUser":{"name":"unclechu","email":"lotsmanov89@gmail.com"},"maintainers":[{"name":"unclechu","email":"lotsmanov89@gmail.com"}],"dist":{"shasum":"f58b46db58eb5d6439cdd0f2e6cafb4739fc1283","tarball":"https://registry.npmjs.org/deep-extend/-/deep-extend-0.4.0.tgz"}},"0.4.1":{"name":"deep-extend","description":"Recursive object extending","license":"MIT","version":"0.4.1","homepage":"https://github.com/unclechu/node-deep-extend","keywords":["deep-extend","extend","deep","recursive","xtend","clone","merge","json"],"licenses":[{"type":"MIT","url":"https://raw.githubusercontent.com/unclechu/node-deep-extend/master/LICENSE"}],"repository":{"type":"git","url":"git://github.com/unclechu/node-deep-extend.git"},"author":{"name":"Viacheslav Lotsmanov","email":"lotsmanov89@gmail.com"},"bugs":{"url":"https://github.com/unclechu/node-deep-extend/issues"},"contributors":[{"name":"Romain Prieto","url":"https://github.com/rprieto"},{"name":"Max Maximov","url":"https://github.com/maxmaximov"}],"main":"lib/deep-extend.js","engines":{"node":">=0.12.0","iojs":">=1.0.0"},"scripts":{"test":"mocha"},"devDependencies":{"mocha":"^2.2.1","should":"^5.2.0"},"directories":{"lib":"./lib/","test":"./test/"},"files":["lib/deep-extend.js","index.js"],"gitHead":"08e39356bba769744c669eb219a31fee07decd19","_id":"deep-extend@0.4.1","_shasum":"efe4113d08085f4e6f9687759810f807469e2253","_from":".","_npmVersion":"2.5.1","_nodeVersion":"0.12.0","_npmUser":{"name":"unclechu","email":"lotsmanov89@gmail.com"},"dist":{"shasum":"efe4113d08085f4e6f9687759810f807469e2253","tarball":"https://registry.npmjs.org/deep-extend/-/deep-extend-0.4.1.tgz"},"maintainers":[{"name":"unclechu","email":"lotsmanov89@gmail.com"}]}},"readme":"Deep Extend\n===========\n\nRecursive object extending.\n\n[![NPM](https://nodei.co/npm/deep-extend.png?downloads=true&downloadRank=true&stars=true)](https://nodei.co/npm/deep-extend/)\n[![NPM](https://nodei.co/npm-dl/deep-extend.png?height=3)](https://nodei.co/npm/deep-extend/)\n\nInstall\n-------\n\n```bash\n$ npm install deep-extend\n```\n\nUsage\n-----\n\n```javascript\nvar deepExtend = require('deep-extend');\nvar obj1 = {\n  a: 1,\n  b: 2,\n  d: {\n    a: 1,\n    b: [],\n    c: { test1: 123, test2: 321 }\n  },\n  f: 5,\n  g: 123,\n  i: 321,\n  j: [1, 2]\n};\nvar obj2 = {\n  b: 3,\n  c: 5,\n  d: {\n    b: { first: 'one', second: 'two' },\n    c: { test2: 222 }\n  },\n  e: { one: 1, two: 2 },\n  f: [],\n  g: (void 0),\n  h: /abc/g,\n  i: null,\n  j: [3, 4]\n};\n\ndeepExtend(obj1, obj2);\n\nconsole.log(obj1);\n/*\n{ a: 1,\n  b: 3,\n  d:\n   { a: 1,\n     b: { first: 'one', second: 'two' },\n     c: { test1: 123, test2: 222 } },\n  f: null,\n  g: undefined,\n  c: 5,\n  e: { one: 1, two: 2 },\n  h: /abc/g,\n  i: null,\n  j: [3, 4] }\n*/\n```\n\nUnit testing\n------------\n\n```bash\n$ npm test\n```\n\nChangelog\n---------\n\n[CHANGELOG.md](./CHANGELOG.md)\n\nAny issues?\n-----------\n\nPlease, report about issues\n[here](https://github.com/unclechu/node-deep-extend/issues).\n\nLicense\n-------\n\n[MIT](./LICENSE)\n","maintainers":[{"name":"unclechu","email":"lotsmanov89@gmail.com"}],"time":{"modified":"2016-01-16T23:14:09.322Z","created":"2012-03-29T22:27:49.013Z","0.2.0":"2012-03-29T22:27:51.560Z","0.2.1":"2012-03-29T22:46:08.606Z","0.2.2":"2012-04-11T03:57:45.123Z","0.2.4":"2012-11-13T06:25:33.628Z","0.2.5":"2012-11-13T08:38:57.215Z","0.2.6":"2013-08-26T17:27:10.679Z","0.2.7":"2014-02-01T15:53:52.356Z","0.2.8":"2014-02-01T16:39:27.191Z","0.2.9":"2014-05-27T08:43:02.801Z","0.2.10":"2014-05-27T09:50:42.551Z","0.2.11":"2014-07-28T17:16:26.230Z","0.3.0":"2014-10-03T20:28:28.129Z","0.3.1":"2014-10-03T20:34:01.297Z","0.3.2":"2014-10-03T20:36:18.936Z","0.3.3":"2015-03-28T13:10:03.417Z","0.4.0":"2015-05-01T19:52:47.885Z","0.4.1":"2016-01-16T23:14:09.322Z"},"author":{"name":"Viacheslav Lotsmanov","email":"lotsmanov89@gmail.com"},"repository":{"type":"git","url":"git://github.com/unclechu/node-deep-extend.git"},"readmeFilename":"README.md","homepage":"https://github.com/unclechu/node-deep-extend","contributors":[{"name":"Romain Prieto","url":"https://github.com/rprieto"},{"name":"Max Maximov","url":"https://github.com/maxmaximov"}],"bugs":{"url":"https://github.com/unclechu/node-deep-extend/issues"},"license":"MIT","keywords":["deep-extend","extend","deep","recursive","xtend","clone","merge","json"],"users":{"gdbtek":true,"jessaustin":true,"deepanchor":true,"abdihaikal":true,"tommyzzm":true,"ruyadorno":true,"nichoth":true,"sebastian1118":true,"xiongwilee":true,"jybleau":true},"_attachments":{},"_etag":"\"PJR3DWE4S3WU2A9M656ZRFN\"","_cached":true}