{"_id":"gonzales-pe","_rev":"131-305082d95e4092f83c0a7e9bb9831426","name":"gonzales-pe","description":"Gonzales Preprocessor Edition (fast CSS parser)","dist-tags":{"latest":"3.4.4","dev":"3.2.2","tg":"3.2.5-dev2"},"versions":{"2.0.0-alpha":{"name":"gonzales-pe","description":"Gonzales Preprocessor Edition (fast CSS parser)","version":"2.0.0-alpha","homepage":"http://github.com/tonyganch/gonzales-pe","bugs":"http://github.com/tonyganch/gonzales-pe/issues","license":"MIT","author":{"name":"Tony Ganch","email":"tonyganch@gmail.com"},"main":"./lib/gonzales","repository":{"type":"git","url":"http://github.com/tonyganch/gonzales-pe.git"},"scripts":{"test":"(make && mkdir -p log && node ./test/test.js) | tee ./log/test.log"},"devDependencies":{"benchmark":"~1.0.0","microtime":"~0.3.3"},"engines":{"node":">=0.6.0"},"_id":"gonzales-pe@2.0.0-alpha","dist":{"shasum":"69bd8eecf8871e65e088aa25663123d1679bb81e","tarball":"https://registry.npmjs.org/gonzales-pe/-/gonzales-pe-2.0.0-alpha.tgz"},"_npmVersion":"1.1.61","_npmUser":{"name":"tonyganch","email":"tonyganch@gmail.com"},"maintainers":[{"name":"tonyganch","email":"tonyganch@gmail.com"}],"directories":{}},"2.0.0-beta":{"name":"gonzales-pe","description":"Gonzales Preprocessor Edition (fast CSS parser)","version":"2.0.0-beta","homepage":"http://github.com/tonyganch/gonzales-pe","bugs":"http://github.com/tonyganch/gonzales-pe/issues","license":"MIT","author":{"name":"Tony Ganch","email":"tonyganch@gmail.com"},"main":"./lib/gonzales","repository":{"type":"git","url":"http://github.com/tonyganch/gonzales-pe.git"},"scripts":{"test":"(make && mkdir -p log && node ./test/test.js) | tee ./log/test.log"},"devDependencies":{"benchmark":"~1.0.0","microtime":"~0.3.3"},"engines":{"node":">=0.6.0"},"_id":"gonzales-pe@2.0.0-beta","dist":{"shasum":"191e532534677b6febfd6665211859b74c1010a4","tarball":"https://registry.npmjs.org/gonzales-pe/-/gonzales-pe-2.0.0-beta.tgz"},"_npmVersion":"1.1.61","_npmUser":{"name":"tonyganch","email":"tonyganch@gmail.com"},"maintainers":[{"name":"tonyganch","email":"tonyganch@gmail.com"}],"directories":{}},"2.0.0-rc0":{"name":"gonzales-pe","description":"Gonzales Preprocessor Edition (fast CSS parser)","version":"2.0.0-rc0","homepage":"http://github.com/tonyganch/gonzales-pe","bugs":"http://github.com/tonyganch/gonzales-pe/issues","license":"MIT","author":{"name":"Tony Ganch","email":"tonyganch@gmail.com"},"main":"./lib/gonzales","repository":{"type":"git","url":"http://github.com/tonyganch/gonzales-pe.git"},"scripts":{"test":"(make && mkdir -p log && node ./test/test.js) | tee ./log/test.log"},"devDependencies":{"benchmark":"~1.0.0","microtime":"~0.3.3"},"engines":{"node":">=0.6.0"},"_id":"gonzales-pe@2.0.0-rc0","dist":{"shasum":"6c85ec4412a36bf965e7f73ade9b93223f2ac402","tarball":"https://registry.npmjs.org/gonzales-pe/-/gonzales-pe-2.0.0-rc0.tgz"},"_npmVersion":"1.1.61","_npmUser":{"name":"tonyganch","email":"tonyganch@gmail.com"},"maintainers":[{"name":"tonyganch","email":"tonyganch@gmail.com"}],"directories":{}},"2.0.0-rc1":{"name":"gonzales-pe","description":"Gonzales Preprocessor Edition (fast CSS parser)","version":"2.0.0-rc1","homepage":"http://github.com/tonyganch/gonzales-pe","bugs":"http://github.com/tonyganch/gonzales-pe/issues","license":"MIT","author":{"name":"Tony Ganch","email":"tonyganch@gmail.com"},"main":"./lib/gonzales","repository":{"type":"git","url":"http://github.com/tonyganch/gonzales-pe.git"},"scripts":{"test":"(make && mkdir -p log && node ./test/test.js) | tee ./log/test.log"},"devDependencies":{"benchmark":"~1.0.0","microtime":"~0.3.3"},"engines":{"node":">=0.6.0"},"_id":"gonzales-pe@2.0.0-rc1","dist":{"shasum":"0473cd1c9faf83e5f0af4574513cfd93c912ea76","tarball":"https://registry.npmjs.org/gonzales-pe/-/gonzales-pe-2.0.0-rc1.tgz"},"_npmVersion":"1.1.61","_npmUser":{"name":"tonyganch","email":"tonyganch@gmail.com"},"maintainers":[{"name":"tonyganch","email":"tonyganch@gmail.com"}],"directories":{}},"2.0.0":{"name":"gonzales-pe","description":"Gonzales Preprocessor Edition (fast CSS parser)","version":"2.0.0","homepage":"http://github.com/tonyganch/gonzales-pe","bugs":"http://github.com/tonyganch/gonzales-pe/issues","license":"MIT","author":{"name":"Tony Ganch","email":"tonyganch@gmail.com"},"main":"./lib/gonzales","repository":{"type":"git","url":"http://github.com/tonyganch/gonzales-pe.git"},"scripts":{"test":"(make && mkdir -p log && node ./test/test.js) | tee ./log/test.log"},"devDependencies":{"benchmark":"~1.0.0","microtime":"~0.3.3"},"engines":{"node":">=0.6.0"},"_id":"gonzales-pe@2.0.0","dist":{"shasum":"3c83dcb0ee051f124d950140249f0035ce3ae173","tarball":"https://registry.npmjs.org/gonzales-pe/-/gonzales-pe-2.0.0.tgz"},"_npmVersion":"1.1.61","_npmUser":{"name":"tonyganch","email":"tonyganch@gmail.com"},"maintainers":[{"name":"tonyganch","email":"tonyganch@gmail.com"}],"directories":{}},"2.0.1":{"name":"gonzales-pe","description":"Gonzales Preprocessor Edition (fast CSS parser)","version":"2.0.1","homepage":"http://github.com/tonyganch/gonzales-pe","bugs":"http://github.com/tonyganch/gonzales-pe/issues","license":"MIT","author":{"name":"Tony Ganch","email":"tonyganch@gmail.com"},"main":"./lib/gonzales","repository":{"type":"git","url":"http://github.com/tonyganch/gonzales-pe.git"},"scripts":{"test":"(make && mkdir -p log && node ./test/test.js) | tee ./log/test.log"},"devDependencies":{"benchmark":"~1.0.0","microtime":"~0.3.3"},"engines":{"node":">=0.6.0"},"_id":"gonzales-pe@2.0.1","dist":{"shasum":"262b6a207966d813ac995144ff7fdeb2d52e914e","tarball":"https://registry.npmjs.org/gonzales-pe/-/gonzales-pe-2.0.1.tgz"},"_npmVersion":"1.1.61","_npmUser":{"name":"tonyganch","email":"tonyganch@gmail.com"},"maintainers":[{"name":"tonyganch","email":"tonyganch@gmail.com"}],"directories":{}},"2.0.2":{"name":"gonzales-pe","description":"Gonzales Preprocessor Edition (fast CSS parser)","version":"2.0.2","homepage":"http://github.com/tonyganch/gonzales-pe","bugs":{"url":"http://github.com/tonyganch/gonzales-pe/issues"},"license":"MIT","author":{"name":"Tony Ganch","email":"tonyganch+github@gmail.com","url":"http://tonyganch.com"},"main":"./lib/gonzales","repository":{"type":"git","url":"http://github.com/tonyganch/gonzales-pe.git"},"scripts":{"test":"(make && mkdir -p log && node ./test/test.js) | tee ./log/test.log"},"devDependencies":{"benchmark":"~1.0.0","microtime":"~0.3.3"},"engines":{"node":">=0.6.0"},"_id":"gonzales-pe@2.0.2","dist":{"shasum":"91fe206cfd9fabb067732c495a9e7f48ebddd3c9","tarball":"https://registry.npmjs.org/gonzales-pe/-/gonzales-pe-2.0.2.tgz"},"_from":".","_npmVersion":"1.3.21","_npmUser":{"name":"tonyganch","email":"tonyganch+github@gmail.com"},"maintainers":[{"name":"tonyganch","email":"tonyganch+github@gmail.com"}],"directories":{}},"3.0.0-1":{"name":"gonzales-pe","description":"Gonzales Preprocessor Edition (fast CSS parser)","version":"3.0.0-1","homepage":"http://github.com/tonyganch/gonzales-pe","bugs":{"url":"http://github.com/tonyganch/gonzales-pe/issues"},"license":"MIT","author":{"name":"Tony Ganch","email":"tonyganch+github@gmail.com","url":"http://tonyganch.com"},"main":"./lib/gonzales","repository":{"type":"git","url":"http://github.com/tonyganch/gonzales-pe.git"},"scripts":{"test":"(make && mkdir -p log && node ./test/mocha.js) | tee ./log/test.log"},"devDependencies":{"benchmark":"~1.0.0","coffee-script":"latest","microtime":"~0.3.3","mocha":"latest"},"engines":{"node":">=0.6.0"},"_id":"gonzales-pe@3.0.0-1","dist":{"shasum":"14638e23d8822c43576b12c8c6eb80843622c7f1","tarball":"https://registry.npmjs.org/gonzales-pe/-/gonzales-pe-3.0.0-1.tgz"},"_from":".","_npmVersion":"1.3.25","_npmUser":{"name":"tonyganch","email":"tonyganch+github@gmail.com"},"maintainers":[{"name":"tonyganch","email":"tonyganch@gmail.com"}],"directories":{}},"3.0.0-2":{"name":"gonzales-pe","description":"Gonzales Preprocessor Edition (fast CSS parser)","version":"3.0.0-2","homepage":"http://github.com/tonyganch/gonzales-pe","bugs":{"url":"http://github.com/tonyganch/gonzales-pe/issues"},"license":"MIT","author":{"name":"Tony Ganch","email":"tonyganch+github@gmail.com","url":"http://tonyganch.com"},"main":"./lib/gonzales","repository":{"type":"git","url":"http://github.com/tonyganch/gonzales-pe.git"},"scripts":{"test":"(make && mkdir -p log && node ./test/mocha.js) | tee ./log/test.log"},"devDependencies":{"benchmark":"~1.0.0","coffee-script":"latest","microtime":"~0.3.3","mocha":"latest"},"engines":{"node":">=0.6.0"},"_id":"gonzales-pe@3.0.0-2","dist":{"shasum":"63710066543a718874f8f111bffb34deb9d5f097","tarball":"https://registry.npmjs.org/gonzales-pe/-/gonzales-pe-3.0.0-2.tgz"},"_from":".","_npmVersion":"1.3.25","_npmUser":{"name":"tonyganch","email":"tonyganch+github@gmail.com"},"maintainers":[{"name":"tonyganch","email":"tonyganch@gmail.com"}],"directories":{}},"3.0.0-3":{"name":"gonzales-pe","description":"Gonzales Preprocessor Edition (fast CSS parser)","version":"3.0.0-3","homepage":"http://github.com/tonyganch/gonzales-pe","bugs":{"url":"http://github.com/tonyganch/gonzales-pe/issues"},"license":"MIT","author":{"name":"Tony Ganch","email":"tonyganch+github@gmail.com","url":"http://tonyganch.com"},"main":"./lib/gonzales","repository":{"type":"git","url":"http://github.com/tonyganch/gonzales-pe.git"},"scripts":{"test":"(make && mkdir -p log && node ./test/mocha.js) | tee ./log/test.log"},"devDependencies":{"benchmark":"~1.0.0","coffee-script":"latest","microtime":"~0.3.3","mocha":"latest"},"engines":{"node":">=0.6.0"},"_id":"gonzales-pe@3.0.0-3","dist":{"shasum":"229db8fb7cd6351ce9adb59f2a9643f3c5e797d8","tarball":"https://registry.npmjs.org/gonzales-pe/-/gonzales-pe-3.0.0-3.tgz"},"_from":".","_npmVersion":"1.3.25","_npmUser":{"name":"tonyganch","email":"tonyganch+github@gmail.com"},"maintainers":[{"name":"tonyganch","email":"tonyganch@gmail.com"}],"directories":{}},"3.0.0-4":{"name":"gonzales-pe","description":"Gonzales Preprocessor Edition (fast CSS parser)","version":"3.0.0-4","homepage":"http://github.com/tonyganch/gonzales-pe","bugs":{"url":"http://github.com/tonyganch/gonzales-pe/issues"},"license":"MIT","author":{"name":"Tony Ganch","email":"tonyganch+github@gmail.com","url":"http://tonyganch.com"},"main":"./lib/gonzales","repository":{"type":"git","url":"http://github.com/tonyganch/gonzales-pe.git"},"scripts":{"test":"(make && mkdir -p log && node ./test/mocha.js) | tee ./log/test.log"},"devDependencies":{"benchmark":"~1.0.0","coffee-script":"latest","microtime":"~0.3.3","mocha":"latest"},"engines":{"node":">=0.6.0"},"_id":"gonzales-pe@3.0.0-4","dist":{"shasum":"151d9e7ea855c37c3e98f48d5f21452b3c9960b5","tarball":"https://registry.npmjs.org/gonzales-pe/-/gonzales-pe-3.0.0-4.tgz"},"_from":".","_npmVersion":"1.3.25","_npmUser":{"name":"tonyganch","email":"tonyganch+github@gmail.com"},"maintainers":[{"name":"tonyganch","email":"tonyganch@gmail.com"}],"directories":{}},"3.0.0-5":{"name":"gonzales-pe","description":"Gonzales Preprocessor Edition (fast CSS parser)","version":"3.0.0-5","homepage":"http://github.com/tonyganch/gonzales-pe","bugs":{"url":"http://github.com/tonyganch/gonzales-pe/issues"},"license":"MIT","author":{"name":"Tony Ganch","email":"tonyganch+github@gmail.com","url":"http://tonyganch.com"},"main":"./lib/gonzales","repository":{"type":"git","url":"http://github.com/tonyganch/gonzales-pe.git"},"scripts":{"test":"(make && mkdir -p log && node ./test/mocha.js) | tee ./log/test.log"},"devDependencies":{"benchmark":"~1.0.0","coffee-script":"latest","microtime":"~0.3.3","mocha":"latest"},"engines":{"node":">=0.6.0"},"_id":"gonzales-pe@3.0.0-5","_shasum":"37603f9e1f4042372db3ef569a6c8c0c83f19357","_from":".","_npmVersion":"1.4.9","_npmUser":{"name":"tonyganch","email":"tonyganch+github@gmail.com"},"maintainers":[{"name":"tonyganch","email":"tonyganch@gmail.com"}],"dist":{"shasum":"37603f9e1f4042372db3ef569a6c8c0c83f19357","tarball":"https://registry.npmjs.org/gonzales-pe/-/gonzales-pe-3.0.0-5.tgz"},"directories":{}},"3.0.0-6":{"name":"gonzales-pe","description":"Gonzales Preprocessor Edition (fast CSS parser)","version":"3.0.0-6","homepage":"http://github.com/tonyganch/gonzales-pe","bugs":{"url":"http://github.com/tonyganch/gonzales-pe/issues"},"license":"MIT","author":{"name":"Tony Ganch","email":"tonyganch+github@gmail.com","url":"http://tonyganch.com"},"main":"./lib/gonzales","repository":{"type":"git","url":"http://github.com/tonyganch/gonzales-pe.git"},"scripts":{"test":"(make && mkdir -p log && node ./test/mocha.js) | tee ./log/test.log"},"devDependencies":{"benchmark":"~1.0.0","coffee-script":"latest","microtime":"~0.3.3","mocha":"latest"},"engines":{"node":">=0.6.0"},"_id":"gonzales-pe@3.0.0-6","_shasum":"d9cdb6eadb5815be6aa58a57299df98fbc7faba9","_from":".","_npmVersion":"1.4.9","_npmUser":{"name":"tonyganch","email":"tonyganch+github@gmail.com"},"maintainers":[{"name":"tonyganch","email":"tonyganch@gmail.com"}],"dist":{"shasum":"d9cdb6eadb5815be6aa58a57299df98fbc7faba9","tarball":"https://registry.npmjs.org/gonzales-pe/-/gonzales-pe-3.0.0-6.tgz"},"directories":{}},"3.0.0-7":{"name":"gonzales-pe","description":"Gonzales Preprocessor Edition (fast CSS parser)","version":"3.0.0-7","homepage":"http://github.com/tonyganch/gonzales-pe","bugs":{"url":"http://github.com/tonyganch/gonzales-pe/issues"},"license":"MIT","author":{"name":"Tony Ganch","email":"tonyganch+github@gmail.com","url":"http://tonyganch.com"},"main":"./lib/gonzales","repository":{"type":"git","url":"http://github.com/tonyganch/gonzales-pe.git"},"scripts":{"test":"(mkdir -p log && node ./test/mocha.js) | tee ./log/test.log"},"devDependencies":{"benchmark":"~1.0.0","coffee-script":"~1.7.1","microtime":"~0.3.3","mocha":"~1.20.0"},"engines":{"node":">=0.6.0"},"_id":"gonzales-pe@3.0.0-7","_shasum":"04dac1e07f3195d1b343f64e1f3497bd5894134b","_from":".","_npmVersion":"1.4.9","_npmUser":{"name":"tonyganch","email":"tonyganch+github@gmail.com"},"maintainers":[{"name":"tonyganch","email":"tonyganch@gmail.com"}],"dist":{"shasum":"04dac1e07f3195d1b343f64e1f3497bd5894134b","tarball":"https://registry.npmjs.org/gonzales-pe/-/gonzales-pe-3.0.0-7.tgz"},"directories":{}},"3.0.0-8":{"name":"gonzales-pe","description":"Gonzales Preprocessor Edition (fast CSS parser)","version":"3.0.0-8","homepage":"http://github.com/tonyganch/gonzales-pe","bugs":{"url":"http://github.com/tonyganch/gonzales-pe/issues"},"license":"MIT","author":{"name":"Tony Ganch","email":"tonyganch+github@gmail.com","url":"http://tonyganch.com"},"main":"./lib/gonzales","repository":{"type":"git","url":"http://github.com/tonyganch/gonzales-pe.git"},"scripts":{"test":"(mkdir -p log && node ./test/mocha.js) | tee ./log/test.log"},"devDependencies":{"benchmark":"~1.0.0","coffee-script":"~1.7.1","microtime":"~0.3.3","mocha":"~1.20.0"},"engines":{"node":">=0.6.0"},"_id":"gonzales-pe@3.0.0-8","_shasum":"9393d3c9dbfb6a5c5e1331da545783ab5e81b5ca","_from":".","_npmVersion":"1.4.9","_npmUser":{"name":"tonyganch","email":"tonyganch+github@gmail.com"},"maintainers":[{"name":"tonyganch","email":"tonyganch@gmail.com"}],"dist":{"shasum":"9393d3c9dbfb6a5c5e1331da545783ab5e81b5ca","tarball":"https://registry.npmjs.org/gonzales-pe/-/gonzales-pe-3.0.0-8.tgz"},"directories":{}},"3.0.0-9":{"name":"gonzales-pe","description":"Gonzales Preprocessor Edition (fast CSS parser)","version":"3.0.0-9","homepage":"http://github.com/tonyganch/gonzales-pe","bugs":{"url":"http://github.com/tonyganch/gonzales-pe/issues"},"license":"MIT","author":{"name":"Tony Ganch","email":"tonyganch+github@gmail.com","url":"http://tonyganch.com"},"main":"./lib/gonzales","repository":{"type":"git","url":"http://github.com/tonyganch/gonzales-pe.git"},"scripts":{"test":"(mkdir -p log && node ./test/mocha.js) | tee ./log/test.log"},"devDependencies":{"benchmark":"~1.0.0","coffee-script":"~1.7.1","microtime":"~0.3.3","mocha":"~1.20.0"},"engines":{"node":">=0.6.0"},"gitHead":"4c8f81b48b94798a8bd6c3889137ae979973f823","_id":"gonzales-pe@3.0.0-9","_shasum":"71212036953cf2d01d55dadfd9f0d3dedd40cbf7","_from":".","_npmVersion":"1.5.0-alpha-1","_npmUser":{"name":"tonyganch","email":"tonyganch+github@gmail.com"},"maintainers":[{"name":"tonyganch","email":"tonyganch@gmail.com"}],"dist":{"shasum":"71212036953cf2d01d55dadfd9f0d3dedd40cbf7","tarball":"https://registry.npmjs.org/gonzales-pe/-/gonzales-pe-3.0.0-9.tgz"},"directories":{}},"3.0.0-10":{"name":"gonzales-pe","description":"Gonzales Preprocessor Edition (fast CSS parser)","version":"3.0.0-10","homepage":"http://github.com/tonyganch/gonzales-pe","bugs":{"url":"http://github.com/tonyganch/gonzales-pe/issues"},"license":"MIT","author":{"name":"Tony Ganch","email":"tonyganch+github@gmail.com","url":"http://tonyganch.com"},"main":"./lib/gonzales","repository":{"type":"git","url":"http://github.com/tonyganch/gonzales-pe.git"},"scripts":{"test":"(mkdir -p log && node ./test/mocha.js) | tee ./log/test.log"},"bin":{"gonzales":"./bin/gonzales.js"},"devDependencies":{"benchmark":"~1.0.0","coffee-script":"~1.7.1","microtime":"~0.3.3","mocha":"~1.20.0"},"engines":{"node":">=0.6.0"},"gitHead":"8d860d993f2a645644c0e5bc0d59951cdb64990b","_id":"gonzales-pe@3.0.0-10","_shasum":"6dac1b7e4070118042de92c6ff7a8fc346255dde","_from":".","_npmVersion":"1.5.0-alpha-1","_npmUser":{"name":"tonyganch","email":"tonyganch+github@gmail.com"},"maintainers":[{"name":"tonyganch","email":"tonyganch@gmail.com"}],"dist":{"shasum":"6dac1b7e4070118042de92c6ff7a8fc346255dde","tarball":"https://registry.npmjs.org/gonzales-pe/-/gonzales-pe-3.0.0-10.tgz"},"directories":{}},"3.0.0-11":{"name":"gonzales-pe","description":"Gonzales Preprocessor Edition (fast CSS parser)","version":"3.0.0-11","homepage":"http://github.com/tonyganch/gonzales-pe","bugs":{"url":"http://github.com/tonyganch/gonzales-pe/issues"},"license":"MIT","author":{"name":"Tony Ganch","email":"tonyganch+github@gmail.com","url":"http://tonyganch.com"},"main":"./lib/gonzales","repository":{"type":"git","url":"http://github.com/tonyganch/gonzales-pe.git"},"scripts":{"test":"(mkdir -p log && node ./test/mocha.js) | tee ./log/test.log"},"bin":{"gonzales":"./bin/gonzales.js"},"devDependencies":{"benchmark":"~1.0.0","coffee-script":"~1.7.1","microtime":"~0.3.3","mocha":"~1.20.0"},"engines":{"node":">=0.6.0"},"gitHead":"2096b65d56c2776f761f93542adb442beab53089","_id":"gonzales-pe@3.0.0-11","_shasum":"c6731a6a16c7209bd67de75dc9354eebea02db0e","_from":".","_npmVersion":"1.5.0-alpha-1","_npmUser":{"name":"tonyganch","email":"tonyganch+github@gmail.com"},"maintainers":[{"name":"tonyganch","email":"tonyganch@gmail.com"}],"dist":{"shasum":"c6731a6a16c7209bd67de75dc9354eebea02db0e","tarball":"https://registry.npmjs.org/gonzales-pe/-/gonzales-pe-3.0.0-11.tgz"},"directories":{}},"3.0.0-12":{"name":"gonzales-pe","description":"Gonzales Preprocessor Edition (fast CSS parser)","version":"3.0.0-12","homepage":"http://github.com/tonyganch/gonzales-pe","bugs":{"url":"http://github.com/tonyganch/gonzales-pe/issues"},"license":"MIT","author":{"name":"Tony Ganch","email":"tonyganch+github@gmail.com","url":"http://tonyganch.com"},"main":"./lib/gonzales","repository":{"type":"git","url":"http://github.com/tonyganch/gonzales-pe.git"},"scripts":{"log":"(mkdir -p log && node ./test/mocha.js) | tee ./log/test.log","test":"node ./test/mocha.js"},"bin":{"gonzales":"./bin/gonzales.js"},"devDependencies":{"benchmark":"~1.0.0","coffee-script":"~1.7.1","microtime":"~0.3.3","mocha":"~1.20.0"},"engines":{"node":">=0.6.0"},"gitHead":"744ef78207e2285f4ea356149ced1733cef1dc4b","_id":"gonzales-pe@3.0.0-12","_shasum":"25d94f386753902be1e5649ec63fbeecc04c0aea","_from":".","_npmVersion":"1.5.0-alpha-1","_npmUser":{"name":"tonyganch","email":"tonyganch+github@gmail.com"},"maintainers":[{"name":"tonyganch","email":"tonyganch@gmail.com"}],"dist":{"shasum":"25d94f386753902be1e5649ec63fbeecc04c0aea","tarball":"https://registry.npmjs.org/gonzales-pe/-/gonzales-pe-3.0.0-12.tgz"},"directories":{}},"3.0.0-13":{"name":"gonzales-pe","description":"Gonzales Preprocessor Edition (fast CSS parser)","version":"3.0.0-13","homepage":"http://github.com/tonyganch/gonzales-pe","bugs":{"url":"http://github.com/tonyganch/gonzales-pe/issues"},"license":"MIT","author":{"name":"Tony Ganch","email":"tonyganch+github@gmail.com","url":"http://tonyganch.com"},"main":"./lib/parse","repository":{"type":"git","url":"http://github.com/tonyganch/gonzales-pe.git"},"scripts":{"log":"(mkdir -p log && node ./test/mocha.js) | tee ./log/test.log","test":"node ./test/mocha.js"},"bin":{"gonzales":"./bin/gonzales.js"},"devDependencies":{"coffee-script":"~1.7.1","mocha":"~1.20.0"},"engines":{"node":">=0.6.0"},"gitHead":"dc565bc959b12803519a7f5a4e711ef92cbac69f","_id":"gonzales-pe@3.0.0-13","_shasum":"e72765302571611c45f18062df4472c913c239bc","_from":".","_npmVersion":"2.1.14","_nodeVersion":"0.11.13","_npmUser":{"name":"tonyganch","email":"tonyganch+github@gmail.com"},"maintainers":[{"name":"tonyganch","email":"tonyganch@gmail.com"}],"dist":{"shasum":"e72765302571611c45f18062df4472c913c239bc","tarball":"https://registry.npmjs.org/gonzales-pe/-/gonzales-pe-3.0.0-13.tgz"},"directories":{}},"3.0.0-14":{"name":"gonzales-pe","description":"Gonzales Preprocessor Edition (fast CSS parser)","version":"3.0.0-14","homepage":"http://github.com/tonyganch/gonzales-pe","bugs":{"url":"http://github.com/tonyganch/gonzales-pe/issues"},"license":"MIT","author":{"name":"Tony Ganch","email":"tonyganch+github@gmail.com","url":"http://tonyganch.com"},"main":"./lib/parse","repository":{"type":"git","url":"http://github.com/tonyganch/gonzales-pe.git"},"scripts":{"log":"(mkdir -p log && node ./test/mocha.js) | tee ./log/test.log","test":"node ./test/mocha.js"},"bin":{"gonzales":"./bin/gonzales.js"},"devDependencies":{"coffee-script":"~1.7.1","mocha":"~1.20.0"},"engines":{"node":">=0.6.0"},"gitHead":"d58c617b86169f0c1c1e3e0628244d4f1ab6dc21","_id":"gonzales-pe@3.0.0-14","_shasum":"6fd52942435525d5a51d895290a6f0a910181d75","_from":".","_npmVersion":"2.1.14","_nodeVersion":"0.11.13","_npmUser":{"name":"tonyganch","email":"tonyganch+github@gmail.com"},"maintainers":[{"name":"tonyganch","email":"tonyganch@gmail.com"}],"dist":{"shasum":"6fd52942435525d5a51d895290a6f0a910181d75","tarball":"https://registry.npmjs.org/gonzales-pe/-/gonzales-pe-3.0.0-14.tgz"},"directories":{}},"3.0.0-15":{"name":"gonzales-pe","description":"Gonzales Preprocessor Edition (fast CSS parser)","version":"3.0.0-15","homepage":"http://github.com/tonyganch/gonzales-pe","bugs":{"url":"http://github.com/tonyganch/gonzales-pe/issues"},"license":"MIT","author":{"name":"Tony Ganch","email":"tonyganch+github@gmail.com","url":"http://tonyganch.com"},"main":"./lib/gonzales","repository":{"type":"git","url":"http://github.com/tonyganch/gonzales-pe.git"},"scripts":{"log":"(mkdir -p log && node ./test/mocha.js) | tee ./log/test.log","test":"node ./test/mocha.js"},"bin":{"gonzales":"./bin/gonzales.js"},"devDependencies":{"coffee-script":"~1.7.1","mocha":"~1.20.0"},"engines":{"node":">=0.6.0"},"gitHead":"36a73dbab74a07e9658e0f603934730542b959ee","_id":"gonzales-pe@3.0.0-15","_shasum":"a6e16a02fd61d07b8f1d2e498161794e862c204c","_from":".","_npmVersion":"2.1.14","_nodeVersion":"0.11.13","_npmUser":{"name":"tonyganch","email":"tonyganch+github@gmail.com"},"maintainers":[{"name":"tonyganch","email":"tonyganch@gmail.com"}],"dist":{"shasum":"a6e16a02fd61d07b8f1d2e498161794e862c204c","tarball":"https://registry.npmjs.org/gonzales-pe/-/gonzales-pe-3.0.0-15.tgz"},"directories":{}},"3.0.0-16":{"name":"gonzales-pe","description":"Gonzales Preprocessor Edition (fast CSS parser)","version":"3.0.0-16","homepage":"http://github.com/tonyganch/gonzales-pe","bugs":{"url":"http://github.com/tonyganch/gonzales-pe/issues"},"license":"MIT","author":{"name":"Tony Ganch","email":"tonyganch+github@gmail.com","url":"http://tonyganch.com"},"main":"./lib/gonzales","repository":{"type":"git","url":"http://github.com/tonyganch/gonzales-pe.git"},"scripts":{"log":"(mkdir -p log && node ./test/mocha.js) | tee ./log/test.log","test":"node ./test/mocha.js"},"bin":{"gonzales":"./bin/gonzales.js"},"devDependencies":{"coffee-script":"~1.7.1","mocha":"~1.20.0"},"engines":{"node":">=0.6.0"},"gitHead":"e221b56b92631e94542739eb7cb09e79a11ed652","_id":"gonzales-pe@3.0.0-16","_shasum":"9475e961cd8736d4645ee944a685175d9c4328eb","_from":".","_npmVersion":"2.1.14","_nodeVersion":"0.11.13","_npmUser":{"name":"tonyganch","email":"tonyganch+github@gmail.com"},"maintainers":[{"name":"tonyganch","email":"tonyganch@gmail.com"}],"dist":{"shasum":"9475e961cd8736d4645ee944a685175d9c4328eb","tarball":"https://registry.npmjs.org/gonzales-pe/-/gonzales-pe-3.0.0-16.tgz"},"directories":{}},"3.0.0-26":{"name":"gonzales-pe","description":"Gonzales Preprocessor Edition (fast CSS parser)","version":"3.0.0-26","homepage":"http://github.com/tonyganch/gonzales-pe","bugs":{"url":"http://github.com/tonyganch/gonzales-pe/issues"},"license":"MIT","author":{"name":"Tony Ganch","email":"tonyganch+github@gmail.com","url":"http://tonyganch.com"},"main":"./lib/gonzales","repository":{"type":"git","url":"http://github.com/tonyganch/gonzales-pe.git"},"scripts":{"log":"(mkdir -p log && node ./test/mocha.js) | tee ./log/test.log","test":"node ./test/mocha.js"},"bin":{"gonzales":"./bin/gonzales.js"},"devDependencies":{"coffee-script":"~1.7.1","mocha":"~1.20.0"},"engines":{"node":">=0.6.0"},"gitHead":"2bb58a9526e08f28b3b1144201822cc94ada916c","_id":"gonzales-pe@3.0.0-26","_shasum":"3feea8ebdf7715b3b96a708b1ab06dece740b14d","_from":".","_npmVersion":"2.1.14","_nodeVersion":"0.11.13","_npmUser":{"name":"tonyganch","email":"tonyganch+github@gmail.com"},"maintainers":[{"name":"tonyganch","email":"tonyganch@gmail.com"}],"dist":{"shasum":"3feea8ebdf7715b3b96a708b1ab06dece740b14d","tarball":"https://registry.npmjs.org/gonzales-pe/-/gonzales-pe-3.0.0-26.tgz"},"directories":{}},"3.0.0-27":{"name":"gonzales-pe","description":"Gonzales Preprocessor Edition (fast CSS parser)","version":"3.0.0-27","homepage":"http://github.com/tonyganch/gonzales-pe","bugs":{"url":"http://github.com/tonyganch/gonzales-pe/issues"},"license":"MIT","author":{"name":"Tony Ganch","email":"tonyganch+github@gmail.com","url":"http://tonyganch.com"},"main":"./lib/gonzales","repository":{"type":"git","url":"http://github.com/tonyganch/gonzales-pe.git"},"scripts":{"log":"(mkdir -p log && node ./test/mocha.js) | tee ./log/test.log","test":"node ./test/mocha.js"},"bin":{"gonzales":"./bin/gonzales.js"},"devDependencies":{"coffee-script":"~1.7.1","mocha":"~1.20.0"},"engines":{"node":">=0.6.0"},"gitHead":"727817d535774c0688d8343f7761cb1970b8ae07","_id":"gonzales-pe@3.0.0-27","_shasum":"1e425e75c392ac49062f5bea75c237967ad614c5","_from":".","_npmVersion":"2.1.14","_nodeVersion":"0.11.13","_npmUser":{"name":"tonyganch","email":"tonyganch+github@gmail.com"},"maintainers":[{"name":"tonyganch","email":"tonyganch@gmail.com"}],"dist":{"shasum":"1e425e75c392ac49062f5bea75c237967ad614c5","tarball":"https://registry.npmjs.org/gonzales-pe/-/gonzales-pe-3.0.0-27.tgz"},"directories":{}},"3.0.0-28":{"name":"gonzales-pe","description":"Gonzales Preprocessor Edition (fast CSS parser)","version":"3.0.0-28","homepage":"http://github.com/tonyganch/gonzales-pe","bugs":{"url":"http://github.com/tonyganch/gonzales-pe/issues"},"license":"MIT","author":{"name":"Tony Ganch","email":"tonyganch+github@gmail.com","url":"http://tonyganch.com"},"main":"./lib/gonzales","repository":{"type":"git","url":"http://github.com/tonyganch/gonzales-pe.git"},"scripts":{"log":"(mkdir -p log && node ./test/mocha.js) | tee ./log/test.log","test":"node ./test/mocha.js"},"bin":{"gonzales":"./bin/gonzales.js"},"devDependencies":{"coffee-script":"~1.7.1","mocha":"~1.20.0"},"engines":{"node":">=0.6.0"},"gitHead":"b3c273defdef00c499ed739648c74ae9e2649147","_id":"gonzales-pe@3.0.0-28","_shasum":"dd50b41dd15b682a28c40e5f0ff2007901ac62bd","_from":".","_npmVersion":"2.0.0-beta.0","_npmUser":{"name":"tonyganch","email":"tonyganch+github@gmail.com"},"maintainers":[{"name":"tonyganch","email":"tonyganch@gmail.com"}],"dist":{"shasum":"dd50b41dd15b682a28c40e5f0ff2007901ac62bd","tarball":"https://registry.npmjs.org/gonzales-pe/-/gonzales-pe-3.0.0-28.tgz"},"directories":{}},"3.0.0-29":{"name":"gonzales-pe","description":"Gonzales Preprocessor Edition (fast CSS parser)","version":"3.0.0-29","homepage":"http://github.com/tonyganch/gonzales-pe","bugs":{"url":"http://github.com/tonyganch/gonzales-pe/issues"},"license":"MIT","author":{"name":"Tony Ganch","email":"tonyganch+github@gmail.com","url":"http://tonyganch.com"},"main":"./lib/gonzales","repository":{"type":"git","url":"http://github.com/tonyganch/gonzales-pe.git"},"scripts":{"log":"(mkdir -p log && node ./test/mocha.js) | tee ./log/test.log","test":"node ./test/mocha.js"},"bin":{"gonzales":"./bin/gonzales.js"},"devDependencies":{"coffee-script":"~1.7.1","mocha":"2.2.x"},"engines":{"node":">=0.6.0"},"gitHead":"bd7baceb28717f8418abd4ce9b6e19120132a485","_id":"gonzales-pe@3.0.0-29","_shasum":"19845ff871e679f776c4ae91f1216076e50dc9c8","_from":".","_npmVersion":"2.0.0-beta.0","_npmUser":{"name":"tonyganch","email":"tonyganch+github@gmail.com"},"maintainers":[{"name":"tonyganch","email":"tonyganch@gmail.com"}],"dist":{"shasum":"19845ff871e679f776c4ae91f1216076e50dc9c8","tarball":"https://registry.npmjs.org/gonzales-pe/-/gonzales-pe-3.0.0-29.tgz"},"directories":{}},"3.0.0-30":{"name":"gonzales-pe","description":"Gonzales Preprocessor Edition (fast CSS parser)","version":"3.0.0-30","homepage":"http://github.com/tonyganch/gonzales-pe","bugs":{"url":"http://github.com/tonyganch/gonzales-pe/issues"},"license":"MIT","author":{"name":"Tony Ganch","email":"tonyganch+github@gmail.com","url":"http://tonyganch.com"},"main":"./lib/gonzales","repository":{"type":"git","url":"git+ssh://git@github.com/tonyganch/gonzales-pe.git"},"scripts":{"log":"(mkdir -p log && node ./test/mocha.js) | tee ./log/test.log","test":"node ./test/mocha.js"},"bin":{"gonzales":"./bin/gonzales.js"},"devDependencies":{"coffee-script":"~1.7.1","mocha":"2.2.x"},"engines":{"node":">=0.6.0"},"gitHead":"5acb0296b998c4490d5db2364b671bbcaf10de9c","_id":"gonzales-pe@3.0.0-30","_shasum":"22f8e7c24d3612be6edb65ae52fca60820c931df","_from":".","_npmVersion":"2.10.1","_nodeVersion":"0.12.4","_npmUser":{"name":"tonyganch","email":"tonyganch+github@gmail.com"},"dist":{"shasum":"22f8e7c24d3612be6edb65ae52fca60820c931df","tarball":"https://registry.npmjs.org/gonzales-pe/-/gonzales-pe-3.0.0-30.tgz"},"maintainers":[{"name":"tonyganch","email":"tonyganch@gmail.com"}],"directories":{}},"3.0.0-31":{"name":"gonzales-pe","description":"Gonzales Preprocessor Edition (fast CSS parser)","version":"3.0.0-31","homepage":"http://github.com/tonyganch/gonzales-pe","bugs":{"url":"http://github.com/tonyganch/gonzales-pe/issues"},"license":"MIT","author":{"name":"Tony Ganch","email":"tonyganch+github@gmail.com","url":"http://tonyganch.com"},"main":"./lib/gonzales","repository":{"type":"git","url":"git+ssh://git@github.com/tonyganch/gonzales-pe.git"},"scripts":{"autofix-tests":"./scripts/build.sh && ./scripts/autofix-tests.sh","build":"./scripts/build.sh","log":"./scripts/log.sh","test":"./scripts/build.sh && ./scripts/test.sh"},"bin":{"gonzales":"./bin/gonzales.js"},"files":["bin","lib"],"dependencies":{"minimist":"1.1.x"},"devDependencies":{"babel":"^5.5.3","coffee-script":"~1.7.1","jshint":"2.3.0","mocha":"2.2.x"},"engines":{"node":">=0.6.0"},"gitHead":"326b401f69d6101a2ecea77064031957785d2853","_id":"gonzales-pe@3.0.0-31","_shasum":"dc30d9dc607cb848518fa673b4e4ca1583db2552","_from":".","_npmVersion":"2.10.1","_nodeVersion":"0.12.4","_npmUser":{"name":"tonyganch","email":"tonyganch+github@gmail.com"},"dist":{"shasum":"dc30d9dc607cb848518fa673b4e4ca1583db2552","tarball":"https://registry.npmjs.org/gonzales-pe/-/gonzales-pe-3.0.0-31.tgz"},"maintainers":[{"name":"tonyganch","email":"tonyganch@gmail.com"}],"directories":{}},"3.0.0-beta":{"name":"gonzales-pe","description":"Gonzales Preprocessor Edition (fast CSS parser)","version":"3.0.0-beta","homepage":"http://github.com/tonyganch/gonzales-pe","bugs":{"url":"http://github.com/tonyganch/gonzales-pe/issues"},"license":"MIT","author":{"name":"Tony Ganch","email":"tonyganch+github@gmail.com","url":"http://tonyganch.com"},"main":"./lib/gonzales","repository":{"type":"git","url":"git+ssh://git@github.com/tonyganch/gonzales-pe.git"},"scripts":{"autofix-tests":"./scripts/build.sh && ./scripts/autofix-tests.sh","build":"./scripts/build.sh","log":"./scripts/log.sh","test":"./scripts/build.sh && ./scripts/test.sh"},"bin":{"gonzales":"./bin/gonzales.js"},"files":["bin","lib"],"dependencies":{"minimist":"1.1.x"},"devDependencies":{"babel":"^5.5.3","coffee-script":"~1.7.1","jscs":"2.1.0","jshint":"2.8.0","mocha":"2.2.x"},"engines":{"node":">=0.6.0"},"gitHead":"8a4e6b7104786aa421f4d8af9cb3f4bd87203567","_id":"gonzales-pe@3.0.0-beta","_shasum":"6c15408ec52162f99ccda237ef0e0ad509f9fe4f","_from":".","_npmVersion":"2.10.1","_nodeVersion":"0.12.4","_npmUser":{"name":"tonyganch","email":"tonyganch+github@gmail.com"},"dist":{"shasum":"6c15408ec52162f99ccda237ef0e0ad509f9fe4f","tarball":"https://registry.npmjs.org/gonzales-pe/-/gonzales-pe-3.0.0-beta.tgz"},"maintainers":[{"name":"tonyganch","email":"tonyganch@gmail.com"}],"directories":{}},"3.0.0":{"name":"gonzales-pe","description":"Gonzales Preprocessor Edition (fast CSS parser)","version":"3.0.0","homepage":"http://github.com/tonyganch/gonzales-pe","bugs":{"url":"http://github.com/tonyganch/gonzales-pe/issues"},"license":"MIT","author":{"name":"Tony Ganch","email":"tonyganch+github@gmail.com","url":"http://tonyganch.com"},"main":"./lib/gonzales","repository":{"type":"git","url":"git+ssh://git@github.com/tonyganch/gonzales-pe.git"},"scripts":{"autofix-tests":"./scripts/build.sh && ./scripts/autofix-tests.sh","build":"./scripts/build.sh","init":"./scripts/init.sh","log":"./scripts/log.sh","test":"./scripts/build.sh && ./scripts/test.sh"},"bin":{"gonzales":"./bin/gonzales.js"},"files":["bin","lib"],"dependencies":{"minimist":"1.1.x"},"devDependencies":{"babel":"^5.5.3","coffee-script":"~1.7.1","jscs":"2.1.0","jshint":"2.8.0","mocha":"2.2.x"},"engines":{"node":">=0.6.0"},"gitHead":"7d9aba3a9c343eac0d9065fc1133adc5a91fd070","_id":"gonzales-pe@3.0.0","_shasum":"bdd6f4b9f83d69e6f69893c08c3556008abb666f","_from":".","_npmVersion":"2.10.1","_nodeVersion":"0.12.4","_npmUser":{"name":"tonyganch","email":"tonyganch+github@gmail.com"},"dist":{"shasum":"bdd6f4b9f83d69e6f69893c08c3556008abb666f","tarball":"https://registry.npmjs.org/gonzales-pe/-/gonzales-pe-3.0.0.tgz"},"maintainers":[{"name":"tonyganch","email":"tonyganch@gmail.com"}],"directories":{}},"3.0.1":{"name":"gonzales-pe","description":"Gonzales Preprocessor Edition (fast CSS parser)","version":"3.0.1","homepage":"http://github.com/tonyganch/gonzales-pe","bugs":{"url":"http://github.com/tonyganch/gonzales-pe/issues"},"license":"MIT","author":{"name":"Tony Ganch","email":"tonyganch+github@gmail.com","url":"http://tonyganch.com"},"main":"./lib/gonzales","repository":{"type":"git","url":"git+ssh://git@github.com/tonyganch/gonzales-pe.git"},"scripts":{"autofix-tests":"./scripts/build.sh && ./scripts/autofix-tests.sh","build":"./scripts/build.sh","init":"./scripts/init.sh","log":"./scripts/log.sh","test":"./scripts/build.sh && ./scripts/test.sh"},"bin":{"gonzales":"./bin/gonzales.js"},"files":["bin","lib"],"dependencies":{"minimist":"1.1.x"},"devDependencies":{"babel":"^5.5.3","coffee-script":"~1.7.1","jscs":"2.1.0","jshint":"2.8.0","mocha":"2.2.x"},"engines":{"node":">=0.6.0"},"gitHead":"870d47f23559274c49646a024f9e9a3d7be981a4","_id":"gonzales-pe@3.0.1","_shasum":"5379d6185685dbff1dab70a44fae2cd38522c600","_from":".","_npmVersion":"2.10.1","_nodeVersion":"0.12.4","_npmUser":{"name":"tonyganch","email":"tonyganch+github@gmail.com"},"dist":{"shasum":"5379d6185685dbff1dab70a44fae2cd38522c600","tarball":"https://registry.npmjs.org/gonzales-pe/-/gonzales-pe-3.0.1.tgz"},"maintainers":[{"name":"tonyganch","email":"tonyganch@gmail.com"}],"directories":{}},"3.0.2":{"name":"gonzales-pe","description":"Gonzales Preprocessor Edition (fast CSS parser)","version":"3.0.2","homepage":"http://github.com/tonyganch/gonzales-pe","bugs":{"url":"http://github.com/tonyganch/gonzales-pe/issues"},"license":"MIT","author":{"name":"Tony Ganch","email":"tonyganch+github@gmail.com","url":"http://tonyganch.com"},"main":"./lib/gonzales","repository":{"type":"git","url":"git+ssh://git@github.com/tonyganch/gonzales-pe.git"},"scripts":{"autofix-tests":"./scripts/build.sh && ./scripts/autofix-tests.sh","build":"./scripts/build.sh","init":"./scripts/init.sh","log":"./scripts/log.sh","test":"./scripts/build.sh && ./scripts/test.sh"},"bin":{"gonzales":"./bin/gonzales.js"},"files":["bin","lib"],"dependencies":{"minimist":"1.1.x"},"devDependencies":{"babel":"^5.5.3","coffee-script":"~1.7.1","jscs":"2.1.0","jshint":"2.8.0","mocha":"2.2.x"},"engines":{"node":">=0.6.0"},"gitHead":"ca067d1afc62088f2ac73a775d666bec97600537","_id":"gonzales-pe@3.0.2","_shasum":"c4816786c23e8f09d9cc41a5562534f3c0e13754","_from":".","_npmVersion":"2.10.1","_nodeVersion":"0.12.4","_npmUser":{"name":"tonyganch","email":"tonyganch+github@gmail.com"},"dist":{"shasum":"c4816786c23e8f09d9cc41a5562534f3c0e13754","tarball":"https://registry.npmjs.org/gonzales-pe/-/gonzales-pe-3.0.2.tgz"},"maintainers":[{"name":"tonyganch","email":"tonyganch@gmail.com"}],"directories":{}},"3.0.3":{"name":"gonzales-pe","description":"Gonzales Preprocessor Edition (fast CSS parser)","version":"3.0.3","homepage":"http://github.com/tonyganch/gonzales-pe","bugs":{"url":"http://github.com/tonyganch/gonzales-pe/issues"},"license":"MIT","author":{"name":"Tony Ganch","email":"tonyganch+github@gmail.com","url":"http://tonyganch.com"},"main":"./lib/gonzales","repository":{"type":"git","url":"git+ssh://git@github.com/tonyganch/gonzales-pe.git"},"scripts":{"autofix-tests":"./scripts/build.sh && ./scripts/autofix-tests.sh","build":"./scripts/build.sh","init":"./scripts/init.sh","log":"./scripts/log.sh","test":"./scripts/build.sh && ./scripts/test.sh"},"bin":{"gonzales":"./bin/gonzales.js"},"files":["bin","lib"],"dependencies":{"minimist":"1.1.x"},"devDependencies":{"babel":"^5.5.3","coffee-script":"~1.7.1","jscs":"2.1.0","jshint":"2.8.0","mocha":"2.2.x"},"engines":{"node":">=0.6.0"},"gitHead":"59cb16cfa4b2dc8b450357321d241418ecdefd7e","_id":"gonzales-pe@3.0.3","_shasum":"5e60b39efabdf05b62c2fdc2fab944e1cd1d9b5d","_from":".","_npmVersion":"2.10.1","_nodeVersion":"0.12.4","_npmUser":{"name":"tonyganch","email":"tonyganch+github@gmail.com"},"dist":{"shasum":"5e60b39efabdf05b62c2fdc2fab944e1cd1d9b5d","tarball":"https://registry.npmjs.org/gonzales-pe/-/gonzales-pe-3.0.3.tgz"},"maintainers":[{"name":"tonyganch","email":"tonyganch@gmail.com"}],"directories":{}},"3.1.0":{"name":"gonzales-pe","description":"Gonzales Preprocessor Edition (fast CSS parser)","version":"3.1.0","homepage":"http://github.com/tonyganch/gonzales-pe","bugs":{"url":"http://github.com/tonyganch/gonzales-pe/issues"},"license":"MIT","author":{"name":"Tony Ganch","email":"tonyganch+github@gmail.com","url":"http://tonyganch.com"},"main":"./lib/gonzales","repository":{"type":"git","url":"git+ssh://git@github.com/tonyganch/gonzales-pe.git"},"scripts":{"autofix-tests":"./scripts/build.sh && ./scripts/autofix-tests.sh","build":"./scripts/build.sh","init":"./scripts/init.sh","log":"./scripts/log.sh","test":"./scripts/build.sh && ./scripts/test.sh"},"bin":{"gonzales":"./bin/gonzales.js"},"files":["bin","lib"],"dependencies":{"minimist":"1.1.x"},"devDependencies":{"babel":"^5.5.3","coffee-script":"~1.7.1","jscs":"2.1.0","jshint":"2.8.0","mocha":"2.2.x"},"engines":{"node":">=0.6.0"},"gitHead":"1ba503c03b34324b8eae2b9a7d61f2f4bb09a418","_id":"gonzales-pe@3.1.0","_shasum":"6cfc0445ce769542893fda601c885e165b090337","_from":".","_npmVersion":"2.10.1","_nodeVersion":"0.12.4","_npmUser":{"name":"tonyganch","email":"tonyganch+github@gmail.com"},"dist":{"shasum":"6cfc0445ce769542893fda601c885e165b090337","tarball":"https://registry.npmjs.org/gonzales-pe/-/gonzales-pe-3.1.0.tgz"},"maintainers":[{"name":"tonyganch","email":"tonyganch@gmail.com"}],"directories":{}},"3.1.1":{"name":"gonzales-pe","description":"Gonzales Preprocessor Edition (fast CSS parser)","version":"3.1.1","homepage":"http://github.com/tonyganch/gonzales-pe","bugs":{"url":"http://github.com/tonyganch/gonzales-pe/issues"},"license":"MIT","author":{"name":"Tony Ganch","email":"tonyganch+github@gmail.com","url":"http://tonyganch.com"},"main":"./lib/gonzales","repository":{"type":"git","url":"git+ssh://git@github.com/tonyganch/gonzales-pe.git"},"scripts":{"autofix-tests":"./scripts/build.sh && ./scripts/autofix-tests.sh","build":"./scripts/build.sh","init":"./scripts/init.sh","log":"./scripts/log.sh","test":"./scripts/build.sh && ./scripts/test.sh"},"bin":{"gonzales":"./bin/gonzales.js"},"files":["bin","lib"],"dependencies":{"minimist":"1.1.x"},"devDependencies":{"babel":"^5.5.3","coffee-script":"~1.7.1","jscs":"2.1.0","jshint":"2.8.0","mocha":"2.2.x"},"engines":{"node":">=0.6.0"},"gitHead":"11383c5086e3faf4c38036e24ef82240490313c0","_id":"gonzales-pe@3.1.1","_shasum":"945185933ed77acb445970697bbe5ac4abeed8ea","_from":".","_npmVersion":"2.10.1","_nodeVersion":"0.12.4","_npmUser":{"name":"tonyganch","email":"tonyganch+github@gmail.com"},"dist":{"shasum":"945185933ed77acb445970697bbe5ac4abeed8ea","tarball":"https://registry.npmjs.org/gonzales-pe/-/gonzales-pe-3.1.1.tgz"},"maintainers":[{"name":"tonyganch","email":"tonyganch@gmail.com"}],"directories":{}},"3.2.0":{"name":"gonzales-pe","description":"Gonzales Preprocessor Edition (fast CSS parser)","version":"3.2.0","homepage":"http://github.com/tonyganch/gonzales-pe","bugs":{"url":"http://github.com/tonyganch/gonzales-pe/issues"},"license":"MIT","author":{"name":"Tony Ganch","email":"tonyganch+github@gmail.com","url":"http://tonyganch.com"},"main":"./lib/gonzales","repository":{"type":"git","url":"git+ssh://git@github.com/tonyganch/gonzales-pe.git"},"scripts":{"autofix-tests":"./scripts/build.sh && ./scripts/autofix-tests.sh","build":"./scripts/build.sh","init":"./scripts/init.sh","log":"./scripts/log.sh","test":"./scripts/build.sh && ./scripts/test.sh"},"bin":{"gonzales":"./bin/gonzales.js"},"files":["bin","lib"],"dependencies":{"minimist":"1.1.x"},"devDependencies":{"babel":"^5.5.3","coffee-script":"~1.7.1","jscs":"2.1.0","jshint":"2.8.0","mocha":"2.2.x"},"engines":{"node":">=0.6.0"},"gitHead":"7bf3aafc1b049c79b1d7e963c5b73ec4e7a1bf08","_id":"gonzales-pe@3.2.0","_shasum":"b0a4fb68619453a94e54c7a4c0d8458576a2da04","_from":".","_npmVersion":"2.10.1","_nodeVersion":"0.12.4","_npmUser":{"name":"tonyganch","email":"tonyganch+github@gmail.com"},"dist":{"shasum":"b0a4fb68619453a94e54c7a4c0d8458576a2da04","tarball":"https://registry.npmjs.org/gonzales-pe/-/gonzales-pe-3.2.0.tgz"},"maintainers":[{"name":"tonyganch","email":"tonyganch@gmail.com"}],"directories":{}},"3.2.1":{"name":"gonzales-pe","description":"Gonzales Preprocessor Edition (fast CSS parser)","version":"3.2.1","homepage":"http://github.com/tonyganch/gonzales-pe","bugs":{"url":"http://github.com/tonyganch/gonzales-pe/issues"},"license":"MIT","author":{"name":"Tony Ganch","email":"tonyganch+github@gmail.com","url":"http://tonyganch.com"},"main":"./lib/gonzales","repository":{"type":"git","url":"git+ssh://git@github.com/tonyganch/gonzales-pe.git"},"scripts":{"autofix-tests":"./scripts/build.sh && ./scripts/autofix-tests.sh","build":"./scripts/build.sh","init":"./scripts/init.sh","log":"./scripts/log.sh","test":"./scripts/build.sh && ./scripts/test.sh"},"bin":{"gonzales":"./bin/gonzales.js"},"files":["bin","lib"],"dependencies":{"minimist":"1.1.x"},"devDependencies":{"babel":"^5.5.3","coffee-script":"~1.7.1","jscs":"2.1.0","jshint":"2.8.0","mocha":"2.2.x"},"engines":{"node":">=0.6.0"},"gitHead":"8f452da7355dd9904e1142aaab1de6ec6fc2f2a7","_id":"gonzales-pe@3.2.1","_shasum":"5738f5e4f0a86d1e793250466c4e76aabecfbe5d","_from":".","_npmVersion":"2.10.1","_nodeVersion":"0.12.4","_npmUser":{"name":"tonyganch","email":"tonyganch+github@gmail.com"},"dist":{"shasum":"5738f5e4f0a86d1e793250466c4e76aabecfbe5d","tarball":"https://registry.npmjs.org/gonzales-pe/-/gonzales-pe-3.2.1.tgz"},"maintainers":[{"name":"tonyganch","email":"tonyganch@gmail.com"}],"directories":{}},"3.2.2":{"name":"gonzales-pe","description":"Gonzales Preprocessor Edition (fast CSS parser)","version":"3.2.2","homepage":"http://github.com/tonyganch/gonzales-pe","bugs":{"url":"http://github.com/tonyganch/gonzales-pe/issues"},"license":"MIT","author":{"name":"Tony Ganch","email":"tonyganch+github@gmail.com","url":"http://tonyganch.com"},"main":"./lib/gonzales","repository":{"type":"git","url":"git+ssh://git@github.com/tonyganch/gonzales-pe.git"},"scripts":{"autofix-tests":"./scripts/build.sh && ./scripts/autofix-tests.sh","build":"./scripts/build.sh","init":"./scripts/init.sh","log":"./scripts/log.sh","test":"./scripts/build.sh && ./scripts/test.sh"},"bin":{"gonzales":"./bin/gonzales.js"},"files":["bin","lib"],"dependencies":{"minimist":"1.1.x"},"devDependencies":{"babel":"^5.5.3","coffee-script":"~1.7.1","jscs":"2.1.0","jshint":"2.8.0","mocha":"2.2.x"},"engines":{"node":">=0.6.0"},"gitHead":"eedc7712aaf439234498804332950f8969682b1d","_id":"gonzales-pe@3.2.2","_shasum":"bbefe3873b1fe7f0c9b2398d6c5e6afa5ba769a0","_from":".","_npmVersion":"3.3.12","_nodeVersion":"5.2.0","_npmUser":{"name":"tonyganch","email":"tonyganch+github@gmail.com"},"dist":{"shasum":"bbefe3873b1fe7f0c9b2398d6c5e6afa5ba769a0","tarball":"https://registry.npmjs.org/gonzales-pe/-/gonzales-pe-3.2.2.tgz"},"maintainers":[{"name":"tonyganch","email":"tonyganch@gmail.com"}],"directories":{}},"3.2.3":{"name":"gonzales-pe","description":"Gonzales Preprocessor Edition (fast CSS parser)","version":"3.2.3","homepage":"http://github.com/tonyganch/gonzales-pe","bugs":{"url":"http://github.com/tonyganch/gonzales-pe/issues"},"license":"MIT","author":{"name":"Tony Ganch","email":"tonyganch+github@gmail.com","url":"http://tonyganch.com"},"main":"./lib/gonzales","repository":{"type":"git","url":"git+ssh://git@github.com/tonyganch/gonzales-pe.git"},"scripts":{"autofix-tests":"./scripts/build.sh && ./scripts/autofix-tests.sh","build":"./scripts/build.sh","init":"./scripts/init.sh","log":"./scripts/log.sh","prepublish":"./scripts/prepublish.sh","postinstall":"./scripts/postinstall.sh","postpublish":"./scripts/postpublish.sh","test":"./scripts/build.sh && ./scripts/test.sh"},"bin":{"gonzales":"./bin/gonzales.js"},"dependencies":{"minimist":"1.1.x"},"devDependencies":{"babel":"^5.5.3","coffee-script":"~1.7.1","jscs":"2.1.0","jshint":"2.8.0","mocha":"2.2.x"},"engines":{"node":">=0.6.0"},"gitHead":"c3d8e2084697bc5e47ee85b596dc1f60ce94a6e3","_id":"gonzales-pe@3.2.3","_shasum":"430d42c3eb1dcc2a8326b94fb0d827c534e70faa","_from":".","_npmVersion":"3.3.12","_nodeVersion":"5.2.0","_npmUser":{"name":"tonyganch","email":"tonyganch+github@gmail.com"},"dist":{"shasum":"430d42c3eb1dcc2a8326b94fb0d827c534e70faa","tarball":"https://registry.npmjs.org/gonzales-pe/-/gonzales-pe-3.2.3.tgz"},"maintainers":[{"name":"tonyganch","email":"tonyganch@gmail.com"}],"_npmOperationalInternal":{"host":"packages-5-east.internal.npmjs.com","tmp":"tmp/gonzales-pe-3.2.3.tgz_1454808212855_0.4370040809735656"},"directories":{}},"3.2.4":{"name":"gonzales-pe","description":"Gonzales Preprocessor Edition (fast CSS parser)","version":"3.2.4","homepage":"http://github.com/tonyganch/gonzales-pe","bugs":{"url":"http://github.com/tonyganch/gonzales-pe/issues"},"license":"MIT","author":{"name":"Tony Ganch","email":"tonyganch+github@gmail.com","url":"http://tonyganch.com"},"main":"./lib/gonzales","repository":{"type":"git","url":"git+ssh://git@github.com/tonyganch/gonzales-pe.git"},"scripts":{"autofix-tests":"./scripts/build.sh && ./scripts/autofix-tests.sh","build":"./scripts/build.sh","init":"./scripts/init.sh","log":"./scripts/log.sh","prepublish":"./scripts/prepublish.sh","postinstall":"./scripts/postinstall.sh","postpublish":"./scripts/postpublish.sh","test":"./scripts/build.sh && ./scripts/test.sh"},"bin":{"gonzales":"./bin/gonzales.js"},"dependencies":{"minimist":"1.1.x"},"devDependencies":{"babel":"^5.5.3","coffee-script":"~1.7.1","jscs":"2.1.0","jshint":"2.8.0","mocha":"2.2.x"},"engines":{"node":">=0.6.0"},"gitHead":"14215f55ecbea8e09591e31a156d4370ff5422a2","_id":"gonzales-pe@3.2.4","_shasum":"b9a2577149043fb7cd22625149067b299ad9c1da","_from":".","_npmVersion":"3.3.12","_nodeVersion":"5.2.0","_npmUser":{"name":"tonyganch","email":"tonyganch+github@gmail.com"},"dist":{"shasum":"b9a2577149043fb7cd22625149067b299ad9c1da","tarball":"https://registry.npmjs.org/gonzales-pe/-/gonzales-pe-3.2.4.tgz"},"maintainers":[{"name":"tonyganch","email":"tonyganch@gmail.com"}],"_npmOperationalInternal":{"host":"packages-9-west.internal.npmjs.com","tmp":"tmp/gonzales-pe-3.2.4.tgz_1454809867703_0.05820979061536491"},"directories":{}},"3.2.5":{"name":"gonzales-pe","description":"Gonzales Preprocessor Edition (fast CSS parser)","version":"3.2.5","homepage":"http://github.com/tonyganch/gonzales-pe","bugs":{"url":"http://github.com/tonyganch/gonzales-pe/issues"},"license":"MIT","author":{"name":"Tony Ganch","email":"tonyganch+github@gmail.com","url":"http://tonyganch.com"},"main":"./lib/gonzales","repository":{"type":"git","url":"git+ssh://git@github.com/tonyganch/gonzales-pe.git"},"scripts":{"autofix-tests":"./scripts/build.sh && ./scripts/autofix-tests.sh","build":"./scripts/build.sh","init":"./scripts/init.sh","log":"./scripts/log.sh","prepublish":"./scripts/prepublish.sh","postinstall":"./scripts/postinstall.sh","postpublish":"./scripts/postpublish.sh","test":"./scripts/build.sh && ./scripts/test.sh"},"bin":{"gonzales":"./bin/gonzales.js"},"dependencies":{"minimist":"1.1.x"},"devDependencies":{"babel":"^5.5.3","coffee-script":"~1.7.1","jscs":"2.1.0","jshint":"2.8.0","mocha":"2.2.x"},"engines":{"node":">=0.6.0"},"gitHead":"afdd0996e1089072d4ba1a68504b1b39a2825cfe","_id":"gonzales-pe@3.2.5","_shasum":"2e6820fb2799cb7eb305128ce6dba85fd663eeee","_from":".","_npmVersion":"3.3.12","_nodeVersion":"5.2.0","_npmUser":{"name":"tonyganch","email":"tonyganch+github@gmail.com"},"dist":{"shasum":"2e6820fb2799cb7eb305128ce6dba85fd663eeee","tarball":"https://registry.npmjs.org/gonzales-pe/-/gonzales-pe-3.2.5.tgz"},"maintainers":[{"name":"tonyganch","email":"tonyganch@gmail.com"}],"_npmOperationalInternal":{"host":"packages-5-east.internal.npmjs.com","tmp":"tmp/gonzales-pe-3.2.5.tgz_1454813944151_0.6520222106482834"},"directories":{}},"3.2.5-dev1":{"name":"gonzales-pe","description":"Gonzales Preprocessor Edition (fast CSS parser)","version":"3.2.5-dev1","homepage":"http://github.com/tonyganch/gonzales-pe","bugs":{"url":"http://github.com/tonyganch/gonzales-pe/issues"},"license":"MIT","author":{"name":"Tony Ganch","email":"tonyganch+github@gmail.com","url":"http://tonyganch.com"},"main":"./lib/gonzales","repository":{"type":"git","url":"git+ssh://git@github.com/tonyganch/gonzales-pe.git"},"scripts":{"autofix-tests":"./scripts/build.sh && ./scripts/autofix-tests.sh","build":"./scripts/build.sh","init":"./scripts/init.sh","log":"./scripts/log.sh","prepublish":"./scripts/prepublish.sh","postinstall":"pwd && ls && ./scripts/postinstall.sh","postpublish":"./scripts/postpublish.sh","test":"./scripts/build.sh && ./scripts/test.sh"},"bin":{"gonzales":"./bin/gonzales.js"},"dependencies":{"minimist":"1.1.x"},"devDependencies":{"babel":"^5.5.3","coffee-script":"~1.7.1","jscs":"2.1.0","jshint":"2.8.0","mocha":"2.2.x"},"engines":{"node":">=0.6.0"},"gitHead":"afdd0996e1089072d4ba1a68504b1b39a2825cfe","_id":"gonzales-pe@3.2.5-dev1","_shasum":"7bbe9c9f251e26652650bd27adba689566c50374","_from":".","_npmVersion":"3.3.12","_nodeVersion":"5.2.0","_npmUser":{"name":"tonyganch","email":"tonyganch+github@gmail.com"},"dist":{"shasum":"7bbe9c9f251e26652650bd27adba689566c50374","tarball":"https://registry.npmjs.org/gonzales-pe/-/gonzales-pe-3.2.5-dev1.tgz"},"maintainers":[{"name":"tonyganch","email":"tonyganch@gmail.com"}],"_npmOperationalInternal":{"host":"packages-5-east.internal.npmjs.com","tmp":"tmp/gonzales-pe-3.2.5-dev1.tgz_1454845371896_0.3825396178290248"},"directories":{}},"3.2.5-dev2":{"name":"gonzales-pe","description":"Gonzales Preprocessor Edition (fast CSS parser)","version":"3.2.5-dev2","homepage":"http://github.com/tonyganch/gonzales-pe","bugs":{"url":"http://github.com/tonyganch/gonzales-pe/issues"},"license":"MIT","author":{"name":"Tony Ganch","email":"tonyganch+github@gmail.com","url":"http://tonyganch.com"},"main":"./lib/gonzales","repository":{"type":"git","url":"git+ssh://git@github.com/tonyganch/gonzales-pe.git"},"scripts":{"autofix-tests":"./scripts/build.sh && ./scripts/autofix-tests.sh","build":"./scripts/build.sh","init":"./scripts/init.sh","log":"./scripts/log.sh","prepublish":"./scripts/prepublish.sh","postinstall":"if [ -e ./scripts/postinstall.sh ]; then ./scripts/postinstall.sh; fi","postpublish":"./scripts/postpublish.sh","test":"./scripts/build.sh && ./scripts/test.sh"},"bin":{"gonzales":"./bin/gonzales.js"},"dependencies":{"minimist":"1.1.x"},"devDependencies":{"babel":"^5.5.3","coffee-script":"~1.7.1","jscs":"2.1.0","jshint":"2.8.0","mocha":"2.2.x"},"engines":{"node":">=0.6.0"},"gitHead":"afdd0996e1089072d4ba1a68504b1b39a2825cfe","_id":"gonzales-pe@3.2.5-dev2","_shasum":"4f62099dcd2d246ad431e3ad8deb1dced6f15548","_from":".","_npmVersion":"3.3.12","_nodeVersion":"5.2.0","_npmUser":{"name":"tonyganch","email":"tonyganch+github@gmail.com"},"dist":{"shasum":"4f62099dcd2d246ad431e3ad8deb1dced6f15548","tarball":"https://registry.npmjs.org/gonzales-pe/-/gonzales-pe-3.2.5-dev2.tgz"},"maintainers":[{"name":"tonyganch","email":"tonyganch@gmail.com"}],"_npmOperationalInternal":{"host":"packages-6-west.internal.npmjs.com","tmp":"tmp/gonzales-pe-3.2.5-dev2.tgz_1454845591410_0.7033762405626476"},"directories":{}},"3.2.6":{"name":"gonzales-pe","description":"Gonzales Preprocessor Edition (fast CSS parser)","version":"3.2.6","homepage":"http://github.com/tonyganch/gonzales-pe","bugs":{"url":"http://github.com/tonyganch/gonzales-pe/issues"},"license":"MIT","author":{"name":"Tony Ganch","email":"tonyganch+github@gmail.com","url":"http://tonyganch.com"},"main":"./lib/gonzales","repository":{"type":"git","url":"git+ssh://git@github.com/tonyganch/gonzales-pe.git"},"scripts":{"autofix-tests":"./scripts/build.sh && ./scripts/autofix-tests.sh","build":"./scripts/build.sh","init":"./scripts/init.sh","log":"./scripts/log.sh","prepublish":"./scripts/prepublish.sh","postinstall":"if [ -e ./scripts/postinstall.sh ]; then ./scripts/postinstall.sh; fi","postpublish":"./scripts/postpublish.sh","test":"./scripts/build.sh && ./scripts/test.sh"},"bin":{"gonzales":"./bin/gonzales.js"},"dependencies":{"minimist":"1.1.x"},"devDependencies":{"babel":"^5.5.3","coffee-script":"~1.7.1","jscs":"2.1.0","jshint":"2.8.0","mocha":"2.2.x"},"engines":{"node":">=0.6.0"},"gitHead":"cfa1e7a47c2d4479a55bcc9feac31ee3ce57ce55","_id":"gonzales-pe@3.2.6","_shasum":"214f526c1e4bce50e63d7f2be5c8a89eb3977132","_from":".","_npmVersion":"3.3.12","_nodeVersion":"5.2.0","_npmUser":{"name":"tonyganch","email":"tonyganch+github@gmail.com"},"dist":{"shasum":"214f526c1e4bce50e63d7f2be5c8a89eb3977132","tarball":"https://registry.npmjs.org/gonzales-pe/-/gonzales-pe-3.2.6.tgz"},"maintainers":[{"name":"tonyganch","email":"tonyganch@gmail.com"}],"_npmOperationalInternal":{"host":"packages-5-east.internal.npmjs.com","tmp":"tmp/gonzales-pe-3.2.6.tgz_1454845806158_0.07960355537943542"},"directories":{}},"3.2.7":{"name":"gonzales-pe","description":"Gonzales Preprocessor Edition (fast CSS parser)","version":"3.2.7","homepage":"http://github.com/tonyganch/gonzales-pe","bugs":{"url":"http://github.com/tonyganch/gonzales-pe/issues"},"license":"MIT","author":{"name":"Tony Ganch","email":"tonyganch+github@gmail.com","url":"http://tonyganch.com"},"main":"./lib/gonzales","repository":{"type":"git","url":"git+ssh://git@github.com/tonyganch/gonzales-pe.git"},"scripts":{"autofix-tests":"./scripts/build.sh && ./scripts/autofix-tests.sh","build":"./scripts/build.sh","init":"./scripts/init.sh","log":"./scripts/log.sh","prepublish":"./scripts/prepublish.sh","postpublish":"./scripts/postpublish.sh","test":"./scripts/build.sh && ./scripts/test.sh"},"bin":{"gonzales":"./bin/gonzales.js"},"dependencies":{"minimist":"1.1.x"},"devDependencies":{"babel":"^5.5.3","coffee-script":"~1.7.1","jscs":"2.1.0","jshint":"2.8.0","mocha":"2.2.x"},"engines":{"node":">=0.6.0"},"gitHead":"476f443bed9a0059beebf238c0b91700c9dc5e57","_id":"gonzales-pe@3.2.7","_shasum":"5a6aef206542e9fa1b2787280d4851a35e7f5abb","_from":".","_npmVersion":"3.3.12","_nodeVersion":"5.2.0","_npmUser":{"name":"tonyganch","email":"tonyganch+github@gmail.com"},"dist":{"shasum":"5a6aef206542e9fa1b2787280d4851a35e7f5abb","tarball":"https://registry.npmjs.org/gonzales-pe/-/gonzales-pe-3.2.7.tgz"},"maintainers":[{"name":"tonyganch","email":"tonyganch@gmail.com"}],"_npmOperationalInternal":{"host":"packages-16-east.internal.npmjs.com","tmp":"tmp/gonzales-pe-3.2.7.tgz_1461871184295_0.7028172661084682"},"directories":{}},"3.3.1":{"name":"gonzales-pe","description":"Gonzales Preprocessor Edition (fast CSS parser)","version":"3.3.1","homepage":"http://github.com/tonyganch/gonzales-pe","bugs":{"url":"http://github.com/tonyganch/gonzales-pe/issues"},"license":"MIT","author":{"name":"Tony Ganch","email":"tonyganch+github@gmail.com","url":"http://tonyganch.com"},"main":"./lib/gonzales","repository":{"type":"git","url":"git+ssh://git@github.com/tonyganch/gonzales-pe.git"},"scripts":{"autofix-tests":"bash ./scripts/build.sh && bash ./scripts/autofix-tests.sh","build":"bash ./scripts/build.sh","init":"bash ./scripts/init.sh","log":"bash ./scripts/log.sh","prepublish":"bash ./scripts/prepublish.sh","postpublish":"bash ./scripts/postpublish.sh","test":"bash ./scripts/build.sh && bash ./scripts/test.sh","watch":"bash ./scripts/watch.sh"},"bin":{"gonzales":"./bin/gonzales.js"},"dependencies":{"minimist":"1.1.x"},"devDependencies":{"babel-loader":"^5.3.2","coffee-script":"~1.7.1","jscs":"2.1.0","jshint":"2.8.0","json-loader":"^0.5.3","mocha":"2.2.x","webpack":"^1.12.2"},"engines":{"node":">=0.6.0"},"gitHead":"d91aabe362a8f6444fc305c11ed1d1906b470284","_id":"gonzales-pe@3.3.1","_shasum":"12a7bb9d3dde525e03c6401253ffb1f9bbe61dcd","_from":".","_npmVersion":"3.3.12","_nodeVersion":"5.2.0","_npmUser":{"name":"tonyganch","email":"tonyganch+github@gmail.com"},"dist":{"shasum":"12a7bb9d3dde525e03c6401253ffb1f9bbe61dcd","tarball":"https://registry.npmjs.org/gonzales-pe/-/gonzales-pe-3.3.1.tgz"},"maintainers":[{"name":"tonyganch","email":"tonyganch@gmail.com"}],"_npmOperationalInternal":{"host":"packages-12-west.internal.npmjs.com","tmp":"tmp/gonzales-pe-3.3.1.tgz_1461881362599_0.03789104986935854"},"directories":{}},"3.3.2":{"name":"gonzales-pe","description":"Gonzales Preprocessor Edition (fast CSS parser)","version":"3.3.2","homepage":"http://github.com/tonyganch/gonzales-pe","bugs":{"url":"http://github.com/tonyganch/gonzales-pe/issues"},"license":"MIT","author":{"name":"Tony Ganch","email":"tonyganch+github@gmail.com","url":"http://tonyganch.com"},"main":"./lib/gonzales","repository":{"type":"git","url":"git+ssh://git@github.com/tonyganch/gonzales-pe.git"},"scripts":{"autofix-tests":"bash ./scripts/build.sh && bash ./scripts/autofix-tests.sh","build":"bash ./scripts/build.sh","init":"bash ./scripts/init.sh","log":"bash ./scripts/log.sh","prepublish":"bash ./scripts/prepublish.sh","postpublish":"bash ./scripts/postpublish.sh","test":"bash ./scripts/test.sh","watch":"bash ./scripts/watch.sh"},"bin":{"gonzales":"./bin/gonzales.js"},"dependencies":{"minimist":"1.1.x"},"devDependencies":{"babel-loader":"^5.3.2","coffee-script":"~1.7.1","jscs":"2.1.0","jshint":"2.8.0","json-loader":"^0.5.3","mocha":"2.2.x","webpack":"^1.12.2"},"engines":{"node":">=0.6.0"},"gitHead":"61e6ebbb4c785ca125f540ddb511cac7665b1428","_id":"gonzales-pe@3.3.2","_shasum":"20894d1609f304cc5a118e9ef738a1a3d416bf57","_from":".","_npmVersion":"3.3.12","_nodeVersion":"5.2.0","_npmUser":{"name":"tonyganch","email":"tonyganch+github@gmail.com"},"dist":{"shasum":"20894d1609f304cc5a118e9ef738a1a3d416bf57","tarball":"https://registry.npmjs.org/gonzales-pe/-/gonzales-pe-3.3.2.tgz"},"maintainers":[{"name":"tonyganch","email":"tonyganch@gmail.com"}],"_npmOperationalInternal":{"host":"packages-12-west.internal.npmjs.com","tmp":"tmp/gonzales-pe-3.3.2.tgz_1463579678004_0.8552571614272892"},"directories":{}},"3.3.3":{"name":"gonzales-pe","description":"Gonzales Preprocessor Edition (fast CSS parser)","version":"3.3.3","homepage":"http://github.com/tonyganch/gonzales-pe","bugs":{"url":"http://github.com/tonyganch/gonzales-pe/issues"},"license":"MIT","author":{"name":"Tony Ganch","email":"tonyganch+github@gmail.com","url":"http://tonyganch.com"},"main":"./lib/gonzales","repository":{"type":"git","url":"git+ssh://git@github.com/tonyganch/gonzales-pe.git"},"scripts":{"autofix-tests":"bash ./scripts/build.sh && bash ./scripts/autofix-tests.sh","build":"bash ./scripts/build.sh","init":"bash ./scripts/init.sh","log":"bash ./scripts/log.sh","prepublish":"bash ./scripts/prepublish.sh","postpublish":"bash ./scripts/postpublish.sh","test":"bash ./scripts/test.sh","watch":"bash ./scripts/watch.sh"},"bin":{"gonzales":"./bin/gonzales.js"},"dependencies":{"minimist":"1.1.x"},"devDependencies":{"babel-loader":"^5.3.2","coffee-script":"~1.7.1","jscs":"2.1.0","jshint":"2.8.0","json-loader":"^0.5.3","mocha":"2.2.x","webpack":"^1.12.2"},"engines":{"node":">=0.6.0"},"gitHead":"6b70c1db103cb4a4c95503de937272d8382d6443","_id":"gonzales-pe@3.3.3","_shasum":"8d55caf52d40302c6858d37179dc6d87a5a17dc0","_from":".","_npmVersion":"3.3.12","_nodeVersion":"5.2.0","_npmUser":{"name":"tonyganch","email":"tonyganch+github@gmail.com"},"dist":{"shasum":"8d55caf52d40302c6858d37179dc6d87a5a17dc0","tarball":"https://registry.npmjs.org/gonzales-pe/-/gonzales-pe-3.3.3.tgz"},"maintainers":[{"name":"tonyganch","email":"tonyganch@gmail.com"}],"_npmOperationalInternal":{"host":"packages-12-west.internal.npmjs.com","tmp":"tmp/gonzales-pe-3.3.3.tgz_1463580835647_0.10146295838057995"},"directories":{}},"3.3.4":{"name":"gonzales-pe","description":"Gonzales Preprocessor Edition (fast CSS parser)","version":"3.3.4","homepage":"http://github.com/tonyganch/gonzales-pe","bugs":{"url":"http://github.com/tonyganch/gonzales-pe/issues"},"license":"MIT","author":{"name":"Tony Ganch","email":"tonyganch+github@gmail.com","url":"http://tonyganch.com"},"main":"./lib/gonzales","repository":{"type":"git","url":"git+ssh://git@github.com/tonyganch/gonzales-pe.git"},"scripts":{"autofix-tests":"bash ./scripts/build.sh && bash ./scripts/autofix-tests.sh","build":"bash ./scripts/build.sh","init":"bash ./scripts/init.sh","log":"bash ./scripts/log.sh","prepublish":"bash ./scripts/prepublish.sh","postpublish":"bash ./scripts/postpublish.sh","test":"bash ./scripts/test.sh","watch":"bash ./scripts/watch.sh"},"bin":{"gonzales":"./bin/gonzales.js"},"dependencies":{"minimist":"1.1.x"},"devDependencies":{"babel-loader":"^5.3.2","coffee-script":"~1.7.1","jscs":"2.1.0","jshint":"2.8.0","json-loader":"^0.5.3","mocha":"2.2.x","webpack":"^1.12.2"},"engines":{"node":">=0.6.0"},"gitHead":"6f64068232005ac61ae7044d08d9b8d3c8085ba5","_id":"gonzales-pe@3.3.4","_shasum":"9ae0bf916b259e37a9e54bec43faa51bcf85217e","_from":".","_npmVersion":"3.3.12","_nodeVersion":"5.2.0","_npmUser":{"name":"tonyganch","email":"tonyganch+github@gmail.com"},"dist":{"shasum":"9ae0bf916b259e37a9e54bec43faa51bcf85217e","tarball":"https://registry.npmjs.org/gonzales-pe/-/gonzales-pe-3.3.4.tgz"},"maintainers":[{"name":"tonyganch","email":"tonyganch@gmail.com"}],"_npmOperationalInternal":{"host":"packages-16-east.internal.npmjs.com","tmp":"tmp/gonzales-pe-3.3.4.tgz_1463605867442_0.2234020244795829"},"directories":{}},"3.3.5":{"name":"gonzales-pe","description":"Gonzales Preprocessor Edition (fast CSS parser)","version":"3.3.5","homepage":"http://github.com/tonyganch/gonzales-pe","bugs":{"url":"http://github.com/tonyganch/gonzales-pe/issues"},"license":"MIT","author":{"name":"Tony Ganch","email":"tonyganch+github@gmail.com","url":"http://tonyganch.com"},"main":"./lib/gonzales","repository":{"type":"git","url":"git+ssh://git@github.com/tonyganch/gonzales-pe.git"},"scripts":{"autofix-tests":"bash ./scripts/build.sh && bash ./scripts/autofix-tests.sh","build":"bash ./scripts/build.sh","init":"bash ./scripts/init.sh","log":"bash ./scripts/log.sh","prepublish":"bash ./scripts/prepublish.sh","postpublish":"bash ./scripts/postpublish.sh","test":"bash ./scripts/test.sh","watch":"bash ./scripts/watch.sh"},"bin":{"gonzales":"./bin/gonzales.js"},"dependencies":{"minimist":"1.1.x"},"devDependencies":{"babel-loader":"^5.3.2","coffee-script":"~1.7.1","jscs":"2.1.0","jshint":"2.8.0","json-loader":"^0.5.3","mocha":"2.2.x","webpack":"^1.12.2"},"engines":{"node":">=0.6.0"},"gitHead":"0a9b5f2e71804f4f0219cde1422345984adaac19","_id":"gonzales-pe@3.3.5","_shasum":"238a0406402449db647c25af220744a103469862","_from":".","_npmVersion":"3.3.12","_nodeVersion":"5.2.0","_npmUser":{"name":"tonyganch","email":"tonyganch+github@gmail.com"},"dist":{"shasum":"238a0406402449db647c25af220744a103469862","tarball":"https://registry.npmjs.org/gonzales-pe/-/gonzales-pe-3.3.5.tgz"},"maintainers":[{"name":"tonyganch","email":"tonyganch@gmail.com"}],"_npmOperationalInternal":{"host":"packages-16-east.internal.npmjs.com","tmp":"tmp/gonzales-pe-3.3.5.tgz_1466521988013_0.379840022418648"},"directories":{}},"3.3.6":{"name":"gonzales-pe","description":"Gonzales Preprocessor Edition (fast CSS parser)","version":"3.3.6","homepage":"http://github.com/tonyganch/gonzales-pe","bugs":{"url":"http://github.com/tonyganch/gonzales-pe/issues"},"license":"MIT","author":{"name":"Tony Ganch","email":"tonyganch+github@gmail.com","url":"http://tonyganch.com"},"main":"./lib/gonzales","repository":{"type":"git","url":"git+ssh://git@github.com/tonyganch/gonzales-pe.git"},"scripts":{"autofix-tests":"bash ./scripts/build.sh && bash ./scripts/autofix-tests.sh","build":"bash ./scripts/build.sh","init":"bash ./scripts/init.sh","log":"bash ./scripts/log.sh","prepublish":"bash ./scripts/prepublish.sh","postpublish":"bash ./scripts/postpublish.sh","test":"bash ./scripts/test.sh","watch":"bash ./scripts/watch.sh"},"bin":{"gonzales":"./bin/gonzales.js"},"dependencies":{"minimist":"1.1.x"},"devDependencies":{"babel-loader":"^5.3.2","coffee-script":"~1.7.1","jscs":"2.1.0","jshint":"2.8.0","json-loader":"^0.5.3","mocha":"2.2.x","webpack":"^1.12.2"},"engines":{"node":">=0.6.0"},"gitHead":"99036b2c7e788546d4cdbf45f4cbbaa417cb51fd","_id":"gonzales-pe@3.3.6","_shasum":"1d8cab56e613e70e43f6a087d61e3690c31a08c6","_from":".","_npmVersion":"3.3.12","_nodeVersion":"5.2.0","_npmUser":{"name":"tonyganch","email":"tonyganch+github@gmail.com"},"dist":{"shasum":"1d8cab56e613e70e43f6a087d61e3690c31a08c6","tarball":"https://registry.npmjs.org/gonzales-pe/-/gonzales-pe-3.3.6.tgz"},"maintainers":[{"name":"tonyganch","email":"tonyganch@gmail.com"}],"_npmOperationalInternal":{"host":"packages-12-west.internal.npmjs.com","tmp":"tmp/gonzales-pe-3.3.6.tgz_1467383690697_0.08543826499953866"},"directories":{}},"3.4.0":{"name":"gonzales-pe","description":"Gonzales Preprocessor Edition (fast CSS parser)","version":"3.4.0","homepage":"http://github.com/tonyganch/gonzales-pe","bugs":{"url":"http://github.com/tonyganch/gonzales-pe/issues"},"license":"MIT","author":{"name":"Tony Ganch","email":"tonyganch+github@gmail.com","url":"http://tonyganch.com"},"main":"./lib/gonzales","repository":{"type":"git","url":"git+ssh://git@github.com/tonyganch/gonzales-pe.git"},"scripts":{"autofix-tests":"bash ./scripts/build.sh && bash ./scripts/autofix-tests.sh","build":"bash ./scripts/build.sh","init":"bash ./scripts/init.sh","lint":"bash ./scripts/lint.sh","log":"bash ./scripts/log.sh","prepublish":"bash ./scripts/prepublish.sh","postpublish":"bash ./scripts/postpublish.sh","test":"bash ./scripts/test.sh","watch":"bash ./scripts/watch.sh"},"bin":{"gonzales":"./bin/gonzales.js"},"dependencies":{"minimist":"1.1.x"},"devDependencies":{"babel-loader":"^5.3.2","coffee-script":"~1.7.1","eslint":"^3.0.0","jscs":"2.1.0","jshint":"2.8.0","json-loader":"^0.5.3","mocha":"2.2.x","webpack":"^1.12.2","webpack-closure-compiler":"^2.0.2"},"engines":{"node":">=0.6.0"},"gitHead":"05f8832c95049e38b3ee963705141df37926942e","_id":"gonzales-pe@3.4.0","_shasum":"47ccd524fb893d79bfa6cbf970d31b7c28515313","_from":".","_npmVersion":"3.3.12","_nodeVersion":"5.2.0","_npmUser":{"name":"tonyganch","email":"tonyganch+github@gmail.com"},"dist":{"shasum":"47ccd524fb893d79bfa6cbf970d31b7c28515313","tarball":"https://registry.npmjs.org/gonzales-pe/-/gonzales-pe-3.4.0.tgz"},"maintainers":[{"name":"tonyganch","email":"tonyganch@gmail.com"}],"_npmOperationalInternal":{"host":"packages-12-west.internal.npmjs.com","tmp":"tmp/gonzales-pe-3.4.0.tgz_1469618331876_0.49991785222664475"},"directories":{}},"3.4.1":{"name":"gonzales-pe","description":"Gonzales Preprocessor Edition (fast CSS parser)","version":"3.4.1","homepage":"http://github.com/tonyganch/gonzales-pe","bugs":{"url":"http://github.com/tonyganch/gonzales-pe/issues"},"license":"MIT","author":{"name":"Tony Ganch","email":"tonyganch+github@gmail.com","url":"http://tonyganch.com"},"main":"./lib/gonzales","repository":{"type":"git","url":"git+ssh://git@github.com/tonyganch/gonzales-pe.git"},"scripts":{"autofix-tests":"bash ./scripts/build.sh && bash ./scripts/autofix-tests.sh","build":"bash ./scripts/build.sh","init":"bash ./scripts/init.sh","lint":"bash ./scripts/lint.sh","log":"bash ./scripts/log.sh","prepublish":"bash ./scripts/prepublish.sh","postpublish":"bash ./scripts/postpublish.sh","test":"bash ./scripts/test.sh","watch":"bash ./scripts/watch.sh"},"bin":{"gonzales":"./bin/gonzales.js"},"dependencies":{"minimist":"1.1.x"},"devDependencies":{"babel-loader":"^5.3.2","coffee-script":"~1.7.1","eslint":"^3.0.0","jscs":"2.1.0","jshint":"2.8.0","json-loader":"^0.5.3","mocha":"2.2.x","webpack":"^1.12.2","webpack-closure-compiler":"^2.0.2"},"engines":{"node":">=0.6.0"},"gitHead":"f23fdbcedc5af34bb1bdb82edca00b129ecafde5","_id":"gonzales-pe@3.4.1","_shasum":"bb5512d0caf1399db7c7cdeb1d3b0b798272dcc0","_from":".","_npmVersion":"3.3.12","_nodeVersion":"5.2.0","_npmUser":{"name":"tonyganch","email":"tonyganch+github@gmail.com"},"dist":{"shasum":"bb5512d0caf1399db7c7cdeb1d3b0b798272dcc0","tarball":"https://registry.npmjs.org/gonzales-pe/-/gonzales-pe-3.4.1.tgz"},"maintainers":[{"name":"tonyganch","email":"tonyganch@gmail.com"}],"_npmOperationalInternal":{"host":"packages-16-east.internal.npmjs.com","tmp":"tmp/gonzales-pe-3.4.1.tgz_1469626112202_0.26719839964061975"},"directories":{}},"3.4.2":{"name":"gonzales-pe","description":"Gonzales Preprocessor Edition (fast CSS parser)","version":"3.4.2","homepage":"http://github.com/tonyganch/gonzales-pe","bugs":{"url":"http://github.com/tonyganch/gonzales-pe/issues"},"license":"MIT","author":{"name":"Tony Ganch","email":"tonyganch+github@gmail.com","url":"http://tonyganch.com"},"main":"./lib/gonzales","repository":{"type":"git","url":"git+ssh://git@github.com/tonyganch/gonzales-pe.git"},"scripts":{"autofix-tests":"bash ./scripts/build.sh && bash ./scripts/autofix-tests.sh","build":"bash ./scripts/build.sh","init":"bash ./scripts/init.sh","lint":"bash ./scripts/lint.sh","log":"bash ./scripts/log.sh","prepublish":"bash ./scripts/prepublish.sh","postpublish":"bash ./scripts/postpublish.sh","test":"bash ./scripts/test.sh","watch":"bash ./scripts/watch.sh"},"bin":{"gonzales":"./bin/gonzales.js"},"dependencies":{"minimist":"1.1.x"},"devDependencies":{"babel-loader":"^5.3.2","coffee-script":"~1.7.1","eslint":"^3.0.0","jscs":"2.1.0","jshint":"2.8.0","json-loader":"^0.5.3","mocha":"2.2.x","webpack":"^1.12.2","webpack-closure-compiler":"^2.0.2"},"engines":{"node":">=0.6.0"},"gitHead":"9bdee72605da559378becb1a2668bfd607d4a69d","_id":"gonzales-pe@3.4.2","_shasum":"1c2e4d9cc79560d5bb42de2425221e82bade1883","_from":".","_npmVersion":"3.3.12","_nodeVersion":"5.2.0","_npmUser":{"name":"tonyganch","email":"tonyganch+github@gmail.com"},"dist":{"shasum":"1c2e4d9cc79560d5bb42de2425221e82bade1883","tarball":"https://registry.npmjs.org/gonzales-pe/-/gonzales-pe-3.4.2.tgz"},"maintainers":[{"name":"tonyganch","email":"tonyganch@gmail.com"}],"_npmOperationalInternal":{"host":"packages-12-west.internal.npmjs.com","tmp":"tmp/gonzales-pe-3.4.2.tgz_1470318192151_0.5722793801687658"},"directories":{}},"3.4.3":{"name":"gonzales-pe","description":"Gonzales Preprocessor Edition (fast CSS parser)","version":"3.4.3","homepage":"http://github.com/tonyganch/gonzales-pe","bugs":{"url":"http://github.com/tonyganch/gonzales-pe/issues"},"license":"MIT","author":{"name":"Tony Ganch","email":"tonyganch+github@gmail.com","url":"http://tonyganch.com"},"main":"./lib/gonzales","repository":{"type":"git","url":"git+ssh://git@github.com/tonyganch/gonzales-pe.git"},"scripts":{"autofix-tests":"bash ./scripts/build.sh && bash ./scripts/autofix-tests.sh","build":"bash ./scripts/build.sh","init":"bash ./scripts/init.sh","lint":"bash ./scripts/lint.sh","log":"bash ./scripts/log.sh","prepublish":"bash ./scripts/prepublish.sh","postpublish":"bash ./scripts/postpublish.sh","test":"bash ./scripts/test.sh","watch":"bash ./scripts/watch.sh"},"bin":{"gonzales":"./bin/gonzales.js"},"dependencies":{"minimist":"1.1.x"},"devDependencies":{"babel-loader":"^5.3.2","coffee-script":"~1.7.1","eslint":"^3.0.0","jscs":"2.1.0","jshint":"2.8.0","json-loader":"^0.5.3","mocha":"2.2.x","webpack":"^1.12.2","webpack-closure-compiler":"^2.0.2"},"engines":{"node":">=0.6.0"},"gitHead":"1f22559596e204374a0c40d4a187bfec692312be","_id":"gonzales-pe@3.4.3","_shasum":"516d108c20b00dbd0fc19a1361208c08c3158a63","_from":".","_npmVersion":"3.3.12","_nodeVersion":"5.2.0","_npmUser":{"name":"tonyganch","email":"tonyganch+github@gmail.com"},"dist":{"shasum":"516d108c20b00dbd0fc19a1361208c08c3158a63","tarball":"https://registry.npmjs.org/gonzales-pe/-/gonzales-pe-3.4.3.tgz"},"maintainers":[{"name":"tonyganch","email":"tonyganch@gmail.com"}],"_npmOperationalInternal":{"host":"packages-16-east.internal.npmjs.com","tmp":"tmp/gonzales-pe-3.4.3.tgz_1470673445682_0.5744078923016787"},"directories":{}},"3.4.4":{"name":"gonzales-pe","description":"Gonzales Preprocessor Edition (fast CSS parser)","version":"3.4.4","homepage":"http://github.com/tonyganch/gonzales-pe","bugs":{"url":"http://github.com/tonyganch/gonzales-pe/issues"},"license":"MIT","author":{"name":"Tony Ganch","email":"tonyganch+github@gmail.com","url":"http://tonyganch.com"},"main":"./lib/gonzales","repository":{"type":"git","url":"git+ssh://git@github.com/tonyganch/gonzales-pe.git"},"scripts":{"autofix-tests":"bash ./scripts/build.sh && bash ./scripts/autofix-tests.sh","build":"bash ./scripts/build.sh","init":"bash ./scripts/init.sh","lint":"bash ./scripts/lint.sh","log":"bash ./scripts/log.sh","prepublish":"bash ./scripts/prepublish.sh","postpublish":"bash ./scripts/postpublish.sh","test":"bash ./scripts/test.sh","watch":"bash ./scripts/watch.sh"},"bin":{"gonzales":"./bin/gonzales.js"},"dependencies":{"minimist":"1.1.x"},"devDependencies":{"babel-loader":"^5.3.2","coffee-script":"~1.7.1","eslint":"^3.0.0","jscs":"2.1.0","jshint":"2.8.0","json-loader":"^0.5.3","mocha":"2.2.x","webpack":"^1.12.2","webpack-closure-compiler":"^2.0.2"},"engines":{"node":">=0.6.0"},"gitHead":"c648e8934b0af799b8165d035f04b0a5830a170b","_id":"gonzales-pe@3.4.4","_shasum":"ffa05b82c96342b0460b489b2a0facae17f13430","_from":".","_npmVersion":"3.3.12","_nodeVersion":"5.2.0","_npmUser":{"name":"tonyganch","email":"tonyganch+github@gmail.com"},"dist":{"shasum":"ffa05b82c96342b0460b489b2a0facae17f13430","tarball":"https://registry.npmjs.org/gonzales-pe/-/gonzales-pe-3.4.4.tgz"},"maintainers":[{"name":"tonyganch","email":"tonyganch@gmail.com"}],"_npmOperationalInternal":{"host":"packages-16-east.internal.npmjs.com","tmp":"tmp/gonzales-pe-3.4.4.tgz_1470997115004_0.35228460491634905"},"directories":{}}},"readme":"# Gonzales PE @3.4.4\n\n[![Build Status](https://travis-ci.org/tonyganch/gonzales-pe.svg?branch=3.0)]\n(https://travis-ci.org/tonyganch/gonzales-pe)\n[![AppVeyor Build Status](https://ci.appveyor.com/api/projects/status/m29jphtrqt398v2o/branch/dev?svg=true)]\n(https://ci.appveyor.com/project/tonyganch/gonzales-pe/branch/dev)\n\nGonzales PE is a CSS parser which plays nicely with preprocessors.    \nCurrently those are supported: SCSS, Sass, LESS.\n\n## Install\n\n(1) To install command-line tool globally:\n\n```bash\nnpm install -g gonzales-pe@3.4.4\n```\n\n(2) To install parser as a project dependency:\n\n```bash\nnpm install --save gonzales-pe@3.4.4\n```\n\n(3) If for some reason you want to build files yourself:\n\n```bash\n# Clone the repo.\ngit clone git@github.com:tonyganch/gonzales-pe.git\n# Go to `3.0` branch.\ngit checkout 3.0\n# Install project dependencies.\nnpm install\n# Install git hooks and build files.\nnpm run init\n```\n\n## API\n\nBasically there are a few things you can do:\n\n1. parse css string and get a parse tree in return;\n2. modify tree nodes;\n3. remove tree nodes;\n4. add new nodes to the tree;\n5. convert modified tree back to a string.\n\nIn examples below I assume that `gonzales` is a parser module and `parseTree`\nis some parsed css:\n\n```js\nlet gonzales = require('gonzales-pe');\nlet parseTree = gonzales.parse(css);\n```\n\n### gonzales.createNode(options)\n\n##### Description\n\nCreates a new node. Useful when you need to add something to a tree.\n\n##### Parameters\n\n<table>\n  <tr>\n    <td><i>{Object}</i></td>\n    <td>options</td>\n    <td>Options to pass to a `Node` constructor.</td>\n  </tr>\n  <tr>\n</table>\n\n##### Returns\n\n<table>\n  <tr>\n    <td><i>{Object}</i></td>\n    <td>A new node.</td>\n  </tr>\n</table>\n\n##### Examples\n\n```js\nlet css = 'a {color: tomato}';\nlet parseTree = gonzales.parse(css);\nlet node = gonzales.createNode({ type: 'animal', content: 'panda' });\nparseTree.content.push(node);\n```\n\n\n### gonzales.parse(css[, options])\n\n##### Description\n\nParses a css string.\n\n##### Parameters\n\n<table>\n  <tr>\n    <td><i>{string}</i></td>\n    <td>css</td>\n    <td>A string to parse.</td>\n  </tr>\n  <tr>\n    <td><i>{Object=}</i></td>\n    <td>options</td>\n    <td>Optional. Additional options:\n      <ul>\n        <li>\n          <code>{string} syntax</code> — any of the following: <code>css</code>,\n          <code>less</code>, <code>sass</code>, <code>scss</code>.\n          Default one is <code>css</code>.\n        </li>\n        <li>\n          <code>{string} context</code> — root node's type. For a list of available\n          values see <a href=\"docs/node-types.md\">\"Node types\"</a>. Default\n          one is <code>stylesheet</code>.\n        </li>\n        <li>\n          <code>{number} tabSize</code> — size of a tab character in spaces.\n          Default one is 1.\n        </li>\n      </ul>\n    </td>\n  </tr>\n</table>\n\n##### Returns\n\n<table>\n  <tr>\n    <td><i>{Object}</i></td>\n    <td>Parse tree.</td>\n  </tr>\n</table>\n\n##### Examples\n\n```js\nlet css = 'a {color: tomato}';\nlet parseTree = gonzales.parse(css);\n```\n\n```js\nlet less = 'a {$color: tomato}';\nlet parseTree = gonzales.parse(less, {syntax: 'less'});\n```\n\n```js\nlet less = '$color: tomato';\nlet parseTree = gonzales.parse(less, {syntax: 'less', rule: 'declaration'});\n```\n\n### parseTree.contains(type)\n\n##### Description\n\nChecks whether there is a child node of given type.\n\n##### Parameters\n\n<table>\n  <tr>\n    <td><i>{string}</i></td>\n    <td>type</td>\n    <td>\n      Node type we're looking for. For a list of available values see\n      <a href=\"docs/node-types.md\">\"Node types\"</a>.\n    </td>\n  </tr>\n</table>\n\n##### Returns\n\n<table>\n  <tr>\n    <td><i>{boolean}</i></td>\n    <td>\n      <code>true</code> if a tree contains a child node of a given type,\n      <code>false</code> otherwise.\n    </td>\n  </tr>\n</table>\n\n##### Examples\n\n```js\nif (parseTree.contains('space')) {\n  doSomething();\n}\n```\n\n### parseTree.content\n\n##### Returns\n\n<table>\n  <tr>\n    <td><i>{string|Array}</i></td>\n    <td>Node's content (child nodes or a string).</td>\n  </tr>\n</table>\n\n### parseTree.eachFor([type, ]callback)\n\n##### Description\n\nCalls a function for every child node in tree. If `type` parameter is passed,\ncalls a function only for child nodes of a given type. The main difference from\n`parseTree.forEach()` is that this method loops through node list from the end\nto beginning.\n\n##### Parameters\n\n<table>\n  <tr>\n    <td><i>{string=}</i></td>\n    <td>type</td>\n    <td>\n      Optional. A node type by which to filter child nodes before applying\n      a callback function. For a list of available values see\n      <a href=\"docs/node-types.md\">\"Node types\"</a>.\n    </td>\n  </tr>\n  <tr>\n    <td><i>{Function}</i></td>\n    <td>callback</td>\n    <td>\n      Function to call for every child node. Accepts following parameters:\n      <ul>\n        <li><code>{Object}</code> — a child node;</li>\n        <li><code>{number}</code> — index of the child node in node list;</li>\n        <li>\n          <code>{Object}</code> — parent node (equals to <code>parseTree</code>).\n        </li>\n      </ul>\n    </td>\n  </tr>\n</table>\n\n##### Examples\n\n```js\nparseTree.eachFor(function(childNode) {\n  doSomething(childNode);\n});\n```\n\n```js\n// Remove all child spaces.\nparseTree.eachFor('space', function(spaceNode, i) {\n  parseTree.removeChild(i);\n});\n```\n\n### parseTree.end\n\n##### Returns\n\n<table>\n  <tr>\n    <td><i>{Object}</i></td>\n    <td>\n      End position of the node. Contains following info:\n      <ul>\n        <li>\n          <code>{number} line</code> — last symbol's line number\n          (1-based index);\n        </li>\n        <li>\n          <code>{number} column</code> — last symbol's column number\n          (1-based index).\n        </li>\n      </ul>\n    </td>\n  </tr>\n</table>\n\n### parseTree.first([type])\n\n##### Description\n\nGets the first child node. If `type` parameter is passed, gets the first child\nnode of a given type. If no node has been found, returns `null`.\n\n##### Parameters\n\n<table>\n  <tr>\n    <td><i>{string=}</i></td>\n    <td>type</td>\n    <td>\n      Optional. Node type to look for. For a list of available values see\n      <a href=\"docs/node-types.md\">\"Node types\"</a>.\n    </td>\n  </tr>\n</table>\n\n##### Returns\n\n<table>\n  <tr>\n    <td><i>{?Object}</i></td>\n    <td>A node.</td>\n  </tr>\n</table>\n\n##### Examples\n\n```js\nlet node = parseTree.first();\nnode.content = 'panda';\n```\n\n```js\nlet node = parseTree.first('multilineComment');\nnode.content = 'panda';\n```\n\n### parseTree.forEach([type, ]callback)\n\n##### Description\n\nCalls a function for every child node in tree. If `type` parameter is passed,\ncalls a function only for child nodes of a given type. The main difference from\n`parseTree.eachFor()` is that this method loops through node list from the\nbeginnig to end.\n\n##### Parameters\n\n<table>\n  <tr>\n    <td><i>{string=}</i></td>\n    <td>type</td>\n    <td>\n      Optional. A node type by which to filter child nodes before applying\n      a callback function. For a list of available values see\n      <a href=\"docs/node-types.md\">\"Node types\"</a>.\n    </td>\n  </tr>\n  <tr>\n    <td><i>{Function}</i></td>\n    <td>callback</td>\n    <td>\n      Function to call for every child node. Accepts following parameters:\n      <ul>\n        <li><code>{Object}</code> — a child node;</li>\n        <li><code>{number}</code> — index of the child node in node list;</li>\n        <li>\n          <code>{Object}</code> — parent node (equals to <code>parseTree</code>).\n        </li>\n      </ul>\n    </td>\n  </tr>\n</table>\n\n##### Examples\n\n```js\nparseTree.forEach(function(childNode) {\n  doSomething();\n});\n```\n\n```js\nparseTree.forEach('space', function(spaceNode) {\n  doSomething();\n});\n```\n\n### parseTree.get(index)\n\n##### Description\n\nGets *nth* child of the `parseTree`. If no node has been found, returns `null`.\n\n##### Parameters\n\n<table>\n  <tr>\n    <td><i>{number}</i></td>\n    <td>index</td>\n    <td>Index number of node which we're looking for.</td>\n  </tr>\n</table>\n\n##### Returns\n\n<table>\n  <tr>\n    <td><i>{?Object}</i></td>\n    <td>A node.</td>\n  </tr>\n</table>\n\n##### Examples\n\n```js\nvar node = parseTree.get(2);\ndoSomething(node);\n```\n\n### parseTree.insert(index, node)\n\n##### Description\n\nInserts a node to a given position in `parseTree`.\n\n##### Parameters\n\n<table>\n  <tr>\n    <td><i>{number}</i></td>\n    <td>index</td>\n    <td>Index of position where to insert the node.</td>\n  </tr>\n  <tr>\n    <td><i>{Object}</i></td>\n    <td>node</td>\n    <td>A node to insert.</td>\n  </tr>\n</table>\n\n##### Examples\n\n```js\nlet node = gonzales.createNode({type: 'animal', content: 'panda'});\nparseTree.insert(2, node);\n```\n\n### parseTree.is(type)\n\n##### Description\n\nChecks whether the node is of given type.\n\n##### Parameters\n\n<table>\n  <tr>\n    <td><i>{string}</i></td>\n    <td>type</td>\n    <td>\n      A node type against which to check type of <code>parseTree</code>.\n      For a list of available values see\n      <a href=\"docs/node-types.md\">\"Node types\"</a>.\n    </td>\n  </tr>\n</table>\n\n##### Returns\n\n<table>\n  <tr>\n    <td><i>{boolean}</i></td>\n    <td>\n      <code>true</code> if types are equal, <code>false</code> otherwise.\n    </td>\n  </tr>\n</table>\n\n##### Examples\n\n```js\nif (node.is('space')) {\n  node.content = '';\n}\n```\n\n### parseTree.last(type)\n\nGets the last child node. If `type` parameter is passed, gets the last child\nnode of a given type. If no node has been found, returns `null`.\n\n##### Parameters\n\n<table>\n  <tr>\n    <td><i>{string=}</i></td>\n    <td>type</td>\n    <td>\n      Optional. Node type to look for. For a list of available values see\n      <a href=\"docs/node-types.md\">\"Node types\"</a>.\n    </td>\n  </tr>\n</table>\n\n##### Returns\n\n<table>\n  <tr>\n    <td><i>{?Object}</i></td>\n    <td>A node.</td>\n  </tr>\n</table>\n\n##### Examples\n\n```js\nlet node = parseTree.last();\nnode.content = 'panda';\n```\n\n```js\nlet node = parseTree.last('multilineComment');\nnode.content = 'panda';\n```\n\n### parseTree.length\n\n##### Returns\n\n<table>\n  <tr>\n    <td><i>{number}</i></td>\n    <td>Number of child nodes.</td>\n  </tr>\n</table>\n\n### parseTree.removeChild(index)\n\n##### Description\n\nRemoves a child node at a given position.\n\n##### Parameters\n\n<table>\n  <tr>\n    <td><i>{number}</i></td>\n    <td>index</td>\n    <td>Index of a child node we need to remove.</td>\n  </tr>\n</table>\n\n##### Returns\n\n<table>\n  <tr>\n    <td><i>{Object}</i></td>\n    <td>Removed node.</td>\n  </tr>\n</table>\n##### Examples\n\n```js\n// Swap nodes.\nvar node = parseTree.removeChild(1);\nparseTree.insert(0, node);\n```\n\n### parseTree.start\n\n##### Returns\n\n<table>\n  <tr>\n    <td><i>{Object}</i></td>\n    <td>\n      Start position of the node. Contains following info:\n      <ul>\n        <li>\n          <code>{number} line</code> — first symbol's line number\n          (1-based index);\n        </li>\n        <li>\n          <code>{number} column</code> — first symbol's column number\n          (1-based index).\n        </li>\n      </ul>\n    </td>\n  </tr>\n</table>\n\n\n### parseTree.syntax\n\n##### Returns\n\n<table>\n  <tr>\n    <td><i>{string}</i></td>\n    <td>Syntax of original parsed string.</td>\n  </tr>\n</table>\n\n### parseTree.toJson()\n\n##### Description\n\nConverts parse tree to JSON. Useful for printing.\n\n##### Returns\n\n<table>\n  <tr>\n    <td><i>{Object}</i></td>\n    <td>Parse tree in JSON</td>\n  </tr>\n</table>\n\n### parseTree.toString()\n\n##### Description\n\nConverts parse tree back to string according to original syntax.\n\n##### Returns\n\n<table>\n  <tr>\n    <td><i>{string}</i></td>\n    <td>A compiled string.</td>\n  </tr>\n</table>\n\n##### Examples\n\n```js\nlet css = parseTree.toString();\n```\n\n### parseTree.traverse(callback)\n\n##### Description\n\nCalls the function for every node in a tree including `parseTree` itself.\n\n##### Parameters\n\n<table>\n  <tr>\n    <td><i>{Function}</i></td>\n    <td>callback</td>\n    <td>\n      Function to apply to every node. Accepts following parameters:\n      <ul>\n        <li><code>{Object}</code> — a node to which we apply callback;</li>\n        <li><code>{number}</code> — node's index number inside its parent;</li>\n        <li><code>{Object}</code> — a node's parent;</li>\n        <li>\n          <code>{number}</code> — node's nesting level relative to its parent.\n        </li>\n      </ul>\n    </td>\n  </tr>\n</table>\n\n##### Examples\n\n```js\nparseTree.traverse(function(node, index, parent) {\n  if (node.is('multilineComment')) {\n    parent.removeChild(index);\n  } else if (node.is('space')) {\n    node.content = ' ';\n  }\n});\n```\n\n### parseTree.traverseByType(type, callback)\n\n##### Description\n\nThis method should be called for a root node, because calling it for a child\nwill be more time consuming.    \nCalls the function for every node of a given type. This means not just child\nnodes, but grandchilds and so on.\n\n##### Parameters\n\n<table>\n  <tr>\n    <td><i>{string}</i></td>\n    <td>type</td>\n    <td>\n      Node type. For a list of available values please see\n      <a href=\"docs/node-types.md\">\"Node types\"</a>.\n    </td>\n  </tr>\n  <tr>\n    <td><i>{Function}</i></td>\n    <td>callback</td>\n    <td>\n      Function to apply to every node of a given type.\n      Accepts following parameters:\n      <ul>\n        <li><code>{Object}</code> — a node to which we apply callback;</li>\n        <li><code>{number}</code> — node's index number inside its parent;</li>\n        <li><code>{Object}</code> — a node's parent.</li>\n      </ul>\n    </td>\n  </tr>\n</table>\n\n##### Examples\n\n```js\n// Remove all comments.\nparseTree.traverseByType('multilineComment', function(node, index, parent) {\n  parent.removeChild(index);\n});\n```\n\n### parseTree.traverseByTypes(types, callback)\n\n##### Description\n\nThis method should be called for a root node, because calling it for a child\nwill be more time consuming.    \nCalls the function for every node of given types. This means not just child\nnodes, but grandchilds and so on.\n\n##### Parameters\n\n<table>\n  <tr>\n    <td><i>{Array.string}</i></td>\n    <td>types</td>\n    <td>\n      List of node types. For a list of available values please see\n      <a href=\"docs/node-types.md\">\"Node types\"</a>.\n    </td>\n  </tr>\n  <tr>\n    <td><i>{Function}</i></td>\n    <td>callback</td>\n    <td>\n      Function to apply to every node of given types.\n      Accepts following parameters:\n      <ul>\n        <li><code>{Object}</code> — a node to which we apply callback;</li>\n        <li><code>{number}</code> — node's index number inside its parent;</li>\n        <li><code>{Object}</code> — a node's parent.</li>\n      </ul>\n    </td>\n  </tr>\n</table>\n\n##### Examples\n\n```js\n// Remove all comments and spaces.\nlet types = ['multilineComment', 'space'];\nparseTree.traverseByTypes(types, function(node, index, parent) {\n  parent.removeChild(index);\n});\n```\n\n### parseTree.type\n\n##### Returns\n\n<table>\n  <tr>\n    <td><i>{string}</i></td>\n    <td>\n      Node type. For a list of available values see\n      <a href=\"docs/node-types.md\">\"Node types\"</a>.\n    </td>\n  </tr>\n</table>\n\n\n## Test\n\nTo run tests:\n\n    npm test\n\nThis command will build library files from sources and run tests on all files\nin syntax directories.\n\nEvery test has 3 files: source stylesheet, expected parse tree and expected\nstring compiled back from parse tree to css.\n\nIf some tests fail, you can find information in test logs:\n\n- `log/test.log` contains all information from stdout;\n- `log/expected.txt` contains only expected text;\n- `log/result.txt` contains only result text.\n\nThe last two are made for your convenience: you can use any diff app to see\nthe defference between them.\n\nIf you want to test one specific string or get a general idea of how Gonzales\nworks, you can use `test/ast.js` file.    \nSimply change the first two strings (`css` and `syntax` vars) and run:\n\n    node test/single-test.js\n\n## Report\n\nIf you find a bug or want to add a feature, welcome to [Issues](https://github.com/tonyganch/gonzales-pe/issues).\n\nIf you are shy but have a question, feel free to [drop me a\nline](mailto:tonyganch+gonzales@gmail.com).\n","maintainers":[{"name":"tonyganch","email":"tonyganch@gmail.com"}],"time":{"modified":"2016-08-12T10:18:36.643Z","created":"2013-10-13T13:17:06.069Z","2.0.0-alpha":"2013-10-13T13:17:08.382Z","2.0.0-beta":"2013-10-15T17:54:30.292Z","2.0.0-beta2":"2013-10-15T18:54:19.489Z","2.0.0-beta3":"2013-10-20T10:55:11.604Z","2.0.0-rc0":"2013-10-26T13:53:28.817Z","2.0.0-rc1":"2013-11-02T14:02:16.973Z","2.0.0":"2013-11-10T22:56:54.522Z","2.0.1":"2013-11-18T11:00:00.946Z","2.0.2":"2013-12-28T22:25:33.341Z","3.0.0-1":"2014-04-09T11:51:23.609Z","3.0.0-2":"2014-04-09T13:17:19.930Z","3.0.0-3":"2014-04-09T14:22:15.969Z","3.0.0-4":"2014-04-10T21:48:23.663Z","3.0.0-5":"2014-06-09T14:13:14.494Z","3.0.0-6":"2014-07-02T16:07:10.160Z","3.0.0-7":"2014-07-05T16:06:00.352Z","3.0.0-8":"2014-07-05T17:56:40.310Z","3.0.0-9":"2014-07-08T16:06:04.109Z","3.0.0-10":"2014-07-18T16:21:45.997Z","3.0.0-11":"2014-11-15T10:47:49.868Z","3.0.0-12":"2014-11-27T15:49:28.024Z","3.0.0-13":"2015-01-22T13:00:18.805Z","3.0.0-14":"2015-01-31T17:26:43.643Z","3.0.0-15":"2015-01-31T18:09:09.546Z","3.0.0-16":"2015-01-31T18:17:58.868Z","3.0.0-17":"2015-01-31T20:34:17.596Z","3.0.0-18":"2015-02-01T12:15:08.396Z","3.0.0-19":"2015-02-02T07:32:27.451Z","3.0.0-20":"2015-02-02T08:28:58.616Z","3.0.0-21":"2015-02-02T10:10:41.712Z","3.0.0-22":"2015-02-02T11:12:52.093Z","3.0.0-23":"2015-02-02T11:33:57.669Z","3.0.0-24":"2015-02-02T11:35:46.563Z","3.0.0-25":"2015-02-02T15:57:59.231Z","3.0.0-26":"2015-02-02T16:19:19.894Z","3.0.0-27":"2015-05-12T20:03:44.581Z","3.0.0-28":"2015-05-19T09:27:13.157Z","3.0.0-29":"2015-05-27T08:10:44.621Z","3.0.0-30":"2015-06-05T23:54:41.368Z","3.0.0-31":"2015-06-19T22:45:17.535Z","3.0.0-beta":"2015-10-04T23:08:59.348Z","3.0.0":"2015-10-18T00:35:46.733Z","3.0.1":"2015-10-18T01:10:39.142Z","3.0.2":"2015-10-18T01:54:20.891Z","3.0.3":"2015-10-18T09:50:26.936Z","3.1.0":"2015-10-18T13:33:34.149Z","3.1.1":"2015-10-19T18:32:45.260Z","3.2.0":"2015-10-19T19:53:24.819Z","3.2.1":"2015-10-19T20:40:18.552Z","3.2.2":"2016-01-17T16:04:02.748Z","3.2.3":"2016-02-07T01:23:33.988Z","3.2.4":"2016-02-07T01:51:10.322Z","3.2.5":"2016-02-07T02:59:05.723Z","3.2.5-dev1":"2016-02-07T11:42:53.050Z","3.2.5-dev2":"2016-02-07T11:46:34.429Z","3.2.6":"2016-02-07T11:50:07.332Z","3.2.7":"2016-04-28T19:19:45.525Z","3.3.1":"2016-04-28T22:09:25.363Z","3.3.2":"2016-05-18T13:54:40.838Z","3.3.3":"2016-05-18T14:13:58.420Z","3.3.4":"2016-05-18T21:11:10.672Z","3.3.5":"2016-06-21T15:13:09.641Z","3.3.6":"2016-07-01T14:34:53.433Z","3.4.0":"2016-07-27T11:18:53.926Z","3.4.1":"2016-07-27T13:28:34.922Z","3.4.2":"2016-08-04T13:43:13.828Z","3.4.3":"2016-08-08T16:24:08.562Z","3.4.4":"2016-08-12T10:18:36.643Z"},"author":{"name":"Tony Ganch","email":"tonyganch+github@gmail.com","url":"http://tonyganch.com"},"repository":{"type":"git","url":"git+ssh://git@github.com/tonyganch/gonzales-pe.git"},"homepage":"http://github.com/tonyganch/gonzales-pe","bugs":{"url":"http://github.com/tonyganch/gonzales-pe/issues"},"license":"MIT","readmeFilename":"README.md","users":{"nice_body":true,"cappadona":true},"_attachments":{},"_etag":"\"13MVROPS5LL1TM1IWIAS64V8U\"","_cached":true}