{"_id":"js-beautify","_rev":"148-dfbf5ee68605910496d730c45fe812d3","name":"js-beautify","description":"jsbeautifier.org for node","dist-tags":{"latest":"1.6.4"},"versions":{"0.1.8":{"name":"js-beautify","version":"0.1.8","description":"jsbeautifier.org for node","main":"beautify.js","preferGlobal":true,"bin":{"js-beautify":"./cli.js"},"directories":{"test":"tests"},"scripts":{"test":"./tests/beautify-tests.js"},"repository":{"type":"git","url":"git://github.com/evocateur/js-beautify.git#node-package"},"keywords":["beautify","beautifier","code-quality"],"author":{"name":"Einar Lielmanis","email":"einar@jsbeautifier.org"},"contributors":[{"name":"Vital Batmanov","email":"vital76@gmail.com"},{"name":"Chris J. Shull","email":"chrisjshull@gmail.com"},{"name":"Gian Marco Gherardi","email":"gianmarco.gherardi@gmail.com"},{"name":"Stan","email":"stasson@orc.ru"},{"name":"Vittorio Gambaletta","email":"VittGam@vittgam.net"},{"name":"Daniel Stockman","email":"daniel.stockman@gmail.com"}],"license":"MIT","engines":{"node":">=0.6.x"},"engineStrict":true,"dependencies":{"optimist":"~0.3.4"},"_id":"js-beautify@0.1.8","dist":{"shasum":"f2519ce18a2c8898a58c13088fec09263bbd1091","tarball":"https://registry.npmjs.org/js-beautify/-/js-beautify-0.1.8.tgz"},"maintainers":[{"name":"evocateur","email":"daniel.stockman@gmail.com"}],"deprecated":"major indenting and html bug fixes in 1.4.0."},"0.2.0":{"name":"js-beautify","version":"0.2.0","description":"jsbeautifier.org for node","main":"beautify.js","preferGlobal":true,"bin":{"js-beautify":"./cli.js"},"directories":{"test":"tests"},"scripts":{"test":"./tests/beautify-tests.js"},"repository":{"type":"git","url":"git://github.com/evocateur/js-beautify.git#node-package"},"keywords":["beautify","beautifier","code-quality"],"author":{"name":"Einar Lielmanis","email":"einar@jsbeautifier.org"},"contributors":[{"name":"Vital Batmanov","email":"vital76@gmail.com"},{"name":"Chris J. Shull","email":"chrisjshull@gmail.com"},{"name":"Gian Marco Gherardi","email":"gianmarco.gherardi@gmail.com"},{"name":"Stan","email":"stasson@orc.ru"},{"name":"Vittorio Gambaletta","email":"VittGam@vittgam.net"},{"name":"Daniel Stockman","email":"daniel.stockman@gmail.com"}],"license":"MIT","dependencies":{"optimist":"~0.3.4"},"_id":"js-beautify@0.2.0","dist":{"shasum":"9737cbfa8cb09c626d600a1c7b8b54d77a047c2e","tarball":"https://registry.npmjs.org/js-beautify/-/js-beautify-0.2.0.tgz"},"maintainers":[{"name":"evocateur","email":"daniel.stockman@gmail.com"}],"deprecated":"major indenting and html bug fixes in 1.4.0."},"0.2.1":{"name":"js-beautify","version":"0.2.1","description":"jsbeautifier.org for node","main":"beautify.js","preferGlobal":true,"bin":{"js-beautify":"./cli.js"},"directories":{"test":"tests"},"scripts":{"test":"./tests/beautify-tests.js"},"repository":{"type":"git","url":"git://github.com/evocateur/js-beautify.git#node-package.git"},"keywords":["beautify","beautifier","code-quality"],"author":{"name":"Einar Lielmanis","email":"einar@jsbeautifier.org"},"contributors":[{"name":"Vital Batmanov","email":"vital76@gmail.com"},{"name":"Chris J. Shull","email":"chrisjshull@gmail.com"},{"name":"Gian Marco Gherardi","email":"gianmarco.gherardi@gmail.com"},{"name":"Stan","email":"stasson@orc.ru"},{"name":"Vittorio Gambaletta","email":"VittGam@vittgam.net"},{"name":"Daniel Stockman","email":"daniel.stockman@gmail.com"}],"license":"MIT","dependencies":{"optimist":"~0.3.4"},"_npmUser":{"name":"evocateur","email":"daniel.stockman@gmail.com"},"_id":"js-beautify@0.2.1","devDependencies":{},"engines":{"node":"*"},"_engineSupported":true,"_npmVersion":"1.0.106","_nodeVersion":"v0.4.12","_defaultsLoaded":true,"dist":{"shasum":"501e8a8b2f272afefc3f85bc54f82a16ebde25a0","tarball":"https://registry.npmjs.org/js-beautify/-/js-beautify-0.2.1.tgz"},"maintainers":[{"name":"evocateur","email":"daniel.stockman@gmail.com"}],"deprecated":"major indenting and html bug fixes in 1.4.0."},"0.2.2":{"name":"js-beautify","version":"0.2.2","description":"jsbeautifier.org for node","main":"beautify.js","preferGlobal":true,"bin":{"js-beautify":"./cli.js"},"directories":{"test":"tests"},"scripts":{"test":"./tests/beautify-tests.js"},"repository":{"type":"git","url":"git://github.com/evocateur/js-beautify.git#node-package"},"keywords":["beautify","beautifier","code-quality"],"author":{"name":"Einar Lielmanis","email":"einar@jsbeautifier.org"},"contributors":[{"name":"Vital Batmanov","email":"vital76@gmail.com"},{"name":"Chris J. Shull","email":"chrisjshull@gmail.com"},{"name":"Gian Marco Gherardi","email":"gianmarco.gherardi@gmail.com"},{"name":"Stan","email":"stasson@orc.ru"},{"name":"Vittorio Gambaletta","email":"VittGam@vittgam.net"},{"name":"Daniel Stockman","email":"daniel.stockman@gmail.com"}],"license":"MIT","dependencies":{"optimist":"~0.3.4"},"_id":"js-beautify@0.2.2","dist":{"shasum":"89cc29ad076450973748334addf1190819dd8943","tarball":"https://registry.npmjs.org/js-beautify/-/js-beautify-0.2.2.tgz"},"maintainers":[{"name":"evocateur","email":"daniel.stockman@gmail.com"}],"deprecated":"major indenting and html bug fixes in 1.4.0."},"0.2.3":{"name":"js-beautify","version":"0.2.3","description":"jsbeautifier.org for node","main":"beautify.js","preferGlobal":true,"bin":{"js-beautify":"./cli.js"},"directories":{"test":"tests"},"scripts":{"test":"./tests/beautify-tests.js"},"repository":{"type":"git","url":"git://github.com/evocateur/js-beautify.git#node-package"},"keywords":["beautify","beautifier","code-quality"],"author":{"name":"Einar Lielmanis","email":"einar@jsbeautifier.org"},"contributors":[{"name":"Vital Batmanov","email":"vital76@gmail.com"},{"name":"Chris J. Shull","email":"chrisjshull@gmail.com"},{"name":"Gian Marco Gherardi","email":"gianmarco.gherardi@gmail.com"},{"name":"Stan","email":"stasson@orc.ru"},{"name":"Vittorio Gambaletta","email":"VittGam@vittgam.net"},{"name":"Daniel Stockman","email":"daniel.stockman@gmail.com"}],"license":"MIT","dependencies":{"optimist":"~0.3.4"},"_id":"js-beautify@0.2.3","dist":{"shasum":"b296f045548979cd070d2a98ab4b4790d0ac29c5","tarball":"https://registry.npmjs.org/js-beautify/-/js-beautify-0.2.3.tgz"},"maintainers":[{"name":"evocateur","email":"daniel.stockman@gmail.com"}],"deprecated":"major indenting and html bug fixes in 1.4.0."},"0.2.4":{"name":"js-beautify","version":"0.2.4","description":"jsbeautifier.org for node","main":"beautify.js","preferGlobal":true,"bin":{"js-beautify":"./cli.js"},"directories":{"test":"tests"},"scripts":{"test":"node ./tests/beautify-tests.js"},"repository":{"type":"git","url":"git://github.com/evocateur/js-beautify.git#node-package"},"keywords":["beautify","beautifier","code-quality"],"author":{"name":"Einar Lielmanis","email":"einar@jsbeautifier.org"},"contributors":[{"name":"Vital Batmanov","email":"vital76@gmail.com"},{"name":"Chris J. Shull","email":"chrisjshull@gmail.com"},{"name":"Gian Marco Gherardi","email":"gianmarco.gherardi@gmail.com"},{"name":"Stan","email":"stasson@orc.ru"},{"name":"Vittorio Gambaletta","email":"VittGam@vittgam.net"},{"name":"Daniel Stockman","email":"daniel.stockman@gmail.com"}],"license":"MIT","dependencies":{"optimist":"~0.3.4"},"_id":"js-beautify@0.2.4","dist":{"shasum":"262150b7b2608acfc255a80efa6acdc36b916019","tarball":"https://registry.npmjs.org/js-beautify/-/js-beautify-0.2.4.tgz"},"_npmVersion":"1.1.65","_npmUser":{"name":"evocateur","email":"daniel.stockman@gmail.com"},"maintainers":[{"name":"evocateur","email":"daniel.stockman@gmail.com"}],"deprecated":"major indenting and html bug fixes in 1.4.0."},"0.3.0":{"name":"js-beautify","version":"0.3.0","description":"jsbeautifier.org for node","main":"beautify.js","preferGlobal":true,"bin":{"js-beautify":"./cli.js"},"directories":{"test":"tests"},"scripts":{"test":"node ./tests/beautify-tests.js"},"repository":{"type":"git","url":"git://github.com/evocateur/js-beautify.git#node-package"},"keywords":["beautify","beautifier","code-quality"],"author":{"name":"Einar Lielmanis","email":"einar@jsbeautifier.org"},"contributors":[{"name":"Vital Batmanov","email":"vital76@gmail.com"},{"name":"Chris J. Shull","email":"chrisjshull@gmail.com"},{"name":"Gian Marco Gherardi","email":"gianmarco.gherardi@gmail.com"},{"name":"Stan","email":"stasson@orc.ru"},{"name":"Vittorio Gambaletta","email":"VittGam@vittgam.net"},{"name":"Daniel Stockman","email":"daniel.stockman@gmail.com"}],"license":"MIT","dependencies":{"config-chain":"~1.1.3","nopt":"2.x"},"_id":"js-beautify@0.3.0","dist":{"shasum":"bb5106a591b416f53a8888f996c89883fb0002c4","tarball":"https://registry.npmjs.org/js-beautify/-/js-beautify-0.3.0.tgz"},"_npmVersion":"1.1.65","_npmUser":{"name":"evocateur","email":"daniel.stockman@gmail.com"},"maintainers":[{"name":"evocateur","email":"daniel.stockman@gmail.com"}],"deprecated":"major indenting and html bug fixes in 1.4.0."},"0.3.1":{"name":"js-beautify","version":"0.3.1","description":"jsbeautifier.org for node","main":"beautify.js","preferGlobal":true,"bin":{"js-beautify":"./cli.js"},"directories":{"test":"tests"},"scripts":{"test":"node ./tests/beautify-tests.js"},"repository":{"type":"git","url":"git://github.com/evocateur/js-beautify.git#node-package"},"keywords":["beautify","beautifier","code-quality"],"author":{"name":"Einar Lielmanis","email":"einar@jsbeautifier.org"},"contributors":[{"name":"Vital Batmanov","email":"vital76@gmail.com"},{"name":"Chris J. Shull","email":"chrisjshull@gmail.com"},{"name":"Gian Marco Gherardi","email":"gianmarco.gherardi@gmail.com"},{"name":"Stan","email":"stasson@orc.ru"},{"name":"Vittorio Gambaletta","email":"VittGam@vittgam.net"},{"name":"Daniel Stockman","email":"daniel.stockman@gmail.com"}],"license":"MIT","dependencies":{"config-chain":"~1.1.3","nopt":"2.x"},"_id":"js-beautify@0.3.1","dist":{"shasum":"b0deb1979a74541779cc5dbe4dba2fa7ff3b2295","tarball":"https://registry.npmjs.org/js-beautify/-/js-beautify-0.3.1.tgz"},"_npmVersion":"1.1.65","_npmUser":{"name":"evocateur","email":"daniel.stockman@gmail.com"},"maintainers":[{"name":"evocateur","email":"daniel.stockman@gmail.com"}],"deprecated":"major indenting and html bug fixes in 1.4.0."},"0.3.2":{"name":"js-beautify","version":"0.3.2","description":"jsbeautifier.org for node","main":"beautify.js","preferGlobal":true,"bin":{"js-beautify":"./cli.js"},"directories":{"test":"tests"},"scripts":{"test":"node ./tests/beautify-tests.js"},"repository":{"type":"git","url":"git://github.com/evocateur/js-beautify.git#node-package"},"keywords":["beautify","beautifier","code-quality"],"author":{"name":"Einar Lielmanis","email":"einar@jsbeautifier.org"},"contributors":[{"name":"Vital Batmanov","email":"vital76@gmail.com"},{"name":"Chris J. Shull","email":"chrisjshull@gmail.com"},{"name":"Gian Marco Gherardi","email":"gianmarco.gherardi@gmail.com"},{"name":"Stan","email":"stasson@orc.ru"},{"name":"Vittorio Gambaletta","email":"VittGam@vittgam.net"},{"name":"Daniel Stockman","email":"daniel.stockman@gmail.com"}],"license":"MIT","dependencies":{"config-chain":"~1.1.3","nopt":"2.x"},"_id":"js-beautify@0.3.2","dist":{"shasum":"8573a30ba9c25daf33df37ac24726705d09506d4","tarball":"https://registry.npmjs.org/js-beautify/-/js-beautify-0.3.2.tgz"},"_npmVersion":"1.1.69","_npmUser":{"name":"evocateur","email":"daniel.stockman@gmail.com"},"maintainers":[{"name":"evocateur","email":"daniel.stockman@gmail.com"}],"deprecated":"major indenting and html bug fixes in 1.4.0."},"0.3.3":{"name":"js-beautify","version":"0.3.3","description":"jsbeautifier.org for node","main":"beautify.js","preferGlobal":true,"bin":{"js-beautify":"./cli.js"},"directories":{"test":"tests"},"scripts":{"test":"node ./tests/beautify-tests.js"},"repository":{"type":"git","url":"git://github.com/evocateur/js-beautify.git#node-package"},"keywords":["beautify","beautifier","code-quality"],"author":{"name":"Einar Lielmanis","email":"einar@jsbeautifier.org"},"contributors":[{"name":"Vital Batmanov","email":"vital76@gmail.com"},{"name":"Chris J. Shull","email":"chrisjshull@gmail.com"},{"name":"Gian Marco Gherardi","email":"gianmarco.gherardi@gmail.com"},{"name":"Stan","email":"stasson@orc.ru"},{"name":"Vittorio Gambaletta","email":"VittGam@vittgam.net"},{"name":"Daniel Stockman","email":"daniel.stockman@gmail.com"}],"license":"MIT","dependencies":{"config-chain":"~1.1.3","nopt":"2.x"},"_id":"js-beautify@0.3.3","dist":{"shasum":"8cf5a2e6b6fa55908f96739345c33ec4fc570071","tarball":"https://registry.npmjs.org/js-beautify/-/js-beautify-0.3.3.tgz"},"_from":".","_npmVersion":"1.2.11","_npmUser":{"name":"evocateur","email":"daniel.stockman@gmail.com"},"maintainers":[{"name":"evocateur","email":"daniel.stockman@gmail.com"}],"deprecated":"major indenting and html bug fixes in 1.4.0."},"0.3.4":{"name":"js-beautify","version":"0.3.4","description":"jsbeautifier.org for node","main":"beautify.js","preferGlobal":true,"bin":{"js-beautify":"./cli.js"},"directories":{"test":"tests"},"scripts":{"test":"node ./tests/beautify-tests.js"},"repository":{"type":"git","url":"git://github.com/evocateur/js-beautify.git#node-package"},"keywords":["beautify","beautifier","code-quality"],"author":{"name":"Einar Lielmanis","email":"einar@jsbeautifier.org"},"contributors":[{"name":"Vital Batmanov","email":"vital76@gmail.com"},{"name":"Chris J. Shull","email":"chrisjshull@gmail.com"},{"name":"Gian Marco Gherardi","email":"gianmarco.gherardi@gmail.com"},{"name":"Stan","email":"stasson@orc.ru"},{"name":"Vittorio Gambaletta","email":"VittGam@vittgam.net"},{"name":"Daniel Stockman","email":"daniel.stockman@gmail.com"}],"license":"MIT","dependencies":{"config-chain":"~1.1.5","nopt":"~2.1.1"},"_id":"js-beautify@0.3.4","dist":{"shasum":"6efc947dc0ea4e6bac059f344b6a89188811ea94","tarball":"https://registry.npmjs.org/js-beautify/-/js-beautify-0.3.4.tgz"},"_from":".","_npmVersion":"1.2.11","_npmUser":{"name":"evocateur","email":"daniel.stockman@gmail.com"},"maintainers":[{"name":"evocateur","email":"daniel.stockman@gmail.com"}],"deprecated":"major indenting and html bug fixes in 1.4.0."},"0.3.5":{"name":"js-beautify","version":"0.3.5","description":"jsbeautifier.org for node","main":"beautify.js","preferGlobal":true,"bin":{"js-beautify":"./cli.js"},"directories":{"test":"tests"},"scripts":{"test":"node ./tests/beautify-tests.js"},"repository":{"type":"git","url":"git://github.com/evocateur/js-beautify.git#node-package"},"keywords":["beautify","beautifier","code-quality"],"author":{"name":"Einar Lielmanis","email":"einar@jsbeautifier.org"},"contributors":[{"name":"Vital Batmanov","email":"vital76@gmail.com"},{"name":"Chris J. Shull","email":"chrisjshull@gmail.com"},{"name":"Gian Marco Gherardi","email":"gianmarco.gherardi@gmail.com"},{"name":"Stan","email":"stasson@orc.ru"},{"name":"Vittorio Gambaletta","email":"VittGam@vittgam.net"},{"name":"Daniel Stockman","email":"daniel.stockman@gmail.com"}],"license":"MIT","dependencies":{"config-chain":"~1.1.5","nopt":"~2.1.1"},"_id":"js-beautify@0.3.5","dist":{"shasum":"d7fcc253989d672225fd8f98e3120bdc97b7019d","tarball":"https://registry.npmjs.org/js-beautify/-/js-beautify-0.3.5.tgz"},"_from":".","_npmVersion":"1.2.11","_npmUser":{"name":"evocateur","email":"daniel.stockman@gmail.com"},"maintainers":[{"name":"evocateur","email":"daniel.stockman@gmail.com"}],"deprecated":"major indenting and html bug fixes in 1.4.0."},"0.3.6":{"name":"js-beautify","version":"0.3.6","description":"jsbeautifier.org for node","main":"beautify.js","preferGlobal":true,"bin":{"css-beautify":"./cli.js","html-beautify":"./cli.js","js-beautify":"./cli.js"},"directories":{"test":"tests"},"scripts":{"test":"node ./tests/beautify-tests.js"},"repository":{"type":"git","url":"git://github.com/evocateur/js-beautify.git#node-package"},"keywords":["beautify","beautifier","code-quality"],"author":{"name":"Einar Lielmanis","email":"einar@jsbeautifier.org"},"contributors":[{"name":"Vital Batmanov","email":"vital76@gmail.com"},{"name":"Chris J. Shull","email":"chrisjshull@gmail.com"},{"name":"Gian Marco Gherardi","email":"gianmarco.gherardi@gmail.com"},{"name":"Stan","email":"stasson@orc.ru"},{"name":"Vittorio Gambaletta","email":"VittGam@vittgam.net"},{"name":"Daniel Stockman","email":"daniel.stockman@gmail.com"}],"license":"MIT","dependencies":{"config-chain":"~1.1.5","nopt":"~2.1.1"},"_id":"js-beautify@0.3.6","dist":{"shasum":"ab846007eb680c3d452441c2ec57bb4e15c99da5","tarball":"https://registry.npmjs.org/js-beautify/-/js-beautify-0.3.6.tgz"},"_from":".","_npmVersion":"1.2.11","_npmUser":{"name":"evocateur","email":"daniel.stockman@gmail.com"},"maintainers":[{"name":"evocateur","email":"daniel.stockman@gmail.com"}],"deprecated":"major indenting and html bug fixes in 1.4.0."},"0.3.7":{"name":"js-beautify","version":"0.3.7","description":"jsbeautifier.org for node","main":"beautify.js","preferGlobal":true,"bin":{"css-beautify":"./cli.js","html-beautify":"./cli.js","js-beautify":"./cli.js"},"directories":{"test":"tests"},"scripts":{"test":"node ./tests/beautify-tests.js"},"repository":{"type":"git","url":"git://github.com/evocateur/js-beautify.git#node-package"},"keywords":["beautify","beautifier","code-quality"],"author":{"name":"Einar Lielmanis","email":"einar@jsbeautifier.org"},"contributors":[{"name":"Vital Batmanov","email":"vital76@gmail.com"},{"name":"Chris J. Shull","email":"chrisjshull@gmail.com"},{"name":"Gian Marco Gherardi","email":"gianmarco.gherardi@gmail.com"},{"name":"Stan","email":"stasson@orc.ru"},{"name":"Vittorio Gambaletta","email":"VittGam@vittgam.net"},{"name":"Daniel Stockman","email":"daniel.stockman@gmail.com"}],"license":"MIT","dependencies":{"config-chain":"~1.1.5","nopt":"~2.1.1"},"_id":"js-beautify@0.3.7","dist":{"shasum":"a9b8e8f5136d96e1a1f56a299a8e21de13338cbe","tarball":"https://registry.npmjs.org/js-beautify/-/js-beautify-0.3.7.tgz"},"_from":".","_npmVersion":"1.2.11","_npmUser":{"name":"evocateur","email":"daniel.stockman@gmail.com"},"maintainers":[{"name":"evocateur","email":"daniel.stockman@gmail.com"}],"deprecated":"major indenting and html bug fixes in 1.4.0."},"0.3.8":{"name":"js-beautify","version":"0.3.8","description":"jsbeautifier.org for node","main":"beautify.js","preferGlobal":true,"bin":{"css-beautify":"./cli.js","html-beautify":"./cli.js","js-beautify":"./cli.js"},"directories":{"test":"tests"},"scripts":{"test":"node ./tests/beautify-tests.js"},"repository":{"type":"git","url":"git://github.com/evocateur/js-beautify.git#node-package"},"keywords":["beautify","beautifier","code-quality"],"author":{"name":"Einar Lielmanis","email":"einar@jsbeautifier.org"},"contributors":[{"name":"Vital Batmanov","email":"vital76@gmail.com"},{"name":"Chris J. Shull","email":"chrisjshull@gmail.com"},{"name":"Gian Marco Gherardi","email":"gianmarco.gherardi@gmail.com"},{"name":"Stan","email":"stasson@orc.ru"},{"name":"Vittorio Gambaletta","email":"VittGam@vittgam.net"},{"name":"Daniel Stockman","email":"daniel.stockman@gmail.com"}],"license":"MIT","dependencies":{"config-chain":"~1.1.5","nopt":"~2.1.1"},"_id":"js-beautify@0.3.8","dist":{"shasum":"81669a7b831c7976b88891b343ec1390b6fa7e5a","tarball":"https://registry.npmjs.org/js-beautify/-/js-beautify-0.3.8.tgz"},"_from":".","_npmVersion":"1.2.11","_npmUser":{"name":"evocateur","email":"daniel.stockman@gmail.com"},"maintainers":[{"name":"evocateur","email":"daniel.stockman@gmail.com"}],"deprecated":"major indenting and html bug fixes in 1.4.0."},"0.3.9":{"name":"js-beautify","version":"0.3.9","description":"jsbeautifier.org for node","main":"beautify.js","preferGlobal":true,"bin":{"css-beautify":"./cli.js","html-beautify":"./cli.js","js-beautify":"./cli.js"},"directories":{"test":"tests"},"scripts":{"test":"node ./tests/beautify-tests.js"},"repository":{"type":"git","url":"git://github.com/evocateur/js-beautify.git#node-package"},"keywords":["beautify","beautifier","code-quality"],"author":{"name":"Einar Lielmanis","email":"einar@jsbeautifier.org"},"contributors":[{"name":"Vital Batmanov","email":"vital76@gmail.com"},{"name":"Chris J. Shull","email":"chrisjshull@gmail.com"},{"name":"Gian Marco Gherardi","email":"gianmarco.gherardi@gmail.com"},{"name":"Stan","email":"stasson@orc.ru"},{"name":"Vittorio Gambaletta","email":"VittGam@vittgam.net"},{"name":"Daniel Stockman","email":"daniel.stockman@gmail.com"}],"license":"MIT","dependencies":{"config-chain":"~1.1.5","nopt":"~2.1.1"},"_id":"js-beautify@0.3.9","dist":{"shasum":"8ecc0d5a3124c014c3a1a40e792092e9dbc556ba","tarball":"https://registry.npmjs.org/js-beautify/-/js-beautify-0.3.9.tgz"},"_from":".","_npmVersion":"1.2.11","_npmUser":{"name":"evocateur","email":"daniel.stockman@gmail.com"},"maintainers":[{"name":"evocateur","email":"daniel.stockman@gmail.com"}],"deprecated":"major indenting and html bug fixes in 1.4.0."},"0.4.0":{"name":"js-beautify","version":"0.4.0","description":"jsbeautifier.org for node","main":"beautify.js","preferGlobal":true,"bin":{"css-beautify":"./cli.js","html-beautify":"./cli.js","js-beautify":"./cli.js"},"directories":{"test":"tests"},"scripts":{"test":"node ./tests/beautify-tests.js"},"repository":{"type":"git","url":"git://github.com/evocateur/js-beautify.git#node-package"},"keywords":["beautify","beautifier","code-quality"],"author":{"name":"Einar Lielmanis","email":"einar@jsbeautifier.org"},"contributors":[{"name":"Vital Batmanov","email":"vital76@gmail.com"},{"name":"Chris J. Shull","email":"chrisjshull@gmail.com"},{"name":"Gian Marco Gherardi","email":"gianmarco.gherardi@gmail.com"},{"name":"Stan","email":"stasson@orc.ru"},{"name":"Vittorio Gambaletta","email":"VittGam@vittgam.net"},{"name":"Daniel Stockman","email":"daniel.stockman@gmail.com"}],"license":"MIT","dependencies":{"config-chain":"~1.1.5","nopt":"~2.1.1"},"_id":"js-beautify@0.4.0","dist":{"shasum":"6e15f019354f6b0e029c8156f7b76a422d3811f8","tarball":"https://registry.npmjs.org/js-beautify/-/js-beautify-0.4.0.tgz"},"_from":".","_npmVersion":"1.2.11","_npmUser":{"name":"evocateur","email":"daniel.stockman@gmail.com"},"maintainers":[{"name":"evocateur","email":"daniel.stockman@gmail.com"}],"deprecated":"major indenting and html bug fixes in 1.4.0."},"0.4.1":{"name":"js-beautify","version":"0.4.1","description":"jsbeautifier.org for node","main":"beautify.js","preferGlobal":true,"bin":{"css-beautify":"./cli.js","html-beautify":"./cli.js","js-beautify":"./cli.js"},"directories":{"test":"tests"},"scripts":{"test":"node ./tests/beautify-tests.js"},"repository":{"type":"git","url":"git://github.com/evocateur/js-beautify.git#node-package"},"keywords":["beautify","beautifier","code-quality"],"author":{"name":"Einar Lielmanis","email":"einar@jsbeautifier.org"},"contributors":[{"name":"Vital Batmanov","email":"vital76@gmail.com"},{"name":"Chris J. Shull","email":"chrisjshull@gmail.com"},{"name":"Gian Marco Gherardi","email":"gianmarco.gherardi@gmail.com"},{"name":"Stan","email":"stasson@orc.ru"},{"name":"Vittorio Gambaletta","email":"VittGam@vittgam.net"},{"name":"Daniel Stockman","email":"daniel.stockman@gmail.com"}],"license":"MIT","dependencies":{"config-chain":"~1.1.5","nopt":"~2.1.1"},"_id":"js-beautify@0.4.1","dist":{"shasum":"8de77bdc34cb999d56a597603780fb173313261d","tarball":"https://registry.npmjs.org/js-beautify/-/js-beautify-0.4.1.tgz"},"_from":".","_npmVersion":"1.2.11","_npmUser":{"name":"evocateur","email":"daniel.stockman@gmail.com"},"maintainers":[{"name":"evocateur","email":"daniel.stockman@gmail.com"}],"deprecated":"major indenting and html bug fixes in 1.4.0."},"0.4.2":{"name":"js-beautify","version":"0.4.2","description":"jsbeautifier.org for node","main":"index.js","preferGlobal":true,"bin":{"css-beautify":"./cli.js","html-beautify":"./cli.js","js-beautify":"./cli.js"},"directories":{"test":"tests"},"scripts":{"test":"node ./tests/beautify-tests.js"},"bugs":"https://github.com/einars/js-beautify/issues","homepage":"http://jsbeautifier.org/","repository":{"type":"git","url":"git://github.com/einars/js-beautify.git"},"keywords":["beautify","beautifier","code-quality"],"author":{"name":"Einar Lielmanis","email":"einar@jsbeautifier.org"},"contributors":[{"name":"Vital Batmanov","email":"vital76@gmail.com"},{"name":"Chris J. Shull","email":"chrisjshull@gmail.com"},{"name":"Gian Marco Gherardi","email":"gianmarco.gherardi@gmail.com"},{"name":"Stan","email":"stasson@orc.ru"},{"name":"Vittorio Gambaletta","email":"VittGam@vittgam.net"},{"name":"Daniel Stockman","email":"daniel.stockman@gmail.com"},{"name":"Liam Newman","email":"bitwiseman@gmail.com"}],"license":"MIT","dependencies":{"config-chain":"~1.1.5","nopt":"~2.1.1"},"_id":"js-beautify@0.4.2","dist":{"shasum":"cb2e7cedfe44d6e257832abb2a433c516e147183","tarball":"https://registry.npmjs.org/js-beautify/-/js-beautify-0.4.2.tgz"},"_from":".","_npmVersion":"1.2.11","_npmUser":{"name":"evocateur","email":"daniel.stockman@gmail.com"},"maintainers":[{"name":"evocateur","email":"daniel.stockman@gmail.com"},{"name":"bitwiseman","email":"bitwiseman@gmail.com"}],"deprecated":"major indenting and html bug fixes in 1.4.0."},"1.2.0":{"name":"js-beautify","version":"1.2.0","description":"jsbeautifier.org for node","main":"index.js","preferGlobal":true,"bin":{"css-beautify":"./bin/css-beautify.js","html-beautify":"./bin/html-beautify.js","js-beautify":"./bin/js-beautify.js"},"directories":{"test":"tests"},"scripts":{"test":"node ./tests/node-beautify-tests.js"},"bugs":"https://github.com/einars/js-beautify/issues","homepage":"http://jsbeautifier.org/","repository":{"type":"git","url":"git://github.com/einars/js-beautify.git"},"keywords":["beautify","beautifier","code-quality"],"author":{"name":"Einar Lielmanis","email":"einar@jsbeautifier.org"},"contributors":[{"name":"Vital Batmanov","email":"vital76@gmail.com"},{"name":"Chris J. Shull","email":"chrisjshull@gmail.com"},{"name":"Gian Marco Gherardi","email":"gianmarco.gherardi@gmail.com"},{"name":"Stan","email":"stasson@orc.ru"},{"name":"Vittorio Gambaletta","email":"VittGam@vittgam.net"},{"name":"Daniel Stockman","email":"daniel.stockman@gmail.com"},{"name":"Harutyun Amirjanyan","email":"amirjanyan@gmail.com"},{"name":"Nochum Sossonko","email":"nsossonko@hotmail.com"},{"name":"Liam Newman","email":"bitwiseman@gmail.com"}],"license":"MIT","dependencies":{"config-chain":"~1.1.5","nopt":"~2.1.1"},"devDependencies":{"jshint":"1.1.0"},"_id":"js-beautify@1.2.0","dist":{"shasum":"cc241c9077d7307d4477283cf7ddbd7df42fa17c","tarball":"https://registry.npmjs.org/js-beautify/-/js-beautify-1.2.0.tgz"},"_from":".","_npmVersion":"1.2.14","_npmUser":{"name":"bitwiseman","email":"bitwiseman@gmail.com"},"maintainers":[{"name":"evocateur","email":"daniel.stockman@gmail.com"},{"name":"bitwiseman","email":"bitwiseman@gmail.com"}],"deprecated":"major indenting and html bug fixes in 1.4.0."},"1.3.0":{"name":"js-beautify","version":"1.3.0","description":"jsbeautifier.org for node","main":"js/index.js","preferGlobal":true,"bin":{"css-beautify":"./js/bin/css-beautify.js","html-beautify":"./js/bin/html-beautify.js","js-beautify":"./js/bin/js-beautify.js"},"directories":{"lib":"js/lib","test":"js/test"},"scripts":{"test":"./js/test/shell-smoke-test.sh && node ./js/test/node-beautify-tests.js","update-codemirror":"npm install codemirror && rm -rf ./web/third-party/codemirror && cp -r ./node_modules/codemirror ./web/third-party && git add -Av ./web/third-party/codemirror"},"bugs":"https://github.com/einars/js-beautify/issues","homepage":"http://jsbeautifier.org/","repository":{"type":"git","url":"git://github.com/einars/js-beautify.git"},"keywords":["beautify","beautifier","code-quality"],"author":{"name":"Einar Lielmanis","email":"einar@jsbeautifier.org"},"contributors":[{"name":"Vital Batmanov","email":"vital76@gmail.com"},{"name":"Chris J. Shull","email":"chrisjshull@gmail.com"},{"name":"Gian Marco Gherardi","email":"gianmarco.gherardi@gmail.com"},{"name":"Stan","email":"stasson@orc.ru"},{"name":"Vittorio Gambaletta","email":"VittGam@vittgam.net"},{"name":"Daniel Stockman","email":"daniel.stockman@gmail.com"},{"name":"Harutyun Amirjanyan","email":"amirjanyan@gmail.com"},{"name":"Nochum Sossonko","email":"nsossonko@hotmail.com"},{"name":"Liam Newman","email":"bitwiseman@gmail.com"}],"license":"MIT","dependencies":{"config-chain":"~1.1.5","nopt":"~2.1.1"},"devDependencies":{"jshint":"1.1.0"},"_id":"js-beautify@1.3.0","dist":{"shasum":"7306dc8b3413579a5d11e7f4b2e3d5cccd3c18dc","tarball":"https://registry.npmjs.org/js-beautify/-/js-beautify-1.3.0.tgz"},"_from":".","_npmVersion":"1.2.18","_npmUser":{"name":"bitwiseman","email":"bitwiseman@gmail.com"},"maintainers":[{"name":"evocateur","email":"daniel.stockman@gmail.com"},{"name":"bitwiseman","email":"bitwiseman@gmail.com"}],"deprecated":"major indenting and html bug fixes in 1.4.0."},"1.3.1":{"name":"js-beautify","version":"1.3.1","description":"jsbeautifier.org for node","main":"js/index.js","preferGlobal":true,"bin":{"css-beautify":"./js/bin/css-beautify.js","html-beautify":"./js/bin/html-beautify.js","js-beautify":"./js/bin/js-beautify.js"},"directories":{"lib":"js/lib","test":"js/test"},"scripts":{"test":"./js/test/shell-smoke-test.sh && node ./js/test/node-beautify-tests.js","update-codemirror":"npm install codemirror && rm -rf ./web/third-party/codemirror && cp -r ./node_modules/codemirror ./web/third-party && git add -Av ./web/third-party/codemirror"},"bugs":"https://github.com/einars/js-beautify/issues","homepage":"http://jsbeautifier.org/","repository":{"type":"git","url":"git://github.com/einars/js-beautify.git"},"keywords":["beautify","beautifier","code-quality"],"author":{"name":"Einar Lielmanis","email":"einar@jsbeautifier.org"},"contributors":[{"name":"Vital Batmanov","email":"vital76@gmail.com"},{"name":"Chris J. Shull","email":"chrisjshull@gmail.com"},{"name":"Gian Marco Gherardi","email":"gianmarco.gherardi@gmail.com"},{"name":"Stan","email":"stasson@orc.ru"},{"name":"Vittorio Gambaletta","email":"VittGam@vittgam.net"},{"name":"Daniel Stockman","email":"daniel.stockman@gmail.com"},{"name":"Harutyun Amirjanyan","email":"amirjanyan@gmail.com"},{"name":"Nochum Sossonko","email":"nsossonko@hotmail.com"},{"name":"Liam Newman","email":"bitwiseman@gmail.com"}],"license":"MIT","dependencies":{"config-chain":"~1.1.5","nopt":"~2.1.1"},"devDependencies":{"jshint":"1.1.0"},"_id":"js-beautify@1.3.1","dist":{"shasum":"384fae58699a60fc7c8a371f351490cd15e8830c","tarball":"https://registry.npmjs.org/js-beautify/-/js-beautify-1.3.1.tgz"},"_from":".","_npmVersion":"1.2.18","_npmUser":{"name":"bitwiseman","email":"bitwiseman@gmail.com"},"maintainers":[{"name":"evocateur","email":"daniel.stockman@gmail.com"},{"name":"bitwiseman","email":"bitwiseman@gmail.com"}],"deprecated":"major indenting and html bug fixes in 1.4.0."},"1.3.2":{"name":"js-beautify","version":"1.3.2","description":"jsbeautifier.org for node","main":"js/index.js","preferGlobal":true,"bin":{"css-beautify":"./js/bin/css-beautify.js","html-beautify":"./js/bin/html-beautify.js","js-beautify":"./js/bin/js-beautify.js"},"directories":{"lib":"js/lib","test":"js/test"},"scripts":{"test":"./js/test/shell-smoke-test.sh && node ./js/test/node-beautify-tests.js","update-codemirror":"npm install codemirror && rm -rf ./web/third-party/codemirror/* && cp ./node_modules/codemirror/LICENSE ./web/third-party/codemirror/ && cp ./node_modules/codemirror/README.md ./web/third-party/codemirror/ && cp -r ./node_modules/codemirror/lib ./web/third-party/codemirror/ && mkdir -p ./web/third-party/codemirror/mode && cp -r ./node_modules/codemirror/mode/javascript ./web/third-party/codemirror/mode/ && git add -Av ./web/third-party/codemirror"},"bugs":{"url":"https://github.com/einars/js-beautify/issues"},"homepage":"http://jsbeautifier.org/","repository":{"type":"git","url":"git://github.com/einars/js-beautify.git"},"keywords":["beautify","beautifier","code-quality"],"author":{"name":"Einar Lielmanis","email":"einar@jsbeautifier.org"},"contributors":[{"name":"Vital Batmanov","email":"vital76@gmail.com"},{"name":"Chris J. Shull","email":"chrisjshull@gmail.com"},{"name":"Gian Marco Gherardi","email":"gianmarco.gherardi@gmail.com"},{"name":"Stan","email":"stasson@orc.ru"},{"name":"Vittorio Gambaletta","email":"VittGam@vittgam.net"},{"name":"Daniel Stockman","email":"daniel.stockman@gmail.com"},{"name":"Harutyun Amirjanyan","email":"amirjanyan@gmail.com"},{"name":"Nochum Sossonko","email":"nsossonko@hotmail.com"},{"name":"Liam Newman","email":"bitwiseman@gmail.com"}],"license":"MIT","dependencies":{"config-chain":"~1.1.5","nopt":"~2.1.1"},"devDependencies":{"jshint":"1.1.0"},"_id":"js-beautify@1.3.2","dist":{"shasum":"4f2ec149213fabaa03a659b2217334629b9297e3","tarball":"https://registry.npmjs.org/js-beautify/-/js-beautify-1.3.2.tgz"},"_from":".","_npmVersion":"1.2.19","_npmUser":{"name":"bitwiseman","email":"bitwiseman@gmail.com"},"maintainers":[{"name":"evocateur","email":"daniel.stockman@gmail.com"},{"name":"bitwiseman","email":"bitwiseman@gmail.com"}],"deprecated":"major indenting and html bug fixes in 1.4.0."},"1.3.3":{"name":"js-beautify","version":"1.3.3","description":"jsbeautifier.org for node","main":"js/index.js","preferGlobal":true,"bin":{"css-beautify":"./js/bin/css-beautify.js","html-beautify":"./js/bin/html-beautify.js","js-beautify":"./js/bin/js-beautify.js"},"directories":{"lib":"js/lib","test":"js/test"},"scripts":{"test":"./js/test/shell-smoke-test.sh && node ./js/test/node-beautify-tests.js","update-codemirror":"npm install codemirror && rm -rf ./web/third-party/codemirror/* && cp ./node_modules/codemirror/LICENSE ./web/third-party/codemirror/ && cp ./node_modules/codemirror/README.md ./web/third-party/codemirror/ && cp -r ./node_modules/codemirror/lib ./web/third-party/codemirror/ && mkdir -p ./web/third-party/codemirror/mode && cp -r ./node_modules/codemirror/mode/javascript ./web/third-party/codemirror/mode/ && git add -Av ./web/third-party/codemirror"},"bugs":{"url":"https://github.com/einars/js-beautify/issues"},"homepage":"http://jsbeautifier.org/","repository":{"type":"git","url":"git://github.com/einars/js-beautify.git"},"keywords":["beautify","beautifier","code-quality"],"author":{"name":"Einar Lielmanis","email":"einar@jsbeautifier.org"},"contributors":[{"name":"Vital Batmanov","email":"vital76@gmail.com"},{"name":"Chris J. Shull","email":"chrisjshull@gmail.com"},{"name":"Gian Marco Gherardi","email":"gianmarco.gherardi@gmail.com"},{"name":"Stan","email":"stasson@orc.ru"},{"name":"Vittorio Gambaletta","email":"VittGam@vittgam.net"},{"name":"Daniel Stockman","email":"daniel.stockman@gmail.com"},{"name":"Harutyun Amirjanyan","email":"amirjanyan@gmail.com"},{"name":"Nochum Sossonko","email":"nsossonko@hotmail.com"},{"name":"Liam Newman","email":"bitwiseman@gmail.com"}],"license":"MIT","dependencies":{"config-chain":"~1.1.5","nopt":"~2.1.1"},"devDependencies":{"jshint":"1.1.0"},"_id":"js-beautify@1.3.3","dist":{"shasum":"2eabc05a1015dde00b5a8919dea11cf9d1a1427a","tarball":"https://registry.npmjs.org/js-beautify/-/js-beautify-1.3.3.tgz"},"_from":".","_npmVersion":"1.2.19","_npmUser":{"name":"bitwiseman","email":"bitwiseman@gmail.com"},"maintainers":[{"name":"evocateur","email":"daniel.stockman@gmail.com"},{"name":"bitwiseman","email":"bitwiseman@gmail.com"}],"deprecated":"major indenting and html bug fixes in 1.4.0."},"1.3.4":{"name":"js-beautify","version":"1.3.4","description":"jsbeautifier.org for node","main":"js/index.js","preferGlobal":true,"bin":{"css-beautify":"./js/bin/css-beautify.js","html-beautify":"./js/bin/html-beautify.js","js-beautify":"./js/bin/js-beautify.js"},"directories":{"lib":"js/lib","test":"js/test"},"scripts":{"test":"./js/test/shell-smoke-test.sh && node ./js/test/node-beautify-tests.js","update-codemirror":"npm install codemirror && rm -rf ./web/third-party/codemirror/* && cp ./node_modules/codemirror/LICENSE ./web/third-party/codemirror/ && cp ./node_modules/codemirror/README.md ./web/third-party/codemirror/ && cp -r ./node_modules/codemirror/lib ./web/third-party/codemirror/ && mkdir -p ./web/third-party/codemirror/mode && cp -r ./node_modules/codemirror/mode/javascript ./web/third-party/codemirror/mode/ && git add -Av ./web/third-party/codemirror"},"bugs":{"url":"https://github.com/einars/js-beautify/issues"},"homepage":"http://jsbeautifier.org/","repository":{"type":"git","url":"git://github.com/einars/js-beautify.git"},"keywords":["beautify","beautifier","code-quality"],"author":{"name":"Einar Lielmanis","email":"einar@jsbeautifier.org"},"contributors":[{"name":"Vital Batmanov","email":"vital76@gmail.com"},{"name":"Chris J. Shull","email":"chrisjshull@gmail.com"},{"name":"Gian Marco Gherardi","email":"gianmarco.gherardi@gmail.com"},{"name":"Stan","email":"stasson@orc.ru"},{"name":"Vittorio Gambaletta","email":"VittGam@vittgam.net"},{"name":"Daniel Stockman","email":"daniel.stockman@gmail.com"},{"name":"Harutyun Amirjanyan","email":"amirjanyan@gmail.com"},{"name":"Nochum Sossonko","email":"nsossonko@hotmail.com"},{"name":"Liam Newman","email":"bitwiseman@gmail.com"}],"license":"MIT","dependencies":{"config-chain":"~1.1.5","mkdirp":"0.3.5","nopt":"~2.1.1"},"devDependencies":{"jshint":"1.1.0"},"_id":"js-beautify@1.3.4","dist":{"shasum":"ed6c4eeed3418944d3a2c40e76a32dbd48755283","tarball":"https://registry.npmjs.org/js-beautify/-/js-beautify-1.3.4.tgz"},"_from":".","_npmVersion":"1.2.19","_npmUser":{"name":"bitwiseman","email":"bitwiseman@gmail.com"},"maintainers":[{"name":"evocateur","email":"daniel.stockman@gmail.com"},{"name":"bitwiseman","email":"bitwiseman@gmail.com"}],"deprecated":"major indenting and html bug fixes in 1.4.0."},"1.4.0":{"name":"js-beautify","version":"1.4.0","description":"jsbeautifier.org for node","main":"js/index.js","preferGlobal":true,"bin":{"css-beautify":"./js/bin/css-beautify.js","html-beautify":"./js/bin/html-beautify.js","js-beautify":"./js/bin/js-beautify.js"},"directories":{"lib":"js/lib","test":"js/test"},"scripts":{"test":"./js/test/shell-smoke-test.sh && node ./js/test/node-beautify-tests.js","update-codemirror":"npm install codemirror && rm -rf ./web/third-party/codemirror/* && cp ./node_modules/codemirror/LICENSE ./web/third-party/codemirror/ && cp ./node_modules/codemirror/README.md ./web/third-party/codemirror/ && cp -r ./node_modules/codemirror/lib ./web/third-party/codemirror/ && mkdir -p ./web/third-party/codemirror/mode && cp -r ./node_modules/codemirror/mode/javascript ./web/third-party/codemirror/mode/ && git add -Av ./web/third-party/codemirror"},"bugs":{"url":"https://github.com/einars/js-beautify/issues"},"homepage":"http://jsbeautifier.org/","repository":{"type":"git","url":"git://github.com/einars/js-beautify.git"},"keywords":["beautify","beautifier","code-quality"],"author":{"name":"Einar Lielmanis","email":"einar@jsbeautifier.org"},"contributors":[{"name":"Vital Batmanov","email":"vital76@gmail.com"},{"name":"Chris J. Shull","email":"chrisjshull@gmail.com"},{"name":"Gian Marco Gherardi","email":"gianmarco.gherardi@gmail.com"},{"name":"Stan","email":"stasson@orc.ru"},{"name":"Vittorio Gambaletta","email":"VittGam@vittgam.net"},{"name":"Daniel Stockman","email":"daniel.stockman@gmail.com"},{"name":"Harutyun Amirjanyan","email":"amirjanyan@gmail.com"},{"name":"Nochum Sossonko","email":"nsossonko@hotmail.com"},{"name":"Liam Newman","email":"bitwiseman@gmail.com"}],"license":"MIT","dependencies":{"config-chain":"~1.1.5","mkdirp":"0.3.5","nopt":"~2.1.1"},"devDependencies":{"jshint":"1.1.0"},"_id":"js-beautify@1.4.0","dist":{"shasum":"5f709ceaa4689d3dc93546156e093de902f4b82e","tarball":"https://registry.npmjs.org/js-beautify/-/js-beautify-1.4.0.tgz"},"_from":".","_npmVersion":"1.2.19","_npmUser":{"name":"bitwiseman","email":"bitwiseman@gmail.com"},"maintainers":[{"name":"evocateur","email":"daniel.stockman@gmail.com"},{"name":"bitwiseman","email":"bitwiseman@gmail.com"}]},"1.4.1":{"name":"js-beautify","version":"1.4.1","description":"jsbeautifier.org for node","main":"js/index.js","preferGlobal":true,"bin":{"css-beautify":"./js/bin/css-beautify.js","html-beautify":"./js/bin/html-beautify.js","js-beautify":"./js/bin/js-beautify.js"},"directories":{"lib":"js/lib","test":"js/test"},"scripts":{"test":"./js/test/shell-smoke-test.sh && node ./js/test/node-beautify-tests.js","update-codemirror":"npm install codemirror && rm -rf ./web/third-party/codemirror/* && cp ./node_modules/codemirror/LICENSE ./web/third-party/codemirror/ && cp ./node_modules/codemirror/README.md ./web/third-party/codemirror/ && cp -r ./node_modules/codemirror/lib ./web/third-party/codemirror/ && mkdir -p ./web/third-party/codemirror/mode && cp -r ./node_modules/codemirror/mode/javascript ./web/third-party/codemirror/mode/ && git add -Av ./web/third-party/codemirror"},"bugs":{"url":"https://github.com/einars/js-beautify/issues"},"homepage":"http://jsbeautifier.org/","repository":{"type":"git","url":"git://github.com/einars/js-beautify.git"},"keywords":["beautify","beautifier","code-quality"],"author":{"name":"Einar Lielmanis","email":"einar@jsbeautifier.org"},"contributors":[{"name":"Vital Batmanov","email":"vital76@gmail.com"},{"name":"Chris J. Shull","email":"chrisjshull@gmail.com"},{"name":"Gian Marco Gherardi","email":"gianmarco.gherardi@gmail.com"},{"name":"Stan","email":"stasson@orc.ru"},{"name":"Vittorio Gambaletta","email":"VittGam@vittgam.net"},{"name":"Daniel Stockman","email":"daniel.stockman@gmail.com"},{"name":"Harutyun Amirjanyan","email":"amirjanyan@gmail.com"},{"name":"Nochum Sossonko","email":"nsossonko@hotmail.com"},{"name":"Liam Newman","email":"bitwiseman@gmail.com"}],"license":"MIT","dependencies":{"config-chain":"~1.1.5","mkdirp":"0.3.5","nopt":"~2.1.1"},"devDependencies":{"jshint":"1.1.0","node-static":"~0.7.1"},"_id":"js-beautify@1.4.1","dist":{"shasum":"f7b795ff762614b48485d56183d716ad4a39ec16","tarball":"https://registry.npmjs.org/js-beautify/-/js-beautify-1.4.1.tgz"},"_from":".","_npmVersion":"1.3.11","_npmUser":{"name":"bitwiseman","email":"bitwiseman@gmail.com"},"maintainers":[{"name":"evocateur","email":"daniel.stockman@gmail.com"},{"name":"bitwiseman","email":"bitwiseman@gmail.com"}]},"1.4.2":{"name":"js-beautify","version":"1.4.2","description":"jsbeautifier.org for node","main":"js/index.js","preferGlobal":true,"bin":{"css-beautify":"./js/bin/css-beautify.js","html-beautify":"./js/bin/html-beautify.js","js-beautify":"./js/bin/js-beautify.js"},"directories":{"lib":"js/lib","test":"js/test"},"scripts":{"test":"./js/test/shell-smoke-test.sh && node ./js/test/node-beautify-tests.js","update-codemirror":"npm install codemirror && rm -rf ./web/third-party/codemirror/* && cp ./node_modules/codemirror/LICENSE ./web/third-party/codemirror/ && cp ./node_modules/codemirror/README.md ./web/third-party/codemirror/ && cp -r ./node_modules/codemirror/lib ./web/third-party/codemirror/ && mkdir -p ./web/third-party/codemirror/mode && cp -r ./node_modules/codemirror/mode/javascript ./web/third-party/codemirror/mode/ && git add -Av ./web/third-party/codemirror"},"bugs":{"url":"https://github.com/einars/js-beautify/issues"},"homepage":"http://jsbeautifier.org/","repository":{"type":"git","url":"git://github.com/einars/js-beautify.git"},"keywords":["beautify","beautifier","code-quality"],"author":{"name":"Einar Lielmanis","email":"einar@jsbeautifier.org"},"contributors":[{"name":"Vital Batmanov","email":"vital76@gmail.com"},{"name":"Chris J. Shull","email":"chrisjshull@gmail.com"},{"name":"Gian Marco Gherardi","email":"gianmarco.gherardi@gmail.com"},{"name":"Stan","email":"stasson@orc.ru"},{"name":"Vittorio Gambaletta","email":"VittGam@vittgam.net"},{"name":"Daniel Stockman","email":"daniel.stockman@gmail.com"},{"name":"Harutyun Amirjanyan","email":"amirjanyan@gmail.com"},{"name":"Nochum Sossonko","email":"nsossonko@hotmail.com"},{"name":"Liam Newman","email":"bitwiseman@gmail.com"}],"license":"MIT","dependencies":{"config-chain":"~1.1.5","mkdirp":"0.3.5","nopt":"~2.1.1"},"devDependencies":{"jshint":"1.1.0","node-static":"~0.7.1"},"_id":"js-beautify@1.4.2","dist":{"shasum":"8882df450a9e8ecf75d227f1cceb5a8ec96896b7","tarball":"https://registry.npmjs.org/js-beautify/-/js-beautify-1.4.2.tgz"},"_from":".","_npmVersion":"1.3.11","_npmUser":{"name":"bitwiseman","email":"bitwiseman@gmail.com"},"maintainers":[{"name":"evocateur","email":"daniel.stockman@gmail.com"},{"name":"bitwiseman","email":"bitwiseman@gmail.com"}]},"1.5.1":{"name":"js-beautify","version":"1.5.1","description":"jsbeautifier.org for node","main":"js/index.js","preferGlobal":true,"bin":{"css-beautify":"./js/bin/css-beautify.js","html-beautify":"./js/bin/html-beautify.js","js-beautify":"./js/bin/js-beautify.js"},"directories":{"lib":"js/lib","test":"js/test"},"scripts":{"test":"./js/test/shell-smoke-test.sh && node ./js/test/node-beautify-tests.js && node ./js/test/amd-beautify-tests.js","update-codemirror":"npm install codemirror && rm -rf ./web/third-party/codemirror/* && cp ./node_modules/codemirror/LICENSE ./web/third-party/codemirror/ && cp ./node_modules/codemirror/README.md ./web/third-party/codemirror/ && cp -r ./node_modules/codemirror/lib ./web/third-party/codemirror/ && mkdir -p ./web/third-party/codemirror/mode && cp -r ./node_modules/codemirror/mode/javascript ./web/third-party/codemirror/mode/ && git add -Av ./web/third-party/codemirror"},"bugs":{"url":"https://github.com/einars/js-beautify/issues"},"homepage":"http://jsbeautifier.org/","repository":{"type":"git","url":"git://github.com/einars/js-beautify.git"},"keywords":["beautify","beautifier","code-quality"],"author":{"name":"Einar Lielmanis","email":"einar@jsbeautifier.org"},"contributors":[{"name":"Vital Batmanov","email":"vital76@gmail.com"},{"name":"Chris J. Shull","email":"chrisjshull@gmail.com"},{"name":"Gian Marco Gherardi","email":"gianmarco.gherardi@gmail.com"},{"name":"Stan","email":"stasson@orc.ru"},{"name":"Vittorio Gambaletta","email":"VittGam@vittgam.net"},{"name":"Daniel Stockman","email":"daniel.stockman@gmail.com"},{"name":"Harutyun Amirjanyan","email":"amirjanyan@gmail.com"},{"name":"Nochum Sossonko","email":"nsossonko@hotmail.com"},{"name":"Liam Newman","email":"bitwiseman@gmail.com"}],"license":"MIT","dependencies":{"config-chain":"~1.1.5","mkdirp":"0.3.5","nopt":"~2.2.0"},"devDependencies":{"jshint":"2.4.4","node-static":"~0.7.1","requirejs":"2.1.x"},"_id":"js-beautify@1.5.1","dist":{"shasum":"d2f2799582739d133107f782f3ee5e55c30b89e2","tarball":"https://registry.npmjs.org/js-beautify/-/js-beautify-1.5.1.tgz"},"_from":".","_npmVersion":"1.4.3","_npmUser":{"name":"bitwiseman","email":"bitwiseman@gmail.com"},"maintainers":[{"name":"evocateur","email":"daniel.stockman@gmail.com"},{"name":"bitwiseman","email":"bitwiseman@gmail.com"}]},"1.5.2":{"name":"js-beautify","version":"1.5.2","description":"jsbeautifier.org for node","main":"js/index.js","preferGlobal":true,"bin":{"css-beautify":"./js/bin/css-beautify.js","html-beautify":"./js/bin/html-beautify.js","js-beautify":"./js/bin/js-beautify.js"},"directories":{"lib":"js/lib","test":"js/test"},"scripts":{"test":"./js/test/shell-smoke-test.sh && node ./js/test/node-beautify-tests.js && node ./js/test/amd-beautify-tests.js","update-codemirror":"npm install codemirror && rm -rf ./web/third-party/codemirror/* && cp ./node_modules/codemirror/LICENSE ./web/third-party/codemirror/ && cp ./node_modules/codemirror/README.md ./web/third-party/codemirror/ && cp -r ./node_modules/codemirror/lib ./web/third-party/codemirror/ && mkdir -p ./web/third-party/codemirror/mode && cp -r ./node_modules/codemirror/mode/javascript ./web/third-party/codemirror/mode/ && git add -Av ./web/third-party/codemirror"},"bugs":{"url":"https://github.com/beautify-web/js-beautify/issues"},"homepage":"http://jsbeautifier.org/","repository":{"type":"git","url":"git://github.com/beautify-web/js-beautify.git"},"keywords":["beautify","beautifier","code-quality"],"author":{"name":"Einar Lielmanis","email":"einar@jsbeautifier.org"},"contributors":[{"name":"Vital Batmanov","email":"vital76@gmail.com"},{"name":"Chris J. Shull","email":"chrisjshull@gmail.com"},{"name":"Gian Marco Gherardi","email":"gianmarco.gherardi@gmail.com"},{"name":"Stan","email":"stasson@orc.ru"},{"name":"Vittorio Gambaletta","email":"VittGam@vittgam.net"},{"name":"Daniel Stockman","email":"daniel.stockman@gmail.com"},{"name":"Harutyun Amirjanyan","email":"amirjanyan@gmail.com"},{"name":"Nochum Sossonko","email":"nsossonko@hotmail.com"},{"name":"Liam Newman","email":"bitwiseman@gmail.com"}],"license":"MIT","dependencies":{"config-chain":"~1.1.5","mkdirp":"0.3.5","nopt":"~2.2.0"},"devDependencies":{"jshint":"2.4.4","node-static":"~0.7.1","requirejs":"2.1.x"},"gitHead":"e22749d6b45b3b8add87e89a69d9f079a6a1f162","_id":"js-beautify@1.5.2","_shasum":"651efe994a3a21c567c5c2b300831183a86d7420","_from":".","_npmVersion":"2.0.2","_nodeVersion":"0.10.32","_npmUser":{"name":"bitwiseman","email":"bitwiseman@gmail.com"},"maintainers":[{"name":"evocateur","email":"daniel.stockman@gmail.com"},{"name":"bitwiseman","email":"bitwiseman@gmail.com"}],"dist":{"shasum":"651efe994a3a21c567c5c2b300831183a86d7420","tarball":"https://registry.npmjs.org/js-beautify/-/js-beautify-1.5.2.tgz"}},"1.5.3":{"name":"js-beautify","version":"1.5.3","description":"jsbeautifier.org for node","main":"js/index.js","preferGlobal":true,"bin":{"css-beautify":"./js/bin/css-beautify.js","html-beautify":"./js/bin/html-beautify.js","js-beautify":"./js/bin/js-beautify.js"},"directories":{"lib":"js/lib","test":"js/test"},"scripts":{"test":"./js/test/shell-smoke-test.sh && node ./js/test/node-beautify-tests.js && node ./js/test/amd-beautify-tests.js","update-codemirror":"npm install codemirror && rm -rf ./web/third-party/codemirror/* && cp ./node_modules/codemirror/LICENSE ./web/third-party/codemirror/ && cp ./node_modules/codemirror/README.md ./web/third-party/codemirror/ && cp -r ./node_modules/codemirror/lib ./web/third-party/codemirror/ && mkdir -p ./web/third-party/codemirror/mode && cp -r ./node_modules/codemirror/mode/javascript ./web/third-party/codemirror/mode/ && git add -Av ./web/third-party/codemirror"},"bugs":{"url":"https://github.com/beautify-web/js-beautify/issues"},"homepage":"http://jsbeautifier.org/","repository":{"type":"git","url":"git://github.com/beautify-web/js-beautify.git"},"keywords":["beautify","beautifier","code-quality"],"author":{"name":"Einar Lielmanis","email":"einar@jsbeautifier.org"},"contributors":[{"name":"Vital Batmanov","email":"vital76@gmail.com"},{"name":"Chris J. Shull","email":"chrisjshull@gmail.com"},{"name":"Gian Marco Gherardi","email":"gianmarco.gherardi@gmail.com"},{"name":"Stan","email":"stasson@orc.ru"},{"name":"Vittorio Gambaletta","email":"VittGam@vittgam.net"},{"name":"Daniel Stockman","email":"daniel.stockman@gmail.com"},{"name":"Harutyun Amirjanyan","email":"amirjanyan@gmail.com"},{"name":"Nochum Sossonko","email":"nsossonko@hotmail.com"},{"name":"Liam Newman","email":"bitwiseman@gmail.com"}],"license":"MIT","dependencies":{"config-chain":"~1.1.5","mkdirp":"~0.5.0","nopt":"~3.0.1"},"devDependencies":{"jshint":"~2.5.6","node-static":"~0.7.1","requirejs":"2.1.x"},"gitHead":"0aec1aa40e2ab0d1999caba31b94507c8beeed93","_id":"js-beautify@1.5.3","_shasum":"9c9042df5ea61137537b3c44261c0f8e14dafcd5","_from":".","_npmVersion":"2.0.2","_nodeVersion":"0.10.32","_npmUser":{"name":"bitwiseman","email":"bitwiseman@gmail.com"},"maintainers":[{"name":"evocateur","email":"daniel.stockman@gmail.com"},{"name":"bitwiseman","email":"bitwiseman@gmail.com"}],"dist":{"shasum":"9c9042df5ea61137537b3c44261c0f8e14dafcd5","tarball":"https://registry.npmjs.org/js-beautify/-/js-beautify-1.5.3.tgz"}},"1.5.4":{"name":"js-beautify","version":"1.5.4","description":"jsbeautifier.org for node","main":"js/index.js","preferGlobal":true,"bin":{"css-beautify":"./js/bin/css-beautify.js","html-beautify":"./js/bin/html-beautify.js","js-beautify":"./js/bin/js-beautify.js"},"directories":{"lib":"js/lib","test":"js/test"},"scripts":{"test":"./js/test/shell-smoke-test.sh","update-codemirror":"npm install codemirror && rm -rf ./web/third-party/codemirror/* && cp ./node_modules/codemirror/LICENSE ./web/third-party/codemirror/ && cp ./node_modules/codemirror/README.md ./web/third-party/codemirror/ && cp -r ./node_modules/codemirror/lib ./web/third-party/codemirror/ && mkdir -p ./web/third-party/codemirror/mode && cp -r ./node_modules/codemirror/mode/javascript ./web/third-party/codemirror/mode/ && git add -Av ./web/third-party/codemirror"},"bugs":{"url":"https://github.com/beautify-web/js-beautify/issues"},"homepage":"http://jsbeautifier.org/","repository":{"type":"git","url":"git://github.com/beautify-web/js-beautify.git"},"keywords":["beautify","beautifier","code-quality"],"author":{"name":"Einar Lielmanis","email":"einar@jsbeautifier.org"},"contributors":[{"name":"Vital Batmanov","email":"vital76@gmail.com"},{"name":"Chris J. Shull","email":"chrisjshull@gmail.com"},{"name":"Gian Marco Gherardi","email":"gianmarco.gherardi@gmail.com"},{"name":"Stan","email":"stasson@orc.ru"},{"name":"Vittorio Gambaletta","email":"VittGam@vittgam.net"},{"name":"Daniel Stockman","email":"daniel.stockman@gmail.com"},{"name":"Harutyun Amirjanyan","email":"amirjanyan@gmail.com"},{"name":"Nochum Sossonko","email":"nsossonko@hotmail.com"},{"name":"Liam Newman","email":"bitwiseman@gmail.com"}],"license":"MIT","dependencies":{"config-chain":"~1.1.5","mkdirp":"~0.5.0","nopt":"~3.0.1"},"devDependencies":{"jshint":"~2.5.6","node-static":"~0.7.1","requirejs":"2.1.x","benchmark":"1.0.0"},"gitHead":"81c5c525d0050cb2753886846b3cae769fc7ce36","_id":"js-beautify@1.5.4","_shasum":"5b5abe634aa675713ed2ab2edc200d93555a07bd","_from":".","_npmVersion":"2.0.2","_nodeVersion":"0.10.32","_npmUser":{"name":"bitwiseman","email":"bitwiseman@gmail.com"},"maintainers":[{"name":"evocateur","email":"daniel.stockman@gmail.com"},{"name":"bitwiseman","email":"bitwiseman@gmail.com"}],"dist":{"shasum":"5b5abe634aa675713ed2ab2edc200d93555a07bd","tarball":"https://registry.npmjs.org/js-beautify/-/js-beautify-1.5.4.tgz"}},"1.5.5":{"name":"js-beautify","version":"1.5.5","description":"jsbeautifier.org for node","main":"js/index.js","preferGlobal":true,"bin":{"css-beautify":"./js/bin/css-beautify.js","html-beautify":"./js/bin/html-beautify.js","js-beautify":"./js/bin/js-beautify.js"},"directories":{"lib":"js/lib","test":"js/test"},"scripts":{"test":"./js/test/shell-smoke-test.sh","update-codemirror":"npm install codemirror && rm -rf ./web/third-party/codemirror/* && cp ./node_modules/codemirror/LICENSE ./web/third-party/codemirror/ && cp ./node_modules/codemirror/README.md ./web/third-party/codemirror/ && cp -r ./node_modules/codemirror/lib ./web/third-party/codemirror/ && mkdir -p ./web/third-party/codemirror/mode && cp -r ./node_modules/codemirror/mode/javascript ./web/third-party/codemirror/mode/ && git add -Av ./web/third-party/codemirror"},"bugs":{"url":"https://github.com/beautify-web/js-beautify/issues"},"homepage":"http://jsbeautifier.org/","repository":{"type":"git","url":"git://github.com/beautify-web/js-beautify.git"},"keywords":["beautify","beautifier","code-quality"],"author":{"name":"Einar Lielmanis","email":"einar@jsbeautifier.org"},"contributors":[{"name":"Vital Batmanov","email":"vital76@gmail.com"},{"name":"Chris J. Shull","email":"chrisjshull@gmail.com"},{"name":"Gian Marco Gherardi","email":"gianmarco.gherardi@gmail.com"},{"name":"Stan","email":"stasson@orc.ru"},{"name":"Vittorio Gambaletta","email":"VittGam@vittgam.net"},{"name":"Daniel Stockman","email":"daniel.stockman@gmail.com"},{"name":"Harutyun Amirjanyan","email":"amirjanyan@gmail.com"},{"name":"Nochum Sossonko","email":"nsossonko@hotmail.com"},{"name":"Liam Newman","email":"bitwiseman@gmail.com"}],"license":"MIT","dependencies":{"config-chain":"~1.1.5","mkdirp":"~0.5.0","nopt":"~3.0.1"},"devDependencies":{"jshint":"~2.5.6","node-static":"~0.7.1","mustache":"~0.8.2","requirejs":"2.1.x","benchmark":"1.0.0"},"gitHead":"5ce308e0d39ebf6a51d0db8268520dd3b9054cd2","_id":"js-beautify@1.5.5","_shasum":"98009d1dc98ae7b7de643fb8871b5477387f5cf9","_from":".","_npmVersion":"2.1.11","_nodeVersion":"0.10.33","_npmUser":{"name":"bitwiseman","email":"bitwiseman@gmail.com"},"maintainers":[{"name":"evocateur","email":"daniel.stockman@gmail.com"},{"name":"bitwiseman","email":"bitwiseman@gmail.com"}],"dist":{"shasum":"98009d1dc98ae7b7de643fb8871b5477387f5cf9","tarball":"https://registry.npmjs.org/js-beautify/-/js-beautify-1.5.5.tgz"}},"1.5.6":{"name":"js-beautify","version":"1.5.6","description":"jsbeautifier.org for node","main":"js/index.js","preferGlobal":true,"bin":{"css-beautify":"./js/bin/css-beautify.js","html-beautify":"./js/bin/html-beautify.js","js-beautify":"./js/bin/js-beautify.js"},"directories":{"lib":"js/lib","test":"js/test"},"scripts":{"test":"./js/test/shell-smoke-test.sh","update-codemirror":"npm install codemirror && rm -rf ./web/third-party/codemirror/* && cp ./node_modules/codemirror/LICENSE ./web/third-party/codemirror/ && cp ./node_modules/codemirror/README.md ./web/third-party/codemirror/ && cp -r ./node_modules/codemirror/lib ./web/third-party/codemirror/ && mkdir -p ./web/third-party/codemirror/mode && cp -r ./node_modules/codemirror/mode/javascript ./web/third-party/codemirror/mode/ && git add -Av ./web/third-party/codemirror"},"bugs":{"url":"https://github.com/beautify-web/js-beautify/issues"},"homepage":"http://jsbeautifier.org/","repository":{"type":"git","url":"git://github.com/beautify-web/js-beautify.git"},"keywords":["beautify","beautifier","code-quality"],"author":{"name":"Einar Lielmanis","email":"einar@jsbeautifier.org"},"contributors":[{"name":"Vital Batmanov","email":"vital76@gmail.com"},{"name":"Chris J. Shull","email":"chrisjshull@gmail.com"},{"name":"Gian Marco Gherardi","email":"gianmarco.gherardi@gmail.com"},{"name":"Stan","email":"stasson@orc.ru"},{"name":"Vittorio Gambaletta","email":"VittGam@vittgam.net"},{"name":"Daniel Stockman","email":"daniel.stockman@gmail.com"},{"name":"Harutyun Amirjanyan","email":"amirjanyan@gmail.com"},{"name":"Nochum Sossonko","email":"nsossonko@hotmail.com"},{"name":"Liam Newman","email":"bitwiseman@gmail.com"}],"license":"MIT","dependencies":{"config-chain":"~1.1.5","mkdirp":"~0.5.0","nopt":"~3.0.1"},"devDependencies":{"jshint":"~2.5.6","node-static":"~0.7.1","mustache":"~1.1.0","requirejs":"2.1.x","benchmark":"1.0.0"},"gitHead":"3d549068bf211ec075f0f842743f562dc4d83f2c","_id":"js-beautify@1.5.6","_shasum":"59b6f03201a245ec47049b7dffafb7e346de6c84","_from":".","_npmVersion":"2.7.5","_nodeVersion":"0.12.2","_npmUser":{"name":"bitwiseman","email":"bitwiseman@gmail.com"},"maintainers":[{"name":"evocateur","email":"daniel.stockman@gmail.com"},{"name":"bitwiseman","email":"bitwiseman@gmail.com"}],"dist":{"shasum":"59b6f03201a245ec47049b7dffafb7e346de6c84","tarball":"https://registry.npmjs.org/js-beautify/-/js-beautify-1.5.6.tgz"}},"1.5.7":{"name":"js-beautify","version":"1.5.7","description":"jsbeautifier.org for node","main":"js/index.js","preferGlobal":true,"bin":{"css-beautify":"./js/bin/css-beautify.js","html-beautify":"./js/bin/html-beautify.js","js-beautify":"./js/bin/js-beautify.js"},"directories":{"lib":"js/lib","test":"js/test"},"scripts":{"test":"./js/test/shell-smoke-test.sh","update-codemirror":"npm install codemirror && rm -rf ./web/third-party/codemirror/* && cp ./node_modules/codemirror/LICENSE ./web/third-party/codemirror/ && cp ./node_modules/codemirror/README.md ./web/third-party/codemirror/ && cp -r ./node_modules/codemirror/lib ./web/third-party/codemirror/ && mkdir -p ./web/third-party/codemirror/mode && cp -r ./node_modules/codemirror/mode/javascript ./web/third-party/codemirror/mode/ && git add -Av ./web/third-party/codemirror"},"bugs":{"url":"https://github.com/beautify-web/js-beautify/issues"},"homepage":"http://jsbeautifier.org/","repository":{"type":"git","url":"git://github.com/beautify-web/js-beautify.git"},"keywords":["beautify","beautifier","code-quality"],"author":{"name":"Einar Lielmanis","email":"einar@jsbeautifier.org"},"contributors":[{"name":"Vital Batmanov","email":"vital76@gmail.com"},{"name":"Chris J. Shull","email":"chrisjshull@gmail.com"},{"name":"Gian Marco Gherardi","email":"gianmarco.gherardi@gmail.com"},{"name":"Stan","email":"stasson@orc.ru"},{"name":"Vittorio Gambaletta","email":"VittGam@vittgam.net"},{"name":"Daniel Stockman","email":"daniel.stockman@gmail.com"},{"name":"Harutyun Amirjanyan","email":"amirjanyan@gmail.com"},{"name":"Nochum Sossonko","email":"nsossonko@hotmail.com"},{"name":"Liam Newman","email":"bitwiseman@gmail.com"}],"license":"MIT","dependencies":{"config-chain":"~1.1.5","mkdirp":"~0.5.0","nopt":"~3.0.1"},"devDependencies":{"jshint":"~2.8.0","node-static":"~0.7.1","mustache":"~1.1.0","requirejs":"2.1.x","benchmark":"1.0.0"},"gitHead":"f0e6e4c6fa1ac264b5165e9aeb48d921c65ffbeb","_id":"js-beautify@1.5.7","_shasum":"7a93e5ce93d4ae597abc65647f5278eea1e38fa3","_from":".","_npmVersion":"2.7.5","_nodeVersion":"0.12.2","_npmUser":{"name":"bitwiseman","email":"bitwiseman@gmail.com"},"maintainers":[{"name":"evocateur","email":"daniel.stockman@gmail.com"},{"name":"bitwiseman","email":"bitwiseman@gmail.com"}],"dist":{"shasum":"7a93e5ce93d4ae597abc65647f5278eea1e38fa3","tarball":"https://registry.npmjs.org/js-beautify/-/js-beautify-1.5.7.tgz"}},"1.5.8":{"name":"js-beautify","version":"1.5.8","description":"jsbeautifier.org for node","main":"js/index.js","preferGlobal":true,"bin":{"css-beautify":"./js/bin/css-beautify.js","html-beautify":"./js/bin/html-beautify.js","js-beautify":"./js/bin/js-beautify.js"},"directories":{"lib":"js/lib","test":"js/test"},"scripts":{"test":"./js/test/shell-smoke-test.sh","update-codemirror":"npm install codemirror && rm -rf ./web/third-party/codemirror/* && cp ./node_modules/codemirror/LICENSE ./web/third-party/codemirror/ && cp ./node_modules/codemirror/README.md ./web/third-party/codemirror/ && cp -r ./node_modules/codemirror/lib ./web/third-party/codemirror/ && mkdir -p ./web/third-party/codemirror/mode && cp -r ./node_modules/codemirror/mode/javascript ./web/third-party/codemirror/mode/ && git add -Av ./web/third-party/codemirror"},"bugs":{"url":"https://github.com/beautify-web/js-beautify/issues"},"homepage":"http://jsbeautifier.org/","repository":{"type":"git","url":"git://github.com/beautify-web/js-beautify.git"},"keywords":["beautify","beautifier","code-quality"],"author":{"name":"Einar Lielmanis","email":"einar@jsbeautifier.org"},"contributors":[{"name":"Vital Batmanov","email":"vital76@gmail.com"},{"name":"Chris J. Shull","email":"chrisjshull@gmail.com"},{"name":"Gian Marco Gherardi","email":"gianmarco.gherardi@gmail.com"},{"name":"Stan","email":"stasson@orc.ru"},{"name":"Vittorio Gambaletta","email":"VittGam@vittgam.net"},{"name":"Daniel Stockman","email":"daniel.stockman@gmail.com"},{"name":"Harutyun Amirjanyan","email":"amirjanyan@gmail.com"},{"name":"Nochum Sossonko","email":"nsossonko@hotmail.com"},{"name":"Liam Newman","email":"bitwiseman@gmail.com"}],"license":"MIT","dependencies":{"config-chain":"~1.1.5","mkdirp":"~0.5.0","nopt":"~3.0.1"},"devDependencies":{"jshint":"~2.8.0","node-static":"~0.7.1","mustache":"~1.1.0","requirejs":"2.1.x","benchmark":"1.0.0"},"gitHead":"a2a44442f4291474416a5c1440510d070a0e514e","_id":"js-beautify@1.5.8","_shasum":"a802901c17a8b6b971d32fc152f3c54d4d43a30f","_from":".","_npmVersion":"2.7.5","_nodeVersion":"0.12.2","_npmUser":{"name":"bitwiseman","email":"bitwiseman@gmail.com"},"maintainers":[{"name":"evocateur","email":"daniel.stockman@gmail.com"},{"name":"bitwiseman","email":"bitwiseman@gmail.com"}],"dist":{"shasum":"a802901c17a8b6b971d32fc152f3c54d4d43a30f","tarball":"https://registry.npmjs.org/js-beautify/-/js-beautify-1.5.8.tgz"}},"1.5.9":{"name":"js-beautify","version":"1.5.9","description":"jsbeautifier.org for node","main":"js/index.js","preferGlobal":true,"bin":{"css-beautify":"./js/bin/css-beautify.js","html-beautify":"./js/bin/html-beautify.js","js-beautify":"./js/bin/js-beautify.js"},"directories":{"lib":"js/lib","test":"js/test"},"scripts":{"test":"./js/test/shell-smoke-test.sh","update-codemirror":"npm install codemirror && rm -rf ./web/third-party/codemirror/* && cp ./node_modules/codemirror/LICENSE ./web/third-party/codemirror/ && cp ./node_modules/codemirror/README.md ./web/third-party/codemirror/ && cp -r ./node_modules/codemirror/lib ./web/third-party/codemirror/ && mkdir -p ./web/third-party/codemirror/mode && cp -r ./node_modules/codemirror/mode/javascript ./web/third-party/codemirror/mode/ && git add -Av ./web/third-party/codemirror"},"bugs":{"url":"https://github.com/beautify-web/js-beautify/issues"},"homepage":"http://jsbeautifier.org/","repository":{"type":"git","url":"git://github.com/beautify-web/js-beautify.git"},"keywords":["beautify","beautifier","code-quality"],"author":{"name":"Einar Lielmanis","email":"einar@jsbeautifier.org"},"contributors":[{"name":"Vital Batmanov","email":"vital76@gmail.com"},{"name":"Chris J. Shull","email":"chrisjshull@gmail.com"},{"name":"Gian Marco Gherardi","email":"gianmarco.gherardi@gmail.com"},{"name":"Stan","email":"stasson@orc.ru"},{"name":"Vittorio Gambaletta","email":"VittGam@vittgam.net"},{"name":"Daniel Stockman","email":"daniel.stockman@gmail.com"},{"name":"Harutyun Amirjanyan","email":"amirjanyan@gmail.com"},{"name":"Nochum Sossonko","email":"nsossonko@hotmail.com"},{"name":"Liam Newman","email":"bitwiseman@gmail.com"}],"license":"MIT","dependencies":{"config-chain":"~1.1.5","mkdirp":"~0.5.0","nopt":"~3.0.1"},"devDependencies":{"jshint":"~2.8.0","node-static":"~0.7.1","mustache":"~1.1.0","requirejs":"2.1.x","benchmark":"1.0.0"},"gitHead":"24f0310ee65eb29d0d3133abac890f548f21fb75","_id":"js-beautify@1.5.9","_shasum":"23fabefab66eaf12322e34887018cc103d5f9e5f","_from":".","_npmVersion":"2.7.5","_nodeVersion":"0.12.2","_npmUser":{"name":"bitwiseman","email":"bitwiseman@gmail.com"},"maintainers":[{"name":"evocateur","email":"daniel.stockman@gmail.com"},{"name":"bitwiseman","email":"bitwiseman@gmail.com"}],"dist":{"shasum":"23fabefab66eaf12322e34887018cc103d5f9e5f","tarball":"https://registry.npmjs.org/js-beautify/-/js-beautify-1.5.9.tgz"}},"1.5.10":{"name":"js-beautify","version":"1.5.10","description":"jsbeautifier.org for node","main":"js/index.js","preferGlobal":true,"bin":{"css-beautify":"./js/bin/css-beautify.js","html-beautify":"./js/bin/html-beautify.js","js-beautify":"./js/bin/js-beautify.js"},"directories":{"lib":"js/lib","test":"js/test"},"scripts":{"test":"./js/test/shell-smoke-test.sh","update-codemirror":"npm install codemirror && rm -rf ./web/third-party/codemirror/* && cp ./node_modules/codemirror/LICENSE ./web/third-party/codemirror/ && cp ./node_modules/codemirror/README.md ./web/third-party/codemirror/ && cp -r ./node_modules/codemirror/lib ./web/third-party/codemirror/ && mkdir -p ./web/third-party/codemirror/mode && cp -r ./node_modules/codemirror/mode/javascript ./web/third-party/codemirror/mode/ && git add -Av ./web/third-party/codemirror"},"bugs":{"url":"https://github.com/beautify-web/js-beautify/issues"},"homepage":"http://jsbeautifier.org/","repository":{"type":"git","url":"git://github.com/beautify-web/js-beautify.git"},"keywords":["beautify","beautifier","code-quality"],"author":{"name":"Einar Lielmanis","email":"einar@jsbeautifier.org"},"contributors":[{"name":"Vital Batmanov","email":"vital76@gmail.com"},{"name":"Chris J. Shull","email":"chrisjshull@gmail.com"},{"name":"Gian Marco Gherardi","email":"gianmarco.gherardi@gmail.com"},{"name":"Stan","email":"stasson@orc.ru"},{"name":"Vittorio Gambaletta","email":"VittGam@vittgam.net"},{"name":"Daniel Stockman","email":"daniel.stockman@gmail.com"},{"name":"Harutyun Amirjanyan","email":"amirjanyan@gmail.com"},{"name":"Nochum Sossonko","email":"nsossonko@hotmail.com"},{"name":"Liam Newman","email":"bitwiseman@gmail.com"}],"license":"MIT","dependencies":{"config-chain":"~1.1.5","mkdirp":"~0.5.0","nopt":"~3.0.1"},"devDependencies":{"jshint":"~2.8.0","node-static":"~0.7.1","mustache":"~1.1.0","requirejs":"2.1.x","benchmark":"1.0.0"},"gitHead":"880a854273aa50976a0228e08f623be6f24ab717","_id":"js-beautify@1.5.10","_shasum":"4d95371702699344a516ca26bf59f0a27bb75719","_from":".","_npmVersion":"2.7.5","_nodeVersion":"0.12.2","_npmUser":{"name":"bitwiseman","email":"bitwiseman@gmail.com"},"maintainers":[{"name":"evocateur","email":"daniel.stockman@gmail.com"},{"name":"bitwiseman","email":"bitwiseman@gmail.com"}],"dist":{"shasum":"4d95371702699344a516ca26bf59f0a27bb75719","tarball":"https://registry.npmjs.org/js-beautify/-/js-beautify-1.5.10.tgz"}},"1.6.0":{"name":"js-beautify","version":"1.6.0","description":"jsbeautifier.org for node","main":"js/index.js","bin":{"css-beautify":"./js/bin/css-beautify.js","html-beautify":"./js/bin/html-beautify.js","js-beautify":"./js/bin/js-beautify.js"},"directories":{"lib":"js/lib","test":"js/test"},"scripts":{},"bugs":{"url":"https://github.com/beautify-web/js-beautify/issues"},"homepage":"http://jsbeautifier.org/","repository":{"type":"git","url":"git://github.com/beautify-web/js-beautify.git"},"keywords":["beautify","beautifier","code-quality"],"author":{"name":"Einar Lielmanis","email":"einar@jsbeautifier.org"},"contributors":[{"name":"Vital Batmanov","email":"vital76@gmail.com"},{"name":"Chris J. Shull","email":"chrisjshull@gmail.com"},{"name":"Gian Marco Gherardi","email":"gianmarco.gherardi@gmail.com"},{"name":"Stan","email":"stasson@orc.ru"},{"name":"Vittorio Gambaletta","email":"VittGam@vittgam.net"},{"name":"Daniel Stockman","email":"daniel.stockman@gmail.com"},{"name":"Harutyun Amirjanyan","email":"amirjanyan@gmail.com"},{"name":"Nochum Sossonko","email":"nsossonko@hotmail.com"},{"name":"Liam Newman","email":"bitwiseman@gmail.com"}],"license":"MIT","dependencies":{"config-chain":"~1.1.5","mkdirp":"~0.5.0","nopt":"~3.0.1"},"devDependencies":{"jshint":"~2.8.0","node-static":"~0.7.1","mustache":"~1.1.0","requirejs":"2.1.x","benchmark":"1.0.0"},"gitHead":"c656df8153f87757fb7d0ef0ed9f20d16adcce8e","_id":"js-beautify@1.6.0","_shasum":"5116205c87cafe0d8edf6ec453be5536d91a5cd0","_from":".","_npmVersion":"2.14.9","_nodeVersion":"0.12.7","_npmUser":{"name":"bitwiseman","email":"bitwiseman@gmail.com"},"dist":{"shasum":"5116205c87cafe0d8edf6ec453be5536d91a5cd0","tarball":"https://registry.npmjs.org/js-beautify/-/js-beautify-1.6.0.tgz"},"maintainers":[{"name":"evocateur","email":"daniel.stockman@gmail.com"},{"name":"bitwiseman","email":"bitwiseman@gmail.com"}]},"1.6.1":{"name":"js-beautify","version":"1.6.1","description":"jsbeautifier.org for node","main":"js/index.js","bin":{"css-beautify":"./js/bin/css-beautify.js","html-beautify":"./js/bin/html-beautify.js","js-beautify":"./js/bin/js-beautify.js"},"directories":{"lib":"js/lib","test":"js/test"},"scripts":{},"bugs":{"url":"https://github.com/beautify-web/js-beautify/issues"},"homepage":"http://jsbeautifier.org/","repository":{"type":"git","url":"git://github.com/beautify-web/js-beautify.git"},"keywords":["beautify","beautifier","code-quality"],"author":{"name":"Einar Lielmanis","email":"einar@jsbeautifier.org"},"contributors":[{"name":"Vital Batmanov","email":"vital76@gmail.com"},{"name":"Chris J. Shull","email":"chrisjshull@gmail.com"},{"name":"Gian Marco Gherardi","email":"gianmarco.gherardi@gmail.com"},{"name":"Stan","email":"stasson@orc.ru"},{"name":"Vittorio Gambaletta","email":"VittGam@vittgam.net"},{"name":"Daniel Stockman","email":"daniel.stockman@gmail.com"},{"name":"Harutyun Amirjanyan","email":"amirjanyan@gmail.com"},{"name":"Nochum Sossonko","email":"nsossonko@hotmail.com"},{"name":"Liam Newman","email":"bitwiseman@gmail.com"}],"license":"MIT","dependencies":{"config-chain":"~1.1.5","mkdirp":"~0.5.0","nopt":"~3.0.1"},"devDependencies":{"jshint":"~2.9.1","node-static":"~0.7.1","mustache":"~2.2.1","requirejs":"2.1.x","benchmark":"2.1.0"},"gitHead":"7b9011d9909a770e908854ed7b3a9da8bbc4d1ee","_id":"js-beautify@1.6.1","_shasum":"1856f21993e31086645240c42841a791d30a5805","_from":".","_npmVersion":"2.14.9","_nodeVersion":"0.12.7","_npmUser":{"name":"bitwiseman","email":"bitwiseman@gmail.com"},"dist":{"shasum":"1856f21993e31086645240c42841a791d30a5805","tarball":"https://registry.npmjs.org/js-beautify/-/js-beautify-1.6.1.tgz"},"maintainers":[{"name":"evocateur","email":"daniel.stockman@gmail.com"},{"name":"bitwiseman","email":"bitwiseman@gmail.com"}]},"1.6.2":{"name":"js-beautify","version":"1.6.2","description":"jsbeautifier.org for node","main":"js/index.js","bin":{"css-beautify":"./js/bin/css-beautify.js","html-beautify":"./js/bin/html-beautify.js","js-beautify":"./js/bin/js-beautify.js"},"directories":{"lib":"js/lib","test":"js/test"},"scripts":{},"bugs":{"url":"https://github.com/beautify-web/js-beautify/issues"},"homepage":"http://jsbeautifier.org/","repository":{"type":"git","url":"git://github.com/beautify-web/js-beautify.git"},"keywords":["beautify","beautifier","code-quality"],"author":{"name":"Einar Lielmanis","email":"einar@jsbeautifier.org"},"contributors":[{"name":"Vital Batmanov","email":"vital76@gmail.com"},{"name":"Chris J. Shull","email":"chrisjshull@gmail.com"},{"name":"Gian Marco Gherardi","email":"gianmarco.gherardi@gmail.com"},{"name":"Stan","email":"stasson@orc.ru"},{"name":"Vittorio Gambaletta","email":"VittGam@vittgam.net"},{"name":"Daniel Stockman","email":"daniel.stockman@gmail.com"},{"name":"Harutyun Amirjanyan","email":"amirjanyan@gmail.com"},{"name":"Nochum Sossonko","email":"nsossonko@hotmail.com"},{"name":"Liam Newman","email":"bitwiseman@gmail.com"}],"license":"MIT","dependencies":{"config-chain":"~1.1.5","mkdirp":"~0.5.0","nopt":"~3.0.1"},"devDependencies":{"jshint":"~2.9.1","node-static":"~0.7.1","mustache":"~2.2.1","requirejs":"2.1.x","benchmark":"2.1.0"},"gitHead":"c93a8a60a1c7954e39fac9893faa36fc26f48fda","_id":"js-beautify@1.6.2","_shasum":"f5c84dcf38e663cfa66e941264c0100150b5098e","_from":".","_npmVersion":"2.14.9","_nodeVersion":"0.12.7","_npmUser":{"name":"bitwiseman","email":"bitwiseman@gmail.com"},"dist":{"shasum":"f5c84dcf38e663cfa66e941264c0100150b5098e","tarball":"https://registry.npmjs.org/js-beautify/-/js-beautify-1.6.2.tgz"},"maintainers":[{"name":"evocateur","email":"daniel.stockman@gmail.com"},{"name":"bitwiseman","email":"bitwiseman@gmail.com"}]},"1.6.3":{"name":"js-beautify","version":"1.6.3","description":"jsbeautifier.org for node","main":"js/index.js","bin":{"css-beautify":"./js/bin/css-beautify.js","html-beautify":"./js/bin/html-beautify.js","js-beautify":"./js/bin/js-beautify.js"},"directories":{"lib":"js/lib","test":"js/test"},"scripts":{},"bugs":{"url":"https://github.com/beautify-web/js-beautify/issues"},"homepage":"http://jsbeautifier.org/","repository":{"type":"git","url":"git://github.com/beautify-web/js-beautify.git"},"keywords":["beautify","beautifier","code-quality"],"author":{"name":"Einar Lielmanis","email":"einar@jsbeautifier.org"},"contributors":[{"name":"Vital Batmanov","email":"vital76@gmail.com"},{"name":"Chris J. Shull","email":"chrisjshull@gmail.com"},{"name":"Gian Marco Gherardi","email":"gianmarco.gherardi@gmail.com"},{"name":"Stan","email":"stasson@orc.ru"},{"name":"Vittorio Gambaletta","email":"VittGam@vittgam.net"},{"name":"Daniel Stockman","email":"daniel.stockman@gmail.com"},{"name":"Harutyun Amirjanyan","email":"amirjanyan@gmail.com"},{"name":"Nochum Sossonko","email":"nsossonko@hotmail.com"},{"name":"Liam Newman","email":"bitwiseman@gmail.com"}],"license":"MIT","dependencies":{"config-chain":"~1.1.5","mkdirp":"~0.5.0","nopt":"~3.0.1"},"devDependencies":{"jshint":"~2.9.1","node-static":"~0.7.1","mustache":"~2.2.1","requirejs":"2.1.x","benchmark":"2.1.0"},"gitHead":"14218dc3117f2bc68092c3475126e77a89555271","_id":"js-beautify@1.6.3","_shasum":"d7f1eb515cec16c99f0d74bff5fd6f9767f24a37","_from":".","_npmVersion":"2.15.1","_nodeVersion":"0.12.14","_npmUser":{"name":"bitwiseman","email":"bitwiseman@gmail.com"},"dist":{"shasum":"d7f1eb515cec16c99f0d74bff5fd6f9767f24a37","tarball":"https://registry.npmjs.org/js-beautify/-/js-beautify-1.6.3.tgz"},"maintainers":[{"name":"evocateur","email":"daniel.stockman@gmail.com"},{"name":"bitwiseman","email":"bitwiseman@gmail.com"}],"_npmOperationalInternal":{"host":"packages-12-west.internal.npmjs.com","tmp":"tmp/js-beautify-1.6.3.tgz_1464937638905_0.0914528863504529"}},"1.6.4":{"name":"js-beautify","version":"1.6.4","description":"jsbeautifier.org for node","main":"js/index.js","bin":{"css-beautify":"./js/bin/css-beautify.js","html-beautify":"./js/bin/html-beautify.js","js-beautify":"./js/bin/js-beautify.js"},"directories":{"lib":"js/lib","test":"js/test"},"scripts":{},"bugs":{"url":"https://github.com/beautify-web/js-beautify/issues"},"homepage":"http://jsbeautifier.org/","repository":{"type":"git","url":"git://github.com/beautify-web/js-beautify.git"},"keywords":["beautify","beautifier","code-quality"],"author":{"name":"Einar Lielmanis","email":"einar@jsbeautifier.org"},"contributors":[{"name":"Vital Batmanov","email":"vital76@gmail.com"},{"name":"Chris J. Shull","email":"chrisjshull@gmail.com"},{"name":"Gian Marco Gherardi","email":"gianmarco.gherardi@gmail.com"},{"name":"Stan","email":"stasson@orc.ru"},{"name":"Vittorio Gambaletta","email":"VittGam@vittgam.net"},{"name":"Daniel Stockman","email":"daniel.stockman@gmail.com"},{"name":"Harutyun Amirjanyan","email":"amirjanyan@gmail.com"},{"name":"Nochum Sossonko","email":"nsossonko@hotmail.com"},{"name":"Liam Newman","email":"bitwiseman@gmail.com"}],"license":"MIT","dependencies":{"config-chain":"~1.1.5","editorconfig":"^0.13.2","mkdirp":"~0.5.0","nopt":"~3.0.1"},"devDependencies":{"jshint":"~2.9.1","node-static":"~0.7.1","mustache":"~2.2.1","requirejs":"2.1.x","benchmark":"2.1.0"},"gitHead":"0056cc1db84b76a8fa54b288982d1e889ead2e7a","_id":"js-beautify@1.6.4","_shasum":"a9af79699742ac9a1b6fddc1fdbc78bc4d515fc3","_from":".","_npmVersion":"3.10.6","_nodeVersion":"0.12.14","_npmUser":{"name":"bitwiseman","email":"bitwiseman@gmail.com"},"dist":{"shasum":"a9af79699742ac9a1b6fddc1fdbc78bc4d515fc3","tarball":"https://registry.npmjs.org/js-beautify/-/js-beautify-1.6.4.tgz"},"maintainers":[{"name":"evocateur","email":"daniel.stockman@gmail.com"},{"name":"bitwiseman","email":"bitwiseman@gmail.com"}],"_npmOperationalInternal":{"host":"packages-16-east.internal.npmjs.com","tmp":"tmp/js-beautify-1.6.4.tgz_1472527548031_0.9441989136394113"}}},"readme":"# JS Beautifier\n[![Build Status](https://img.shields.io/travis/beautify-web/js-beautify/master.svg)](http://travis-ci.org/beautify-web/js-beautify)\n[![Build status](https://ci.appveyor.com/api/projects/status/5bxmpvew5n3e58te/branch/master?svg=true)](https://ci.appveyor.com/project/beautify-web/js-beautify/branch/master)\n[![NPM version](https://img.shields.io/npm/v/js-beautify.svg)](https://www.npmjs.com/package/js-beautify)\n[![Download stats](https://img.shields.io/npm/dm/js-beautify.svg)](https://www.npmjs.com/package/js-beautify)\n[![Join the chat at https://gitter.im/beautify-web/js-beautify](https://badges.gitter.im/Join%20Chat.svg)](https://gitter.im/beautify-web/js-beautify?utm_source=badge&utm_medium=badge&utm_campaign=pr-badge&utm_content=badge)\n\n[![NPM stats](https://nodei.co/npm/js-beautify.svg?downloadRank=true&downloads=true)](https://www.npmjs.org/package/js-beautify)\n\n\nThis little beautifier will reformat and reindent bookmarklets, ugly\nJavaScript, unpack scripts packed by Dean Edward’s popular packer,\nas well as deobfuscate scripts processed by\n[javascriptobfuscator.com](http://javascriptobfuscator.com/).\n\n# Usage\nYou can beautify javascript using JS Beautifier in your web browser, or on the command-line using node.js or python.\n\nTo use in web browser include the script tag below in your document\n```html\n<script src=\"https://cdn.rawgit.com/beautify-web/js-beautify/1.6.4/js/lib/beautify.js\"></script>\n<script src=\"https://cdn.rawgit.com/beautify-web/js-beautify/1.6.4/js/lib/beautify-css.js\"></script>\n<script src=\"https://cdn.rawgit.com/beautify-web/js-beautify/1.6.4/js/lib/beautify-html.js\"></script>\n```\nDisclaimer: It's a free service, so there are [no uptime or support guarantees](https://github.com/rgrove/rawgit/wiki/Frequently-Asked-Questions#i-need-guaranteed-100-uptime-should-i-use-cdnrawgitcom).\n\n## Web Browser\nOpen [jsbeautifier.org](http://jsbeautifier.org/).  Options are available via the UI.\n\n## Python\nTo beautify using python:\n\n```bash\n$ pip install jsbeautifier\n$ js-beautify file.js\n```\n\nBeautified output goes to `stdout`.\n\nTo use `jsbeautifier` as a library is simple:\n\n``` python\nimport jsbeautifier\nres = jsbeautifier.beautify('your javascript string')\nres = jsbeautifier.beautify_file('some_file.js')\n```\n\n...or, to specify some options:\n\n``` python\nopts = jsbeautifier.default_options()\nopts.indent_size = 2\nres = jsbeautifier.beautify('some javascript', opts)\n```\n\n## JavaScript\n\nAs an alternative to the Python script, you may install the NPM package `js-beautify`. When installed globally, it provides an executable `js-beautify` script. As with the Python script, the beautified result is sent to `stdout` unless otherwise configured.\n\n```bash\n$ npm -g install js-beautify\n$ js-beautify foo.js\n```\n\nYou can also use `js-beautify` as a `node` library (install locally, the `npm` default):\n\n```bash\n$ npm install js-beautify\n```\n\n```js\nvar beautify = require('js-beautify').js_beautify,\n    fs = require('fs');\n\nfs.readFile('foo.js', 'utf8', function (err, data) {\n    if (err) {\n        throw err;\n    }\n    console.log(beautify(data, { indent_size: 2 }));\n});\n```\n\n## Options\n\nThese are the command-line flags for both Python and JS scripts:\n\n```text\nCLI Options:\n  -f, --file       Input file(s) (Pass '-' for stdin)\n  -r, --replace    Write output in-place, replacing input\n  -o, --outfile    Write output to file (default stdout)\n  --config         Path to config file\n  --type           [js|css|html] [\"js\"]\n  -q, --quiet      Suppress logging to stdout\n  -h, --help       Show this help\n  -v, --version    Show the version\n\nBeautifier Options:\n  -s, --indent-size                 Indentation size [4]\n  -c, --indent-char                 Indentation character [\" \"]\n  -e, --eol                         character(s) to use as line terminators. (default newline - \"\\\\n\")');\n  -l, --indent-level                Initial indentation level [0]\n  -t, --indent-with-tabs            Indent with tabs, overrides -s and -c\n  -p, --preserve-newlines           Preserve line-breaks (--no-preserve-newlines disables)\n  -m, --max-preserve-newlines       Number of line-breaks to be preserved in one chunk [10]\n  -P, --space-in-paren              Add padding spaces within paren, ie. f( a, b )\n  -j, --jslint-happy                Enable jslint-stricter mode\n  -a, --space-after-anon-function   Add a space before an anonymous function's parens, ie. function ()\n  -b, --brace-style                 [collapse-preserve-inline|collapse|expand|end-expand|none] [\"collapse\"]\n  -B, --break-chained-methods       Break chained method calls across subsequent lines\n  -k, --keep-array-indentation      Preserve array indentation\n  -x, --unescape-strings            Decode printable characters encoded in xNN notation\n  -w, --wrap-line-length            Wrap lines at next opportunity after N characters [0]\n  -X, --e4x                         Pass E4X xml literals through untouched\n  -n, --end-with-newline            End output with newline\n  -C, --comma-first                 Put commas at the beginning of new line instead of end\n  --good-stuff                      Warm the cockles of Crockford's heart\n  --editorconfig                    Use EditorConfig to set up the options\n```\n\nThese largely correspond to the underscored option keys for both library interfaces, which have these defaults:\n\n```json\n{\n    \"indent_size\": 4,\n    \"indent_char\": \" \",\n    \"eol\": \"\\n\",\n    \"indent_level\": 0,\n    \"indent_with_tabs\": false,\n    \"preserve_newlines\": true,\n    \"max_preserve_newlines\": 10,\n    \"jslint_happy\": false,\n    \"space_after_anon_function\": false,\n    \"brace_style\": \"collapse\",\n    \"keep_array_indentation\": false,\n    \"keep_function_indentation\": false,\n    \"space_before_conditional\": true,\n    \"break_chained_methods\": false,\n    \"eval_code\": false,\n    \"unescape_strings\": false,\n    \"wrap_line_length\": 0,\n    \"wrap_attributes\": \"auto\",\n    \"wrap_attributes_indent_size\": 4,\n    \"end_with_newline\": false\n}\n```\n\nIn addition to CLI arguments, you may pass config to the JS executable via:\n\n * any `jsbeautify_`-prefixed environment variables\n * a `JSON`-formatted file indicated by the `--config` parameter\n * a `.jsbeautifyrc` file containing `JSON` data at any level of the filesystem above `$PWD`\n\nConfiguration sources provided earlier in this stack will override later ones.\n\nYou might notice that the CLI options and defaults hash aren't 100% correlated. Historically, the Python and JS APIs have not been 100% identical. For example, `space_before_conditional` is currently JS-only, and not addressable from the CLI script. There are a few other additional cases keeping us from 100% API-compatibility. Patches welcome!\n\n## Directives to Ignore or Preserve sections (Javascript only)\n\nBeautifier for  supports directives in comments inside the file.\nThis allows you to tell the beautifier to preserve the formtatting of or completely ignore part of a file.\nThe example input below will remain changed after beautification\n\n```js\n// Use preserve when the content is not javascript, but you don't want it reformatted.\n/* beautify preserve:start */\n{\n    browserName: 'internet explorer',\n    platform:    'Windows 7',\n    version:     '8'\n}\n/* beautify preserve:end */\n\n// Use ignore when the content is not parsable as javascript.\nvar a =  1;\n/* beautify ignore:start */\n {This is some strange{template language{using open-braces?\n/* beautify ignore:end */\n```\n\n\n### CSS & HTML\n\nIn addition to the `js-beautify` executable, `css-beautify` and `html-beautify` are also provided as an easy interface into those scripts. Alternatively, `js-beautify --css` or `js-beautify --html` will accomplish the same thing, respectively.\n\n```js\n// Programmatic access\nvar beautify_js = require('js-beautify'); // also available under \"js\" export\nvar beautify_css = require('js-beautify').css;\nvar beautify_html = require('js-beautify').html;\n\n// All methods accept two arguments, the string to be beautified, and an options object.\n```\n\nThe CSS & HTML beautifiers are much simpler in scope, and possess far fewer options.\n\n```text\nCSS Beautifier Options:\n  -s, --indent-size                  Indentation size [4]\n  -c, --indent-char                  Indentation character [\" \"]\n  -t, --indent-with-tabs             Indent with tabs, overrides -s and -c\n  -e, --eol                          Character(s) to use as line terminators. (default newline - \"\\\\n\")\n  -n, --end-with-newline             End output with newline\n  -L, --selector-separator-newline   Add a newline between multiple selectors\n  -N, --newline-between-rules        Add a newline between CSS rules\n\nHTML Beautifier Options:\n  -s, --indent-size                  Indentation size [4]\n  -c, --indent-char                  Indentation character [\" \"]\n  -t, --indent-with-tabs             Indent with tabs, overrides -s and -c\n  -e, --eol                          Character(s) to use as line terminators. (default newline - \"\\\\n\")\n  -n, --end-with-newline             End output with newline\n  -p, --preserve-newlines            Preserve existing line-breaks (--no-preserve-newlines disables)\n  -m, --max-preserve-newlines        Maximum number of line-breaks to be preserved in one chunk [10]\n  -I, --indent-inner-html            Indent <head> and <body> sections. Default is false.\n  -b, --brace-style                  [collapse-preserve-inline|collapse|expand|end-expand|none] [\"collapse\"]\n  -S, --indent-scripts               [keep|separate|normal] [\"normal\"]\n  -w, --wrap-line-length             Maximum characters per line (0 disables) [250]\n  -A, --wrap-attributes              Wrap attributes to new lines [auto|force] [\"auto\"]\n  -i, --wrap-attributes-indent-size  Indent wrapped attributes to after N characters [indent-size]\n  -U, --unformatted                  List of tags (defaults to inline) that should not be reformatted\n  -E, --extra_liners                 List of tags (defaults to [head,body,/html] that should have an extra newline before them.\n  --editorconfig                     Use EditorConfig to set up the options\n```\n\n# License\n\nYou are free to use this in any way you want, in case you find this\nuseful or working for you but you must keep the copyright notice and license. (MIT)\n\n# Credits\n\n* Created by Einar Lielmanis, <einar@jsbeautifier.org>\n* Python version flourished by Stefano Sanfilippo <a.little.coder@gmail.com>\n* General maintenance and expansion by Liam Newman <bitwiseman@gmail.com>\n* Command-line for node.js by Daniel Stockman <daniel.stockman@gmail.com>\n\nThanks also to Jason Diamond, Patrick Hof, Nochum Sossonko, Andreas Schneider, Dave\nVasilevsky, Vital Batmanov, Ron Baldwin, Gabriel Harrison, Chris J. Shull,\nMathias Bynens, Vittorio Gambaletta and others.\n\n(README.md: js-beautify@1.6.3)\n","maintainers":[{"name":"evocateur","email":"daniel.stockman@gmail.com"},{"name":"bitwiseman","email":"bitwiseman@gmail.com"}],"time":{"modified":"2016-10-06T02:14:23.574Z","created":"2012-07-16T21:58:16.768Z","0.1.8":"2012-07-16T21:58:18.047Z","0.2.0":"2012-07-17T17:52:26.277Z","0.2.1":"2012-07-24T00:45:14.405Z","0.2.2":"2012-08-02T22:47:38.249Z","0.2.3":"2012-08-08T20:03:42.729Z","0.2.4":"2012-12-05T19:42:25.090Z","0.3.0":"2012-12-06T21:58:32.954Z","0.3.1":"2012-12-10T20:24:13.246Z","0.3.2":"2013-01-25T18:06:02.506Z","0.3.3":"2013-02-28T20:03:55.989Z","0.3.4":"2013-03-13T20:09:11.717Z","0.3.5":"2013-03-15T02:40:15.742Z","0.3.6":"2013-03-18T20:35:37.619Z","0.3.7":"2013-03-18T21:03:09.813Z","0.3.8":"2013-03-18T23:27:29.628Z","0.3.9":"2013-03-19T01:40:56.627Z","0.4.0":"2013-03-19T01:52:35.977Z","0.4.1":"2013-03-19T01:56:14.218Z","0.4.2":"2013-03-19T20:42:18.587Z","1.2.0":"2013-03-27T22:36:40.993Z","1.3.0":"2013-04-16T20:19:10.271Z","1.3.1":"2013-04-16T21:02:59.679Z","1.3.2":"2013-04-30T19:53:39.185Z","1.3.3":"2013-05-26T21:22:40.563Z","1.3.4":"2013-06-03T21:10:45.862Z","1.4.0":"2013-06-11T06:03:16.299Z","1.4.1":"2013-10-11T23:30:34.510Z","1.4.2":"2013-11-08T21:04:54.842Z","1.5.0":"2014-04-26T00:48:26.168Z","1.5.1":"2014-04-26T01:19:25.351Z","1.5.2":"2014-09-30T17:52:18.133Z","1.5.3":"2014-10-02T07:08:27.159Z","1.5.4":"2014-10-04T06:17:46.902Z","1.5.5":"2015-03-06T21:50:53.293Z","1.5.6":"2015-05-28T01:03:13.292Z","1.5.7":"2015-06-19T22:28:30.739Z","1.5.8":"2015-06-25T19:34:27.224Z","1.5.9":"2015-06-25T19:37:08.602Z","1.5.10":"2015-06-25T19:47:47.482Z","1.6.0":"2016-01-29T06:59:17.782Z","1.6.1":"2016-01-30T04:29:10.466Z","1.6.2":"2016-01-31T21:37:05.653Z","1.6.3":"2016-06-03T07:07:21.267Z","1.6.4":"2016-08-30T03:25:51.127Z"},"author":{"name":"Einar Lielmanis","email":"einar@jsbeautifier.org"},"repository":{"type":"git","url":"git://github.com/beautify-web/js-beautify.git"},"users":{"fgribreau":true,"chrisoei":true,"magemagic":true,"renodesper":true,"cortesben":true,"alexandermac":true,"f124275809":true,"jimokanghanchao":true,"nohponex":true,"ganiks":true,"relvao":true,"subchen":true,"yashprit":true,"markymark":true,"itonyyo":true,"scottkay":true,"dcdeiv":true,"sunny.zhouy":true,"n370":true,"shipengyan":true,"t1st3":true,"icyflame":true,"choi4450":true,"jalcine":true,"brentonhouse":true,"iambmelt":true,"alectic":true,"rwhogg":true,"andersonsantos":true,"pandao":true,"m-shibata":true,"dreamseer":true,"xieranmaya":true,"fdeneux":true,"tripu":true,"abdihaikal":true,"shinelin":true,"arlojamesbarnes":true,"bapinney":true,"abhisekp":true,"koslun":true,"kmck":true,"kontrax":true,"jits":true,"jvaneenwyk":true,"mrbgit":true,"shanewholloway":true,"bigslycat":true,"logol":true,"zalithka":true,"no7david":true,"redstrike":true},"homepage":"http://jsbeautifier.org/","keywords":["beautify","beautifier","code-quality"],"contributors":[{"name":"Vital Batmanov","email":"vital76@gmail.com"},{"name":"Chris J. Shull","email":"chrisjshull@gmail.com"},{"name":"Gian Marco Gherardi","email":"gianmarco.gherardi@gmail.com"},{"name":"Stan","email":"stasson@orc.ru"},{"name":"Vittorio Gambaletta","email":"VittGam@vittgam.net"},{"name":"Daniel Stockman","email":"daniel.stockman@gmail.com"},{"name":"Harutyun Amirjanyan","email":"amirjanyan@gmail.com"},{"name":"Nochum Sossonko","email":"nsossonko@hotmail.com"},{"name":"Liam Newman","email":"bitwiseman@gmail.com"}],"bugs":{"url":"https://github.com/beautify-web/js-beautify/issues"},"license":"MIT","readmeFilename":"README.md","_attachments":{},"_etag":"\"5O3F64II4WS3I6EEBWDG4LBDM\"","_cached":true}