{"_id":"character-entities","_rev":"2-f4ab03e7fa2214e7f2515b17607d6cb0","name":"character-entities","description":"HTML character entity information","dist-tags":{"latest":"1.1.0"},"versions":{"1.0.0":{"name":"character-entities","version":"1.0.0","description":"HTML character entity information","license":"MIT","keywords":["html","entity","entities","character","reference","name","replacement"],"files":["index.js","index.json"],"repository":{"type":"git","url":"git+https://github.com/wooorm/character-entities.git"},"author":{"name":"Titus Wormer","email":"tituswormer@gmail.com"},"devDependencies":{"browserify":"^11.0.0","eslint":"^1.0.0","esmangle":"^1.0.0","istanbul":"^0.3.0","jscs":"^2.0.0","jscs-jsdoc":"^1.0.0","mdast":"^2.0.0","mdast-comment-config":"^1.0.0","mdast-github":"^1.0.0","mdast-lint":"^1.0.0","mdast-slug":"^2.0.0","mdast-validate-links":"^1.1.1","mdast-yaml-config":"^1.0.0","tape":"^4.2.0"},"scripts":{"build-md":"mdast . --quiet --frail","build-crawl":"mkdir -p data && curl https://html.spec.whatwg.org/entities.json > data/entities.json","build-generate":"node script/generate.js","build-bundle":"browserify index.js --bare -s characterEntities > character-entities.js","build-mangle":"esmangle character-entities.js > character-entities.min.js","build":"npm run build-md && npm run build-crawl && npm run build-generate && npm run build-bundle && npm run build-mangle","lint-api":"eslint .","lint-style":"jscs --reporter inline .","lint":"npm run lint-api && npm run lint-style","test-api":"node test.js","test-coverage":"istanbul cover test.js","test":"npm run build && npm run lint && npm run test-coverage"},"gitHead":"22deca629b3ac33ccc45ee2ef7351b3c4bc9f46d","bugs":{"url":"https://github.com/wooorm/character-entities/issues"},"homepage":"https://github.com/wooorm/character-entities#readme","_id":"character-entities@1.0.0","_shasum":"a258498dfae125e81524c70dfcdda07318496e75","_from":".","_npmVersion":"2.14.2","_nodeVersion":"4.0.0","_npmUser":{"name":"wooorm","email":"tituswormer@gmail.com"},"dist":{"shasum":"a258498dfae125e81524c70dfcdda07318496e75","tarball":"https://registry.npmjs.org/character-entities/-/character-entities-1.0.0.tgz"},"maintainers":[{"name":"wooorm","email":"tituswormer@gmail.com"}],"directories":{}},"1.1.0":{"name":"character-entities","version":"1.1.0","description":"HTML character entity information","license":"MIT","keywords":["html","entity","entities","character","reference","name","replacement"],"files":["index.js","index.json"],"repository":{"type":"git","url":"git+https://github.com/wooorm/character-entities.git"},"bugs":{"url":"https://github.com/wooorm/character-entities/issues"},"author":{"name":"Titus Wormer","email":"tituswormer@gmail.com","url":"http://wooorm.com"},"contributors":[{"name":"Titus Wormer","email":"tituswormer@gmail.com","url":"http://wooorm.com"}],"dependencies":{},"devDependencies":{"browserify":"^13.0.1","esmangle":"^1.0.1","nyc":"^7.0.0","remark-cli":"^1.0.0","remark-comment-config":"^4.0.0","remark-github":"^5.0.0","remark-lint":"^4.0.0","remark-validate-links":"^4.0.0","tape":"^4.0.0","xo":"^0.16.0"},"scripts":{"build-md":"remark . --quiet --frail","build-crawl":"mkdir -p data && curl https://html.spec.whatwg.org/entities.json > data/entities.json","build-generate":"node script/generate.js","build-bundle":"browserify index.js --bare -s characterEntities > character-entities.js","build-mangle":"esmangle character-entities.js > character-entities.min.js","build":"npm run build-md && npm run build-crawl && npm run build-generate && npm run build-bundle && npm run build-mangle","lint":"xo","test-api":"node test","test-coverage":"nyc --reporter lcov tape test.js","test":"npm run build && npm run lint && npm run test-coverage"},"xo":{"space":true,"rules":{"guard-for-in":"off"},"ignores":["character-entities.js","character-entities.min.js"]},"remarkConfig":{"output":true,"plugins":["comment-config","github","lint","validate-links"],"settings":{"bullet":"*"}},"gitHead":"10b2318a9662858e85d9db0ca8dbf0752f9ac31e","homepage":"https://github.com/wooorm/character-entities#readme","_id":"character-entities@1.1.0","_shasum":"704c928e2d2a879a3db6a926a6dd68fcd2bec7ac","_from":".","_npmVersion":"3.3.6","_nodeVersion":"5.0.0","_npmUser":{"name":"wooorm","email":"tituswormer@gmail.com"},"dist":{"shasum":"704c928e2d2a879a3db6a926a6dd68fcd2bec7ac","tarball":"https://registry.npmjs.org/character-entities/-/character-entities-1.1.0.tgz"},"maintainers":[{"name":"wooorm","email":"tituswormer@gmail.com"}],"_npmOperationalInternal":{"host":"packages-12-west.internal.npmjs.com","tmp":"tmp/character-entities-1.1.0.tgz_1469311322438_0.1354649078566581"},"directories":{}}},"readme":"# character-entities [![Build Status][travis-badge]][travis] [![Coverage Status][codecov-badge]][codecov]\n\n<!--lint disable heading-increment list-item-spacing no-duplicate-headings-->\n\nHTML character entity information.\n\n## Installation\n\n[npm][npm-install]:\n\n```bash\nnpm install character-entities\n```\n\n## Usage\n\n```js\nconsole.log(characterEntities.AElig); // Æ\nconsole.log(characterEntities.aelig); // æ\nconsole.log(characterEntities.amp); // &\n```\n\n## API\n\n### characterEntities\n\nMapping between (case-sensitive) character entity names to replacements.\n\n## Support\n\nSee [html.spec.whatwg.org][html].\n\n## License\n\n[MIT][license] © [Titus Wormer][author]\n\n<!-- Definitions -->\n\n[travis-badge]: https://img.shields.io/travis/wooorm/character-entities.svg\n\n[travis]: https://travis-ci.org/wooorm/character-entities\n\n[codecov-badge]: https://img.shields.io/codecov/c/github/wooorm/character-entities.svg\n\n[codecov]: https://codecov.io/github/wooorm/character-entities\n\n[npm-install]: https://docs.npmjs.com/cli/install\n\n[license]: LICENSE\n\n[author]: http://wooorm.com\n\n[html]: https://html.spec.whatwg.org/multipage/syntax.html#named-character-references\n","maintainers":[{"name":"wooorm","email":"tituswormer@gmail.com"}],"time":{"modified":"2016-07-23T22:02:04.182Z","created":"2015-09-27T14:44:39.388Z","1.0.0":"2015-09-27T14:44:39.388Z","1.1.0":"2016-07-23T22:02:04.182Z"},"homepage":"https://github.com/wooorm/character-entities#readme","keywords":["html","entity","entities","character","reference","name","replacement"],"repository":{"type":"git","url":"git+https://github.com/wooorm/character-entities.git"},"author":{"name":"Titus Wormer","email":"tituswormer@gmail.com","url":"http://wooorm.com"},"bugs":{"url":"https://github.com/wooorm/character-entities/issues"},"license":"MIT","readmeFilename":"readme.md","contributors":[{"name":"Titus Wormer","email":"tituswormer@gmail.com","url":"http://wooorm.com"}],"_attachments":{},"_etag":"\"6FA9MLQSE8J4TN1F9Q1ZMZ1MX\"","_cached":true}