{"_id":"async-writer","_rev":"59-8519e74c40876812ebd69132d5c8d5ff","name":"async-writer","description":"The async-writer module makes it possible to asynchronously write data to an output stream while still flushing out bytes in the correct order","dist-tags":{"latest":"1.4.5"},"versions":{"1.1.0":{"name":"async-writer","description":"The async-writer module makes it possible to asynchronously write data to an output stream while still flushing out bytes in the correct order","repository":{"type":"git","url":"https://github.com/raptorjs3/async-writer.git"},"scripts":{"test":"mocha --ui bdd --reporter spec  ./test"},"author":{"name":"Patrick Steele-Idem","email":"pnidem@gmail.com"},"maintainers":[{"name":"pnidem","email":"pnidem@gmail.com"}],"dependencies":{"events":"^1.0.2"},"devDependencies":{"mocha":"~1.15.1","chai":"~1.8.1","through":"^2.3.4"},"license":"Apache License v2.0","bin":{},"main":"lib/async-writer.js","publishConfig":{"registry":"https://registry.npmjs.org/"},"version":"1.1.0","gitHead":"67160a7cc6aabdc1899718ce2f420c17e12f8549","bugs":{"url":"https://github.com/raptorjs3/async-writer/issues"},"homepage":"https://github.com/raptorjs3/async-writer","_id":"async-writer@1.1.0","_shasum":"b4ec02c79949f0908c86c8d2daee0732a56775a4","_from":".","_npmVersion":"1.4.14","_npmUser":{"name":"pnidem","email":"pnidem@gmail.com"},"dist":{"shasum":"b4ec02c79949f0908c86c8d2daee0732a56775a4","tarball":"https://registry.npmjs.org/async-writer/-/async-writer-1.1.0.tgz"},"directories":{}},"1.1.1":{"name":"async-writer","description":"The async-writer module makes it possible to asynchronously write data to an output stream while still flushing out bytes in the correct order","repository":{"type":"git","url":"https://github.com/raptorjs3/async-writer.git"},"scripts":{"test":"mocha --ui bdd --reporter spec  ./test"},"author":{"name":"Patrick Steele-Idem","email":"pnidem@gmail.com"},"maintainers":[{"name":"pnidem","email":"pnidem@gmail.com"}],"dependencies":{"events":"^1.0.2"},"devDependencies":{"mocha":"~1.15.1","chai":"~1.8.1","through":"^2.3.4"},"license":"Apache License v2.0","bin":{},"main":"lib/async-writer.js","publishConfig":{"registry":"https://registry.npmjs.org/"},"version":"1.1.1","gitHead":"33b6a153bf26d845193b818265ef87f05bd6e866","bugs":{"url":"https://github.com/raptorjs3/async-writer/issues"},"homepage":"https://github.com/raptorjs3/async-writer","_id":"async-writer@1.1.1","_shasum":"0e11e5df581c10be08f78cef676c4e53bd7d39fb","_from":".","_npmVersion":"1.4.14","_npmUser":{"name":"pnidem","email":"pnidem@gmail.com"},"dist":{"shasum":"0e11e5df581c10be08f78cef676c4e53bd7d39fb","tarball":"https://registry.npmjs.org/async-writer/-/async-writer-1.1.1.tgz"},"directories":{}},"1.1.2":{"name":"async-writer","description":"The async-writer module makes it possible to asynchronously write data to an output stream while still flushing out bytes in the correct order","repository":{"type":"git","url":"https://github.com/raptorjs3/async-writer.git"},"scripts":{"test":"mocha --ui bdd --reporter spec  ./test"},"author":{"name":"Patrick Steele-Idem","email":"pnidem@gmail.com"},"maintainers":[{"name":"pnidem","email":"pnidem@gmail.com"}],"dependencies":{"events":"^1.0.2"},"devDependencies":{"mocha":"~1.15.1","chai":"~1.8.1","through":"^2.3.4"},"license":"Apache License v2.0","bin":{},"main":"lib/async-writer.js","publishConfig":{"registry":"https://registry.npmjs.org/"},"version":"1.1.2","gitHead":"502abb587320e411fbc2ad6049351cfd23845f83","bugs":{"url":"https://github.com/raptorjs3/async-writer/issues"},"homepage":"https://github.com/raptorjs3/async-writer","_id":"async-writer@1.1.2","_shasum":"46d85fa3163afc03d1d8c0b1f61e5f207c4ffeac","_from":".","_npmVersion":"1.4.14","_npmUser":{"name":"pnidem","email":"pnidem@gmail.com"},"dist":{"shasum":"46d85fa3163afc03d1d8c0b1f61e5f207c4ffeac","tarball":"https://registry.npmjs.org/async-writer/-/async-writer-1.1.2.tgz"},"directories":{}},"1.1.3":{"name":"async-writer","description":"The async-writer module makes it possible to asynchronously write data to an output stream while still flushing out bytes in the correct order","repository":{"type":"git","url":"https://github.com/raptorjs/async-writer.git"},"scripts":{"test":"mocha --ui bdd --reporter spec  ./test"},"author":{"name":"Patrick Steele-Idem","email":"pnidem@gmail.com"},"maintainers":[{"name":"pnidem","email":"pnidem@gmail.com"},{"name":"philidem","email":"phillip.idem@gmail.com"}],"dependencies":{"events":"^1.0.2"},"devDependencies":{"mocha":"~1.15.1","chai":"~1.8.1","through":"^2.3.4"},"license":"Apache License v2.0","bin":{},"main":"lib/async-writer.js","publishConfig":{"registry":"https://registry.npmjs.org/"},"version":"1.1.3","gitHead":"bf7b40efde5f177ca9f98123dd138bf2b91c8e89","bugs":{"url":"https://github.com/raptorjs/async-writer/issues"},"homepage":"https://github.com/raptorjs/async-writer","_id":"async-writer@1.1.3","_shasum":"3d773eecd74a494af91f0a92e70e4d239d96e5a2","_from":".","_npmVersion":"2.0.2","_nodeVersion":"0.10.32","_npmUser":{"name":"pnidem","email":"pnidem@gmail.com"},"dist":{"shasum":"3d773eecd74a494af91f0a92e70e4d239d96e5a2","tarball":"https://registry.npmjs.org/async-writer/-/async-writer-1.1.3.tgz"},"directories":{}},"1.2.0":{"name":"async-writer","description":"The async-writer module makes it possible to asynchronously write data to an output stream while still flushing out bytes in the correct order","repository":{"type":"git","url":"https://github.com/raptorjs/async-writer.git"},"scripts":{"test":"mocha --ui bdd --reporter spec  ./test"},"author":{"name":"Patrick Steele-Idem","email":"pnidem@gmail.com"},"maintainers":[{"name":"pnidem","email":"pnidem@gmail.com"},{"name":"philidem","email":"phillip.idem@gmail.com"}],"dependencies":{"events":"^1.0.2"},"devDependencies":{"mocha":"~1.15.1","chai":"~1.8.1","through":"^2.3.4"},"license":"Apache License v2.0","bin":{},"main":"lib/async-writer.js","publishConfig":{"registry":"https://registry.npmjs.org/"},"version":"1.2.0","gitHead":"fb38a3a4ffa0646a9e26b2cab3a039a0ab52eca1","bugs":{"url":"https://github.com/raptorjs/async-writer/issues"},"homepage":"https://github.com/raptorjs/async-writer","_id":"async-writer@1.2.0","_shasum":"babc2a33e684209b6154067c5ea8ccddd9340eea","_from":".","_npmVersion":"2.0.2","_nodeVersion":"0.10.32","_npmUser":{"name":"pnidem","email":"pnidem@gmail.com"},"dist":{"shasum":"babc2a33e684209b6154067c5ea8ccddd9340eea","tarball":"https://registry.npmjs.org/async-writer/-/async-writer-1.2.0.tgz"},"directories":{}},"1.2.1":{"name":"async-writer","description":"The async-writer module makes it possible to asynchronously write data to an output stream while still flushing out bytes in the correct order","repository":{"type":"git","url":"https://github.com/raptorjs/async-writer.git"},"scripts":{"test":"mocha --ui bdd --reporter spec  ./test"},"author":{"name":"Patrick Steele-Idem","email":"pnidem@gmail.com"},"maintainers":[{"name":"pnidem","email":"pnidem@gmail.com"},{"name":"philidem","email":"phillip.idem@gmail.com"}],"dependencies":{"events":"^1.0.2"},"devDependencies":{"mocha":"~1.15.1","chai":"~1.8.1","through":"^2.3.4"},"license":"Apache License v2.0","bin":{},"main":"lib/async-writer.js","publishConfig":{"registry":"https://registry.npmjs.org/"},"version":"1.2.1","gitHead":"42231bdff17f4f42ef654b0af0dcb9453dd87318","bugs":{"url":"https://github.com/raptorjs/async-writer/issues"},"homepage":"https://github.com/raptorjs/async-writer","_id":"async-writer@1.2.1","_shasum":"b230f14fc4a9d20519c8b3aede9680603666f104","_from":".","_npmVersion":"2.0.2","_nodeVersion":"0.10.32","_npmUser":{"name":"pnidem","email":"pnidem@gmail.com"},"dist":{"shasum":"b230f14fc4a9d20519c8b3aede9680603666f104","tarball":"https://registry.npmjs.org/async-writer/-/async-writer-1.2.1.tgz"},"directories":{}},"1.2.2":{"name":"async-writer","description":"The async-writer module makes it possible to asynchronously write data to an output stream while still flushing out bytes in the correct order","repository":{"type":"git","url":"https://github.com/raptorjs/async-writer.git"},"scripts":{"test":"mocha --ui bdd --reporter spec  ./test"},"author":{"name":"Patrick Steele-Idem","email":"pnidem@gmail.com"},"maintainers":[{"name":"pnidem","email":"pnidem@gmail.com"},{"name":"philidem","email":"phillip.idem@gmail.com"}],"dependencies":{"events":"^1.0.2"},"devDependencies":{"mocha":"~1.15.1","chai":"~1.8.1","through":"^2.3.4"},"license":"Apache License v2.0","bin":{},"main":"lib/async-writer.js","publishConfig":{"registry":"https://registry.npmjs.org/"},"version":"1.2.2","gitHead":"0ac77c087a023798924bc5e111d24bce0b95dbfe","bugs":{"url":"https://github.com/raptorjs/async-writer/issues"},"homepage":"https://github.com/raptorjs/async-writer","_id":"async-writer@1.2.2","_shasum":"1c9eb205d22bb22e801daa19b0cede080a0279ba","_from":".","_npmVersion":"1.4.28","_npmUser":{"name":"philidem","email":"phillip.idem@gmail.com"},"dist":{"shasum":"1c9eb205d22bb22e801daa19b0cede080a0279ba","tarball":"https://registry.npmjs.org/async-writer/-/async-writer-1.2.2.tgz"},"directories":{}},"1.2.3":{"name":"async-writer","description":"The async-writer module makes it possible to asynchronously write data to an output stream while still flushing out bytes in the correct order","repository":{"type":"git","url":"https://github.com/raptorjs/async-writer.git"},"scripts":{"test":"mocha --ui bdd --reporter spec  ./test"},"author":{"name":"Patrick Steele-Idem","email":"pnidem@gmail.com"},"maintainers":[{"name":"pnidem","email":"pnidem@gmail.com"},{"name":"philidem","email":"phillip.idem@gmail.com"}],"dependencies":{"events":"^1.0.2"},"devDependencies":{"mocha":"~1.15.1","chai":"~1.8.1","through":"^2.3.4"},"license":"Apache License v2.0","bin":{},"main":"lib/async-writer.js","publishConfig":{"registry":"https://registry.npmjs.org/"},"version":"1.2.3","gitHead":"e47a9223cb847dbadf6699d3503b19cbbc016c9a","bugs":{"url":"https://github.com/raptorjs/async-writer/issues"},"homepage":"https://github.com/raptorjs/async-writer","_id":"async-writer@1.2.3","_shasum":"48f8486a818620a94217e31ef19fc26d8d8f8bde","_from":".","_npmVersion":"2.0.2","_nodeVersion":"0.10.32","_npmUser":{"name":"pnidem","email":"pnidem@gmail.com"},"dist":{"shasum":"48f8486a818620a94217e31ef19fc26d8d8f8bde","tarball":"https://registry.npmjs.org/async-writer/-/async-writer-1.2.3.tgz"},"directories":{}},"1.2.4":{"name":"async-writer","description":"The async-writer module makes it possible to asynchronously write data to an output stream while still flushing out bytes in the correct order","repository":{"type":"git","url":"https://github.com/raptorjs/async-writer.git"},"scripts":{"test":"mocha --ui bdd --reporter spec  ./test"},"author":{"name":"Patrick Steele-Idem","email":"pnidem@gmail.com"},"maintainers":[{"name":"pnidem","email":"pnidem@gmail.com"},{"name":"philidem","email":"phillip.idem@gmail.com"}],"dependencies":{"events":"^1.0.2"},"devDependencies":{"mocha":"~1.15.1","chai":"~1.8.1","through":"^2.3.4"},"license":"Apache License v2.0","bin":{},"main":"lib/async-writer.js","publishConfig":{"registry":"https://registry.npmjs.org/"},"version":"1.2.4","gitHead":"ef2dda8a97fcf6eccc0546eb488ff8c9fac801a1","bugs":{"url":"https://github.com/raptorjs/async-writer/issues"},"homepage":"https://github.com/raptorjs/async-writer","_id":"async-writer@1.2.4","_shasum":"5af5e228fdce9c29c45dbe0d48cef06c6d8d0079","_from":".","_npmVersion":"2.0.2","_nodeVersion":"0.10.32","_npmUser":{"name":"pnidem","email":"pnidem@gmail.com"},"dist":{"shasum":"5af5e228fdce9c29c45dbe0d48cef06c6d8d0079","tarball":"https://registry.npmjs.org/async-writer/-/async-writer-1.2.4.tgz"},"directories":{}},"1.3.0":{"name":"async-writer","description":"The async-writer module makes it possible to asynchronously write data to an output stream while still flushing out bytes in the correct order","repository":{"type":"git","url":"https://github.com/raptorjs/async-writer.git"},"scripts":{"test":"mocha --ui bdd --reporter spec  ./test"},"author":{"name":"Patrick Steele-Idem","email":"pnidem@gmail.com"},"maintainers":[{"name":"pnidem","email":"pnidem@gmail.com"},{"name":"philidem","email":"phillip.idem@gmail.com"}],"dependencies":{"events":"^1.0.2"},"devDependencies":{"mocha":"~1.15.1","chai":"~1.8.1","through":"^2.3.4"},"license":"Apache License v2.0","bin":{},"main":"lib/async-writer.js","publishConfig":{"registry":"https://registry.npmjs.org/"},"version":"1.3.0","gitHead":"76dd0eaff26d25da66beff95bef8328c0acb71dd","bugs":{"url":"https://github.com/raptorjs/async-writer/issues"},"homepage":"https://github.com/raptorjs/async-writer","_id":"async-writer@1.3.0","_shasum":"5ef3e7a9dc6cbec89a3a59bc57bdcc0f76609377","_from":".","_npmVersion":"2.0.2","_nodeVersion":"0.10.32","_npmUser":{"name":"pnidem","email":"pnidem@gmail.com"},"dist":{"shasum":"5ef3e7a9dc6cbec89a3a59bc57bdcc0f76609377","tarball":"https://registry.npmjs.org/async-writer/-/async-writer-1.3.0.tgz"},"directories":{}},"1.3.1":{"name":"async-writer","description":"The async-writer module makes it possible to asynchronously write data to an output stream while still flushing out bytes in the correct order","repository":{"type":"git","url":"https://github.com/raptorjs/async-writer.git"},"scripts":{"test":"mocha --ui bdd --reporter spec  ./test"},"author":{"name":"Patrick Steele-Idem","email":"pnidem@gmail.com"},"maintainers":[{"name":"pnidem","email":"pnidem@gmail.com"},{"name":"philidem","email":"phillip.idem@gmail.com"}],"dependencies":{"events":"^1.0.2"},"devDependencies":{"mocha":"~1.15.1","chai":"~1.8.1","through":"^2.3.4"},"license":"Apache License v2.0","bin":{},"main":"lib/async-writer.js","publishConfig":{"registry":"https://registry.npmjs.org/"},"version":"1.3.1","gitHead":"429f488908fa1734c661cd41e26cb0acc8e5e20d","bugs":{"url":"https://github.com/raptorjs/async-writer/issues"},"homepage":"https://github.com/raptorjs/async-writer","_id":"async-writer@1.3.1","_shasum":"3bced69ec71880efce3b19ed8512648e707785bb","_from":".","_npmVersion":"1.4.28","_npmUser":{"name":"philidem","email":"phillip.idem@gmail.com"},"dist":{"shasum":"3bced69ec71880efce3b19ed8512648e707785bb","tarball":"https://registry.npmjs.org/async-writer/-/async-writer-1.3.1.tgz"},"directories":{}},"1.3.2":{"name":"async-writer","description":"The async-writer module makes it possible to asynchronously write data to an output stream while still flushing out bytes in the correct order","repository":{"type":"git","url":"https://github.com/raptorjs/async-writer.git"},"scripts":{"test":"mocha --ui bdd --reporter spec  ./test"},"author":{"name":"Patrick Steele-Idem","email":"pnidem@gmail.com"},"maintainers":[{"name":"pnidem","email":"pnidem@gmail.com"},{"name":"philidem","email":"phillip.idem@gmail.com"}],"dependencies":{"events":"^1.0.2"},"devDependencies":{"mocha":"~1.15.1","chai":"~1.8.1","through":"^2.3.4"},"license":"Apache License v2.0","bin":{},"main":"lib/async-writer.js","publishConfig":{"registry":"https://registry.npmjs.org/"},"version":"1.3.2","gitHead":"2f4ad7c9a51cd9fd1f422e665a8917e3b40a7df6","bugs":{"url":"https://github.com/raptorjs/async-writer/issues"},"homepage":"https://github.com/raptorjs/async-writer","_id":"async-writer@1.3.2","_shasum":"02d5d4a8344cec2e35e0ece090dfb506c23f67de","_from":".","_npmVersion":"2.0.2","_nodeVersion":"0.10.32","_npmUser":{"name":"pnidem","email":"pnidem@gmail.com"},"dist":{"shasum":"02d5d4a8344cec2e35e0ece090dfb506c23f67de","tarball":"https://registry.npmjs.org/async-writer/-/async-writer-1.3.2.tgz"},"directories":{}},"1.3.3":{"name":"async-writer","description":"The async-writer module makes it possible to asynchronously write data to an output stream while still flushing out bytes in the correct order","repository":{"type":"git","url":"https://github.com/raptorjs/async-writer.git"},"scripts":{"test":"mocha --ui bdd --reporter spec  ./test"},"author":{"name":"Patrick Steele-Idem","email":"pnidem@gmail.com"},"maintainers":[{"name":"pnidem","email":"pnidem@gmail.com"},{"name":"philidem","email":"phillip.idem@gmail.com"}],"dependencies":{"events":"^1.0.2"},"devDependencies":{"mocha":"~1.15.1","chai":"~1.8.1","through":"^2.3.4"},"license":"Apache License v2.0","bin":{},"main":"lib/async-writer.js","publishConfig":{"registry":"https://registry.npmjs.org/"},"version":"1.3.3","gitHead":"77117140e89b6cebed58d5a398910de2609bc7aa","bugs":{"url":"https://github.com/raptorjs/async-writer/issues"},"homepage":"https://github.com/raptorjs/async-writer","_id":"async-writer@1.3.3","_shasum":"a299ace48c9bad6c6ce29330a45586a9ec8defd7","_from":".","_npmVersion":"2.0.2","_nodeVersion":"0.10.32","_npmUser":{"name":"pnidem","email":"pnidem@gmail.com"},"dist":{"shasum":"a299ace48c9bad6c6ce29330a45586a9ec8defd7","tarball":"https://registry.npmjs.org/async-writer/-/async-writer-1.3.3.tgz"},"directories":{}},"1.3.4":{"name":"async-writer","description":"The async-writer module makes it possible to asynchronously write data to an output stream while still flushing out bytes in the correct order","repository":{"type":"git","url":"https://github.com/raptorjs/async-writer.git"},"scripts":{"test":"mocha --ui bdd --reporter spec  ./test"},"author":{"name":"Patrick Steele-Idem","email":"pnidem@gmail.com"},"maintainers":[{"name":"pnidem","email":"pnidem@gmail.com"},{"name":"philidem","email":"phillip.idem@gmail.com"}],"dependencies":{"events":"^1.0.2"},"devDependencies":{"mocha":"~1.15.1","chai":"~1.8.1","through":"^2.3.4"},"license":"Apache License v2.0","bin":{},"main":"lib/async-writer.js","publishConfig":{"registry":"https://registry.npmjs.org/"},"version":"1.3.4","gitHead":"00679880bd8543838fb81809aba9e3e0af2af2b1","bugs":{"url":"https://github.com/raptorjs/async-writer/issues"},"homepage":"https://github.com/raptorjs/async-writer","_id":"async-writer@1.3.4","_shasum":"62457086d1650166c609ecc5cb52cd67a8a3e9b1","_from":".","_npmVersion":"2.0.2","_nodeVersion":"0.10.32","_npmUser":{"name":"pnidem","email":"pnidem@gmail.com"},"dist":{"shasum":"62457086d1650166c609ecc5cb52cd67a8a3e9b1","tarball":"https://registry.npmjs.org/async-writer/-/async-writer-1.3.4.tgz"},"directories":{}},"1.3.5":{"name":"async-writer","description":"The async-writer module makes it possible to asynchronously write data to an output stream while still flushing out bytes in the correct order","repository":{"type":"git","url":"https://github.com/raptorjs/async-writer.git"},"scripts":{"test":"mocha --ui bdd --reporter spec  ./test"},"author":{"name":"Patrick Steele-Idem","email":"pnidem@gmail.com"},"maintainers":[{"name":"pnidem","email":"pnidem@gmail.com"},{"name":"philidem","email":"phillip.idem@gmail.com"}],"dependencies":{"events":"^1.0.2"},"devDependencies":{"mocha":"~1.15.1","chai":"~1.8.1","through":"^2.3.4"},"license":"Apache License v2.0","bin":{},"main":"lib/async-writer.js","publishConfig":{"registry":"https://registry.npmjs.org/"},"version":"1.3.5","gitHead":"4e8211e9396143787101964983b7f3ffd0094f1c","bugs":{"url":"https://github.com/raptorjs/async-writer/issues"},"homepage":"https://github.com/raptorjs/async-writer","_id":"async-writer@1.3.5","_shasum":"0ba7669c19d86c927fbfc478b3db3dd46a5a7b88","_from":".","_npmVersion":"1.4.28","_npmUser":{"name":"pnidem","email":"pnidem@gmail.com"},"dist":{"shasum":"0ba7669c19d86c927fbfc478b3db3dd46a5a7b88","tarball":"https://registry.npmjs.org/async-writer/-/async-writer-1.3.5.tgz"},"directories":{}},"1.3.7":{"name":"async-writer","description":"The async-writer module makes it possible to asynchronously write data to an output stream while still flushing out bytes in the correct order","repository":{"type":"git","url":"https://github.com/raptorjs/async-writer.git"},"scripts":{"test":"mocha --ui bdd --reporter spec  ./test"},"author":{"name":"Patrick Steele-Idem","email":"pnidem@gmail.com"},"maintainers":[{"name":"pnidem","email":"pnidem@gmail.com"},{"name":"philidem","email":"phillip.idem@gmail.com"}],"dependencies":{"events":"^1.0.2"},"devDependencies":{"mocha":"~1.15.1","chai":"~1.8.1","through":"^2.3.4"},"license":"Apache License v2.0","bin":{},"main":"lib/async-writer.js","publishConfig":{"registry":"https://registry.npmjs.org/"},"version":"1.3.7","gitHead":"1a8c1b681b7abf8be00e9fa50c5df84bbbb7b894","bugs":{"url":"https://github.com/raptorjs/async-writer/issues"},"homepage":"https://github.com/raptorjs/async-writer","_id":"async-writer@1.3.7","_shasum":"0f11bce6ce53d9b017724dd3371b554d5f687fc2","_from":".","_npmVersion":"1.4.28","_npmUser":{"name":"pnidem","email":"pnidem@gmail.com"},"dist":{"shasum":"0f11bce6ce53d9b017724dd3371b554d5f687fc2","tarball":"https://registry.npmjs.org/async-writer/-/async-writer-1.3.7.tgz"},"directories":{}},"1.3.9":{"name":"async-writer","description":"The async-writer module makes it possible to asynchronously write data to an output stream while still flushing out bytes in the correct order","repository":{"type":"git","url":"https://github.com/raptorjs/async-writer.git"},"scripts":{"test":"mocha --ui bdd --reporter spec  ./test"},"author":{"name":"Patrick Steele-Idem","email":"pnidem@gmail.com"},"maintainers":[{"name":"pnidem","email":"pnidem@gmail.com"},{"name":"philidem","email":"phillip.idem@gmail.com"}],"dependencies":{"events":"^1.0.2"},"devDependencies":{"mocha":"~1.15.1","chai":"~1.8.1","through":"^2.3.4"},"license":"Apache License v2.0","bin":{},"main":"lib/async-writer.js","publishConfig":{"registry":"https://registry.npmjs.org/"},"version":"1.3.9","gitHead":"5f57f3808d18ee9452d940fc2466fc4dcc0d0c6a","bugs":{"url":"https://github.com/raptorjs/async-writer/issues"},"homepage":"https://github.com/raptorjs/async-writer","_id":"async-writer@1.3.9","_shasum":"9977d9ea835088fd5f134436cbf4ceae62edcad8","_from":".","_npmVersion":"1.4.28","_npmUser":{"name":"pnidem","email":"pnidem@gmail.com"},"dist":{"shasum":"9977d9ea835088fd5f134436cbf4ceae62edcad8","tarball":"https://registry.npmjs.org/async-writer/-/async-writer-1.3.9.tgz"},"directories":{}},"1.4.0":{"name":"async-writer","description":"The async-writer module makes it possible to asynchronously write data to an output stream while still flushing out bytes in the correct order","repository":{"type":"git","url":"https://github.com/raptorjs/async-writer.git"},"scripts":{"test":"mocha --ui bdd --reporter spec  ./test"},"author":{"name":"Patrick Steele-Idem","email":"pnidem@gmail.com"},"maintainers":[{"name":"pnidem","email":"pnidem@gmail.com"},{"name":"philidem","email":"phillip.idem@gmail.com"}],"dependencies":{"events":"^1.0.2"},"devDependencies":{"chai":"~1.8.1","mocha":"~1.15.1","through":"^2.3.4","through2":"^0.6.5"},"license":"Apache License v2.0","bin":{},"main":"lib/async-writer.js","publishConfig":{"registry":"https://registry.npmjs.org/"},"version":"1.4.0","gitHead":"21aae7ad6eac5c58b732731f82c206455693c36e","bugs":{"url":"https://github.com/raptorjs/async-writer/issues"},"homepage":"https://github.com/raptorjs/async-writer","_id":"async-writer@1.4.0","_shasum":"7d4c350595cc1187b703547adeb9c3e82c74c518","_from":".","_npmVersion":"1.4.28","_npmUser":{"name":"pnidem","email":"pnidem@gmail.com"},"dist":{"shasum":"7d4c350595cc1187b703547adeb9c3e82c74c518","tarball":"https://registry.npmjs.org/async-writer/-/async-writer-1.4.0.tgz"},"directories":{}},"1.4.1":{"name":"async-writer","description":"The async-writer module makes it possible to asynchronously write data to an output stream while still flushing out bytes in the correct order","repository":{"type":"git","url":"https://github.com/marko-js/async-writer.git"},"scripts":{"test":"mocha --ui bdd --reporter spec  ./test"},"author":{"name":"Patrick Steele-Idem","email":"pnidem@gmail.com"},"maintainers":[{"name":"pnidem","email":"pnidem@gmail.com"},{"name":"philidem","email":"phillip.idem@gmail.com"}],"dependencies":{"events":"^1.0.2"},"devDependencies":{"chai":"~1.8.1","mocha":"~1.15.1","through":"^2.3.4","through2":"^0.6.5"},"license":"Apache License v2.0","bin":{},"main":"lib/async-writer.js","publishConfig":{"registry":"https://registry.npmjs.org/"},"version":"1.4.1","gitHead":"5ef039139041fb40aadcdc0b7a10eb7d3d3a48b5","bugs":{"url":"https://github.com/marko-js/async-writer/issues"},"homepage":"https://github.com/marko-js/async-writer","_id":"async-writer@1.4.1","_shasum":"97a87e523c71d1ba2f2411f8d3e4ba945b43b286","_from":".","_npmVersion":"1.4.28","_npmUser":{"name":"pnidem","email":"pnidem@gmail.com"},"dist":{"shasum":"97a87e523c71d1ba2f2411f8d3e4ba945b43b286","tarball":"https://registry.npmjs.org/async-writer/-/async-writer-1.4.1.tgz"},"directories":{}},"1.4.2":{"name":"async-writer","description":"The async-writer module makes it possible to asynchronously write data to an output stream while still flushing out bytes in the correct order","repository":{"type":"git","url":"git+https://github.com/marko-js/async-writer.git"},"scripts":{"test":"mocha --ui bdd --reporter spec  ./test"},"author":{"name":"Patrick Steele-Idem","email":"pnidem@gmail.com"},"maintainers":[{"name":"pnidem","email":"pnidem@gmail.com"},{"name":"philidem","email":"phillip.idem@gmail.com"}],"dependencies":{"events":"^1.0.2"},"devDependencies":{"chai":"~1.8.1","mocha":"~1.15.1","through":"^2.3.4","through2":"^0.6.5"},"license":"Apache License v2.0","bin":{},"main":"src/index.js","publishConfig":{"registry":"https://registry.npmjs.org/"},"version":"1.4.2","gitHead":"a1844670c09022b919a926a9e0caf6052ab17e2c","bugs":{"url":"https://github.com/marko-js/async-writer/issues"},"homepage":"https://github.com/marko-js/async-writer#readme","_id":"async-writer@1.4.2","_shasum":"915198181e45fe78d0d7bda364ead093aefd72c3","_from":".","_npmVersion":"3.8.6","_nodeVersion":"6.0.0","_npmUser":{"name":"pnidem","email":"pnidem@gmail.com"},"dist":{"shasum":"915198181e45fe78d0d7bda364ead093aefd72c3","tarball":"https://registry.npmjs.org/async-writer/-/async-writer-1.4.2.tgz"},"_npmOperationalInternal":{"host":"packages-12-west.internal.npmjs.com","tmp":"tmp/async-writer-1.4.2.tgz_1464290348617_0.9315204110462219"},"directories":{}},"1.4.3":{"name":"async-writer","description":"The async-writer module makes it possible to asynchronously write data to an output stream while still flushing out bytes in the correct order","repository":{"type":"git","url":"git+https://github.com/marko-js/async-writer.git"},"scripts":{"test":"npm run mocha && npm run jshint","mocha":"mocha --ui bdd --reporter spec ./test/","mocha-debug":"node-debug _mocha ./test/","jshint":"jshint src/"},"author":{"name":"Patrick Steele-Idem","email":"pnidem@gmail.com"},"maintainers":[{"name":"mlrawlings","email":"ml.rawlings@gmail.com"},{"name":"philidem","email":"phillip.idem@gmail.com"},{"name":"pnidem","email":"pnidem@gmail.com"}],"dependencies":{"events":"^1.0.2"},"devDependencies":{"chai":"~1.8.1","jshint":"^2.9.3","mocha":"~1.15.1","through":"^2.3.4","through2":"^0.6.5"},"license":"Apache-2.0","bin":{},"main":"src/index.js","publishConfig":{"registry":"https://registry.npmjs.org/"},"version":"1.4.3","gitHead":"2c73737124a8fba159aa22db05f2bedfc6dae6b6","bugs":{"url":"https://github.com/marko-js/async-writer/issues"},"homepage":"https://github.com/marko-js/async-writer#readme","_id":"async-writer@1.4.3","_shasum":"ecff5fe148cfdf2ff3fc216195b16bbed1030dbb","_from":".","_npmVersion":"2.15.1","_nodeVersion":"4.4.3","_npmUser":{"name":"pnidem","email":"pnidem@gmail.com"},"dist":{"shasum":"ecff5fe148cfdf2ff3fc216195b16bbed1030dbb","tarball":"https://registry.npmjs.org/async-writer/-/async-writer-1.4.3.tgz"},"_npmOperationalInternal":{"host":"packages-16-east.internal.npmjs.com","tmp":"tmp/async-writer-1.4.3.tgz_1472656878509_0.03495861263945699"},"directories":{}},"1.4.4":{"name":"async-writer","description":"The async-writer module makes it possible to asynchronously write data to an output stream while still flushing out bytes in the correct order","repository":{"type":"git","url":"git+https://github.com/marko-js/async-writer.git"},"scripts":{"test":"npm run mocha && npm run jshint","mocha":"mocha --ui bdd --reporter spec ./test/","mocha-debug":"node-debug _mocha ./test/","jshint":"jshint src/"},"author":{"name":"Patrick Steele-Idem","email":"pnidem@gmail.com"},"maintainers":[{"name":"mlrawlings","email":"ml.rawlings@gmail.com"},{"name":"philidem","email":"phillip.idem@gmail.com"},{"name":"pnidem","email":"pnidem@gmail.com"}],"dependencies":{"events":"^1.0.2"},"devDependencies":{"chai":"~1.8.1","jshint":"^2.9.3","mocha":"~1.15.1","through":"^2.3.4","through2":"^0.6.5"},"license":"Apache-2.0","bin":{},"main":"src/index.js","publishConfig":{"registry":"https://registry.npmjs.org/"},"version":"1.4.4","gitHead":"328cbb535b412024b782a9dcc4e6d10c85369bae","bugs":{"url":"https://github.com/marko-js/async-writer/issues"},"homepage":"https://github.com/marko-js/async-writer#readme","_id":"async-writer@1.4.4","_shasum":"228f63ea3f337a861e71e0f4fe6bbb3e516e8ba6","_from":".","_npmVersion":"2.15.1","_nodeVersion":"4.4.3","_npmUser":{"name":"pnidem","email":"pnidem@gmail.com"},"dist":{"shasum":"228f63ea3f337a861e71e0f4fe6bbb3e516e8ba6","tarball":"https://registry.npmjs.org/async-writer/-/async-writer-1.4.4.tgz"},"_npmOperationalInternal":{"host":"packages-12-west.internal.npmjs.com","tmp":"tmp/async-writer-1.4.4.tgz_1472657626332_0.34096558461897075"},"directories":{}},"2.0.0":{"name":"async-writer","description":"The async-writer module makes it possible to asynchronously write data to an output stream while still flushing out bytes in the correct order","repository":{"type":"git","url":"git+https://github.com/marko-js/async-writer.git"},"scripts":{"test":"mocha --ui bdd --reporter spec  ./test"},"author":{"name":"Patrick Steele-Idem","email":"pnidem@gmail.com"},"maintainers":[{"name":"mlrawlings","email":"ml.rawlings@gmail.com"},{"name":"philidem","email":"phillip.idem@gmail.com"},{"name":"pnidem","email":"pnidem@gmail.com"}],"dependencies":{"events":"^1.0.2"},"devDependencies":{"chai":"~1.8.1","mocha":"~1.15.1","through":"^2.3.4","through2":"^0.6.5"},"license":"Apache License v2.0","bin":{},"main":"src/index.js","publishConfig":{"registry":"https://registry.npmjs.org/"},"version":"2.0.0","gitHead":"27e44a07e9967b660393fbb3c5c3fa95dc16cd0c","bugs":{"url":"https://github.com/marko-js/async-writer/issues"},"homepage":"https://github.com/marko-js/async-writer#readme","_id":"async-writer@2.0.0","_shasum":"07860b14738e7a2755bda77e93fe7a2438dc7b5c","_from":".","_npmVersion":"3.10.3","_nodeVersion":"6.7.0","_npmUser":{"name":"mlrawlings","email":"ml.rawlings@gmail.com"},"dist":{"shasum":"07860b14738e7a2755bda77e93fe7a2438dc7b5c","tarball":"https://registry.npmjs.org/async-writer/-/async-writer-2.0.0.tgz"},"_npmOperationalInternal":{"host":"packages-12-west.internal.npmjs.com","tmp":"tmp/async-writer-2.0.0.tgz_1476318449491_0.16429804475046694"},"directories":{}},"2.0.1":{"name":"async-writer","description":"The async-writer module makes it possible to asynchronously write data to an output stream while still flushing out bytes in the correct order","repository":{"type":"git","url":"git+https://github.com/marko-js/async-writer.git"},"scripts":{"test":"npm run mocha && npm run jshint","mocha":"mocha --ui bdd --reporter spec ./test/","mocha-debug":"node-debug _mocha ./test/","jshint":"jshint src/"},"author":{"name":"Patrick Steele-Idem","email":"pnidem@gmail.com"},"maintainers":[{"name":"mlrawlings","email":"ml.rawlings@gmail.com"},{"name":"philidem","email":"phillip.idem@gmail.com"},{"name":"pnidem","email":"pnidem@gmail.com"}],"dependencies":{"events":"^1.0.2"},"devDependencies":{"chai":"~1.8.1","jshint":"^2.9.3","mocha":"~1.15.1","through":"^2.3.4","through2":"^0.6.5"},"license":"Apache-2.0","bin":{},"main":"src/index.js","publishConfig":{"registry":"https://registry.npmjs.org/"},"version":"2.0.1","gitHead":"c2fc225df3eb6ff2b95f7c7c17c4296b10f85339","bugs":{"url":"https://github.com/marko-js/async-writer/issues"},"homepage":"https://github.com/marko-js/async-writer#readme","_id":"async-writer@2.0.1","_shasum":"2a797dc091ed6c2f268144073fda332daee2ff62","_from":".","_npmVersion":"2.15.1","_nodeVersion":"4.4.3","_npmUser":{"name":"mlrawlings","email":"ml.rawlings@gmail.com"},"dist":{"shasum":"2a797dc091ed6c2f268144073fda332daee2ff62","tarball":"https://registry.npmjs.org/async-writer/-/async-writer-2.0.1.tgz"},"_npmOperationalInternal":{"host":"packages-12-west.internal.npmjs.com","tmp":"tmp/async-writer-2.0.1.tgz_1476387430315_0.8885103021748364"},"directories":{}},"2.1.0":{"name":"async-writer","description":"The async-writer module makes it possible to asynchronously write data to an output stream while still flushing out bytes in the correct order","repository":{"type":"git","url":"git+https://github.com/marko-js/async-writer.git"},"scripts":{"test":"npm run mocha && npm run jshint","mocha":"mocha --ui bdd --reporter spec ./test/","mocha-debug":"node-debug _mocha ./test/","jshint":"jshint src/"},"author":{"name":"Patrick Steele-Idem","email":"pnidem@gmail.com"},"maintainers":[{"name":"mlrawlings","email":"ml.rawlings@gmail.com"},{"name":"philidem","email":"phillip.idem@gmail.com"},{"name":"pnidem","email":"pnidem@gmail.com"}],"dependencies":{"events":"^1.0.2"},"devDependencies":{"chai":"~1.8.1","jshint":"^2.9.3","mocha":"~1.15.1","through":"^2.3.4","through2":"^0.6.5"},"license":"Apache-2.0","bin":{},"main":"src/index.js","publishConfig":{"registry":"https://registry.npmjs.org/"},"version":"2.1.0","gitHead":"4e7a2d416bc93b1229ff26d0fa2748996662c921","bugs":{"url":"https://github.com/marko-js/async-writer/issues"},"homepage":"https://github.com/marko-js/async-writer#readme","_id":"async-writer@2.1.0","_shasum":"e0116c1169eb9362e45e6aae45115171f0df328a","_from":".","_npmVersion":"2.15.9","_nodeVersion":"4.5.0","_npmUser":{"name":"pnidem","email":"pnidem@gmail.com"},"dist":{"shasum":"e0116c1169eb9362e45e6aae45115171f0df328a","tarball":"https://registry.npmjs.org/async-writer/-/async-writer-2.1.0.tgz"},"_npmOperationalInternal":{"host":"packages-16-east.internal.npmjs.com","tmp":"tmp/async-writer-2.1.0.tgz_1476391816843_0.03020735364407301"},"directories":{}},"2.1.1":{"name":"async-writer","description":"The async-writer module makes it possible to asynchronously write data to an output stream while still flushing out bytes in the correct order","repository":{"type":"git","url":"git+https://github.com/marko-js/async-writer.git"},"scripts":{"test":"npm run mocha && npm run jshint","mocha":"mocha --ui bdd --reporter spec ./test/","mocha-debug":"node-debug _mocha ./test/","jshint":"jshint src/"},"author":{"name":"Patrick Steele-Idem","email":"pnidem@gmail.com"},"maintainers":[{"name":"mlrawlings","email":"ml.rawlings@gmail.com"},{"name":"philidem","email":"phillip.idem@gmail.com"},{"name":"pnidem","email":"pnidem@gmail.com"}],"dependencies":{"events":"^1.0.2"},"devDependencies":{"chai":"~1.8.1","jshint":"^2.9.3","mocha":"~1.15.1","through":"^2.3.4","through2":"^0.6.5"},"license":"Apache-2.0","bin":{},"main":"src/index.js","publishConfig":{"registry":"https://registry.npmjs.org/"},"version":"2.1.1","gitHead":"43804fe6932dae837e3a6a1ad2ba78e320aa19c6","bugs":{"url":"https://github.com/marko-js/async-writer/issues"},"homepage":"https://github.com/marko-js/async-writer#readme","_id":"async-writer@2.1.1","_shasum":"1b764ed788489700b30ab465b7e0447789908cae","_from":".","_npmVersion":"2.15.9","_nodeVersion":"4.5.0","_npmUser":{"name":"pnidem","email":"pnidem@gmail.com"},"dist":{"shasum":"1b764ed788489700b30ab465b7e0447789908cae","tarball":"https://registry.npmjs.org/async-writer/-/async-writer-2.1.1.tgz"},"_npmOperationalInternal":{"host":"packages-12-west.internal.npmjs.com","tmp":"tmp/async-writer-2.1.1.tgz_1476401026720_0.38042298681102693"},"directories":{}},"1.4.5":{"name":"async-writer","description":"The async-writer module makes it possible to asynchronously write data to an output stream while still flushing out bytes in the correct order","repository":{"type":"git","url":"git+https://github.com/marko-js/async-writer.git"},"scripts":{"test":"mocha --ui bdd --reporter spec  ./test"},"author":{"name":"Patrick Steele-Idem","email":"pnidem@gmail.com"},"maintainers":[{"name":"mlrawlings","email":"ml.rawlings@gmail.com"},{"name":"philidem","email":"phillip.idem@gmail.com"},{"name":"pnidem","email":"pnidem@gmail.com"}],"dependencies":{"events":"^1.0.2"},"devDependencies":{"chai":"~1.8.1","mocha":"~1.15.1","through":"^2.3.4","through2":"^0.6.5"},"license":"Apache License v2.0","bin":{},"main":"src/index.js","publishConfig":{"registry":"https://registry.npmjs.org/"},"version":"1.4.5","gitHead":"149392350bf21aa658b2c30e6d91c2eba4139b3c","bugs":{"url":"https://github.com/marko-js/async-writer/issues"},"homepage":"https://github.com/marko-js/async-writer#readme","_id":"async-writer@1.4.5","_shasum":"8a5527b9493e59f7f31a4a47184e0ea12ebf283f","_from":".","_npmVersion":"2.15.1","_nodeVersion":"4.4.3","_npmUser":{"name":"mlrawlings","email":"ml.rawlings@gmail.com"},"dist":{"shasum":"8a5527b9493e59f7f31a4a47184e0ea12ebf283f","tarball":"https://registry.npmjs.org/async-writer/-/async-writer-1.4.5.tgz"},"_npmOperationalInternal":{"host":"packages-12-west.internal.npmjs.com","tmp":"tmp/async-writer-1.4.5.tgz_1476516846160_0.7428318639285862"},"directories":{}}},"readme":"async-writer\n============\n\nThe `async-writer` module makes it possible to asynchronously write to an output stream while still flushing out bytes in the correct order. That is, the `async-writer` module allows you to write parts of a stream out of order and the `async-writer` module does the hard work of ensuring that the output bytes are flushed in the correct order. Content that is written before it is ready to be flushed is buffered and immediately flushed as soon it is ready.\n\nAn async writer is helpful if during writing you have to wait for an asynchronous operation to complete before writing to part of a stream. As an example, you might start writing a page to produce HTML and then get to a part of the page that depends on data that has not yet been loaded. With that use case, you can continue to write the remainder of the page and still pipe out the stream to the response. The async writer will ensure that the bytes are flushed out in the correct order.\n\n# Installation\n\n```\nnpm install async-writer --save\n```\n\n# Usage\n\nThe simplest usage of an async writer is shown below:\n\n```javascript\nvar through = require('through');\n\nvar output = '';\nvar stream = through(function write(data) {\n        output += data;\n    });\n\nvar out = require('async-writer').create(stream)\n    .on('error', function(err) {\n        // Something went wrong during writing\n    })\n    .on('end', function() {\n        // Value of output: \"ABC\"\n    });\n\nout.write('A');\nout.write('B');\nout.write('C');\nout.end();\n```\n\nAsynchronous, out-of-order writing to an output stream is shown below:\n\n```javascript\nvar through = require('through');\n\nvar output = '';\nvar stream = through(function write(data) {\n        output += data;\n    });\n\nvar out = require('async-writer').create(stream)\n    .on('error', function(err) {\n        // Something went wrong during writing\n    })\n    .on('end', function() {\n        // Value of output: \"ABC\"\n    });\n\nout.write('A');\n\nvar asyncOut = out.beginAsync();\nsetTimeout(function() {\n    asyncOut.write('B');\n    asyncOut.end();\n}, 1000);\n\nout.write('C');\nout.end();\n```\n\nYou can also pipe another stream to a async writer. For example, the following code illustrates how multiple templates could be written to the same async writer:\n\n```javascript\nvar through = require('through');\n\nvar output = '';\nvar stream = through(function write(data) {\n        output += data;\n    });\n\nvar out = require('async-writer').create(stream)\n    .on('error', function(err) {\n        // Something went wrong during writing\n    })\n    .on('end', function() {\n        // Value of output: \"ABC\"\n    });\n\nout.write('A');\n\nvar asyncOut = out.beginAsync();\nrequire('fs').createReadStream('b.txt', 'utf8')\n    .pipe(asyncOut);\n\nout.write('C');\nout.end();\n```\n","maintainers":[{"name":"mlrawlings","email":"ml.rawlings@gmail.com"},{"name":"philidem","email":"phillip.idem@gmail.com"},{"name":"pnidem","email":"pnidem@gmail.com"}],"time":{"modified":"2016-10-15T07:34:06.396Z","created":"2014-09-19T15:09:56.864Z","1.1.0":"2014-09-19T15:09:56.864Z","1.1.1":"2014-09-22T19:45:51.697Z","1.1.2":"2014-09-25T16:55:09.130Z","1.1.3":"2014-10-08T03:32:50.812Z","1.2.0":"2014-10-09T03:30:18.262Z","1.2.1":"2014-10-09T03:32:08.675Z","1.2.2":"2014-10-13T22:26:00.801Z","1.2.3":"2014-10-15T05:37:31.263Z","1.2.4":"2014-10-15T06:28:51.276Z","1.2.5":"2014-11-04T16:03:38.405Z","1.3.0":"2014-11-05T22:49:59.933Z","1.3.1":"2014-11-17T17:42:45.548Z","1.3.2":"2014-11-25T21:16:31.021Z","1.3.3":"2014-12-11T21:43:43.143Z","1.3.4":"2015-01-16T18:30:19.083Z","1.3.5":"2015-02-11T22:32:35.667Z","1.3.6":"2015-02-21T00:33:49.775Z","1.3.7":"2015-02-21T00:56:52.332Z","1.3.8":"2015-02-24T06:42:55.079Z","1.3.9":"2015-02-24T07:16:02.059Z","1.4.0":"2015-05-27T17:04:56.190Z","1.4.1":"2015-07-24T17:59:44.711Z","1.4.2":"2016-05-26T19:19:11.160Z","1.4.3":"2016-08-31T15:21:20.318Z","1.4.4":"2016-08-31T15:33:48.039Z","2.0.0":"2016-10-13T00:27:31.070Z","2.0.1":"2016-10-13T19:37:11.844Z","2.1.0":"2016-10-13T20:50:17.867Z","2.1.1":"2016-10-13T23:23:48.560Z","1.4.5":"2016-10-15T07:34:06.396Z"},"homepage":"https://github.com/marko-js/async-writer#readme","repository":{"type":"git","url":"git+https://github.com/marko-js/async-writer.git"},"author":{"name":"Patrick Steele-Idem","email":"pnidem@gmail.com"},"bugs":{"url":"https://github.com/marko-js/async-writer/issues"},"license":"Apache License v2.0","readmeFilename":"README.md","_attachments":{},"_etag":"\"5B5U5PBJCSJTQ9L7OLBA0Z5K0\"","_cached":true}