{"_id":"css-select","_rev":"6-02d6aef88312d68507b93598f7d2435d","name":"css-select","description":"a CSS selector compiler/engine","dist-tags":{"latest":"1.2.0"},"versions":{"1.0.0":{"name":"css-select","version":"1.0.0","description":"a CSS selector compiler/engine","author":{"name":"Felix Boehm","email":"me@feedic.com"},"keywords":["css","selector","sizzle"],"repository":{"type":"git","url":"git://github.com/fb55/css-select.git"},"files":["index.js","lib"],"dependencies":{"css-what":"1.0","domutils":"1.4","boolbase":"~1.0.0","nth-check":"~1.0.0"},"devDependencies":{"htmlparser2":"*","cheerio-soupselect":"*","mocha":"*","mocha-lcov-reporter":"*","coveralls":"*","istanbul":"*","expect.js":"*","jshint":"2"},"scripts":{"test":"mocha && npm run lint","lint":"jshint index.js lib/*.js test/*.js","lcov":"istanbul cover _mocha --report lcovonly -- -R spec","coveralls":"npm run lint && npm run lcov && (cat coverage/lcov.info | coveralls || exit 0)"},"license":"BSD-like","jshintConfig":{"eqeqeq":true,"freeze":true,"latedef":"nofunc","noarg":true,"nonbsp":true,"quotmark":"double","undef":true,"unused":true,"trailing":true,"eqnull":true,"proto":true,"smarttabs":true,"node":true,"globals":{"describe":true,"it":true}},"gitHead":"c73512d9b5b4dc3f537702283143c9463b4f7d7d","bugs":{"url":"https://github.com/fb55/css-select/issues"},"homepage":"https://github.com/fb55/css-select","_id":"css-select@1.0.0","_shasum":"b1121ca51848dd264e2244d058cee254deeb44b0","_from":".","_npmVersion":"2.4.1","_nodeVersion":"1.0.4","_npmUser":{"name":"feedic","email":"me@feedic.com"},"maintainers":[{"name":"feedic","email":"me@feedic.com"}],"dist":{"shasum":"b1121ca51848dd264e2244d058cee254deeb44b0","tarball":"https://registry.npmjs.org/css-select/-/css-select-1.0.0.tgz"},"directories":{}},"1.1.0":{"name":"css-select","version":"1.1.0","description":"a CSS selector compiler/engine","author":{"name":"Felix Boehm","email":"me@feedic.com"},"keywords":["css","selector","sizzle"],"repository":{"type":"git","url":"git://github.com/fb55/css-select.git"},"files":["index.js","lib"],"dependencies":{"css-what":"2.0","domutils":"1.4","boolbase":"~1.0.0","nth-check":"~1.0.0"},"devDependencies":{"htmlparser2":"*","cheerio-soupselect":"*","mocha":"*","mocha-lcov-reporter":"*","coveralls":"*","istanbul":"*","expect.js":"*","jshint":"2"},"scripts":{"test":"mocha && npm run lint","lint":"jshint index.js lib/*.js test/*.js","lcov":"istanbul cover _mocha --report lcovonly -- -R spec","coveralls":"npm run lint && npm run lcov && (cat coverage/lcov.info | coveralls || exit 0)"},"license":"BSD-like","jshintConfig":{"eqeqeq":true,"freeze":true,"latedef":"nofunc","noarg":true,"nonbsp":true,"quotmark":"double","undef":true,"unused":true,"trailing":true,"eqnull":true,"proto":true,"smarttabs":true,"node":true,"globals":{"describe":true,"it":true}},"gitHead":"e38c2ca1a2eb56a3cf856d517cce0075ffc137d1","bugs":{"url":"https://github.com/fb55/css-select/issues"},"homepage":"https://github.com/fb55/css-select","_id":"css-select@1.1.0","_shasum":"b51ec9c7d0ab50b9fcd61e529504387b1202d6c4","_from":".","_npmVersion":"2.6.1","_nodeVersion":"1.4.2","_npmUser":{"name":"feedic","email":"me@feedic.com"},"maintainers":[{"name":"feedic","email":"me@feedic.com"}],"dist":{"shasum":"b51ec9c7d0ab50b9fcd61e529504387b1202d6c4","tarball":"https://registry.npmjs.org/css-select/-/css-select-1.1.0.tgz"},"directories":{}},"1.2.0":{"name":"css-select","version":"1.2.0","description":"a CSS selector compiler/engine","author":{"name":"Felix Boehm","email":"me@feedic.com"},"keywords":["css","selector","sizzle"],"repository":{"type":"git","url":"git://github.com/fb55/css-select.git"},"files":["index.js","lib"],"dependencies":{"css-what":"2.1","domutils":"1.5.1","boolbase":"~1.0.0","nth-check":"~1.0.1"},"devDependencies":{"htmlparser2":"*","cheerio-soupselect":"*","mocha":"*","mocha-lcov-reporter":"*","coveralls":"*","istanbul":"*","expect.js":"*","jshint":"2"},"scripts":{"test":"mocha && npm run lint","lint":"jshint index.js lib/*.js test/*.js","lcov":"istanbul cover _mocha --report lcovonly -- -R spec","coveralls":"npm run lint && npm run lcov && (cat coverage/lcov.info | coveralls || exit 0)"},"license":"BSD-like","jshintConfig":{"eqeqeq":true,"freeze":true,"latedef":"nofunc","noarg":true,"nonbsp":true,"quotmark":"double","undef":true,"unused":true,"trailing":true,"eqnull":true,"proto":true,"smarttabs":true,"node":true,"globals":{"describe":true,"it":true}},"gitHead":"09c405d8296bd97a660256604d8cdfb23fca47b6","bugs":{"url":"https://github.com/fb55/css-select/issues"},"homepage":"https://github.com/fb55/css-select#readme","_id":"css-select@1.2.0","_shasum":"2b3a110539c5355f1cd8d314623e870b121ec858","_from":".","_npmVersion":"3.3.9","_nodeVersion":"5.0.0","_npmUser":{"name":"feedic","email":"me@feedic.com"},"maintainers":[{"name":"feedic","email":"me@feedic.com"}],"dist":{"shasum":"2b3a110539c5355f1cd8d314623e870b121ec858","tarball":"https://registry.npmjs.org/css-select/-/css-select-1.2.0.tgz"},"directories":{}}},"readme":"# css-select [![NPM version](http://img.shields.io/npm/v/css-select.svg)](https://npmjs.org/package/css-select) [![Build Status](https://travis-ci.org/fb55/css-select.svg?branch=master)](http://travis-ci.org/fb55/css-select) [![Downloads](https://img.shields.io/npm/dm/css-select.svg)](https://npmjs.org/package/css-select) [![Coverage](https://coveralls.io/repos/fb55/css-select/badge.svg?branch=master)](https://coveralls.io/r/fb55/css-select)\n\na CSS selector compiler/engine\n\n## What?\n\ncss-select turns CSS selectors into functions that tests if elements match them. When searching for elements, testing is executed \"from the top\", similar to how browsers execute CSS selectors.\n\nIn its default configuration, css-select queries the DOM structure of the [`domhandler`](https://github.com/fb55/domhandler) module (also known as htmlparser2 DOM).\n\n__Features:__\n\n- Full implementation of CSS3 selectors\n- Partial implementation of jQuery/Sizzle extensions\n- Very high test coverage\n- Pretty good performance\n\n## Why?\n\nThe traditional approach of executing CSS selectors, named left-to-right execution, is to execute every component of the selector in order, from left to right _(duh)_. The execution of the selector `a b` for example will first query for `a` elements, then search these for `b` elements. (That's the approach of eg. [`Sizzle`](https://github.com/jquery/sizzle), [`nwmatcher`](https://github.com/dperini/nwmatcher/) and [`qwery`](https://github.com/ded/qwery).)\n\nWhile this works, it has some downsides: Children of `a`s will be checked multiple times; first, to check if they are also `a`s, then, for every superior `a` once, if they are `b`s. Using [Big O notation](http://en.wikipedia.org/wiki/Big_O_notation), that would be `O(n^(k+1))`, where `k` is the number of descendant selectors (that's the space in the example above).\n\nThe far more efficient approach is to first look for `b` elements, then check if they have superior `a` elements: Using big O notation again, that would be `O(n)`. That's called right-to-left execution.\n\nAnd that's what css-select does – and why it's quite performant.\n\n## How does it work?\n\nBy building a stack of functions.\n\n_Wait, what?_\n\nOkay, so let's suppose we want to compile the selector `a b` again, for right-to-left execution. We start by _parsing_ the selector, which means we turn the selector into an array of the building-blocks of the selector, so we can distinguish them easily. That's what the [`css-what`](https://github.com/fb55/css-what) module is for, if you want to have a look.\n\nAnyway, after parsing, we end up with an array like this one:\n\n```js\n[\n  { type: 'tag', name: 'a' },\n  { type: 'descendant' },\n  { type: 'tag', name: 'b' }\n]\n```\n\nActually, this array is wrapped in another array, but that's another story (involving commas in selectors).\n\nNow that we know the meaning of every part of the selector, we can compile it. That's where it becomes interesting.\n\nThe basic idea is to turn every part of the selector into a function, which takes an element as its only argument. The function checks whether a passed element matches its part of the selector: If it does, the element is passed to the next turned-into-a-function part of the selector, which does the same. If an element is accepted by all parts of the selector, it _matches_ the selector and double rainbow ALL THE WAY.\n\nAs said before, we want to do right-to-left execution with all the big O improvements nonsense, so elements are passed from the rightmost part of the selector (`b` in our example) to the leftmost (~~which would be `c`~~ of course `a`).\n\n_//TODO: More in-depth description. Implementation details. Build a spaceship._\n\n## API\n\n```js\nvar CSSselect = require(\"css-select\");\n```\n\n#### `CSSselect(query, elems, options)`\n\nQueries `elems`, returns an array containing all matches.\n\n- `query` can be either a CSS selector or a function.\n- `elems` can be either an array of elements, or a single element. If it is an element, its children will be queried.\n- `options` is described below.\n\nAliases: `CSSselect.selectAll(query, elems)`, `CSSselect.iterate(query, elems)`.\n\n#### `CSSselect.compile(query)`\n\nCompiles the query, returns a function.\n\n#### `CSSselect.is(elem, query, options)`\n\nTests whether or not an element is matched by `query`. `query` can be either a CSS selector or a function.\n\n#### `CSSselect.selectOne(query, elems, options)`\n\nArguments are the same as for `CSSselect(query, elems)`. Only returns the first match, or `null` if there was no match.\n\n### Options\n\n- `xmlMode`: When enabled, tag names will be case-sensitive. Default: `false`.\n- `strict`: Limits the module to only use CSS3 selectors. Default: `false`.\n- `rootFunc`: The last function in the stack, will be called with the last element that's looked at. Should return `true`.\n\n## Supported selectors\n\n_As defined by CSS 4 and / or jQuery._\n\n* Universal (`*`)\n* Tag (`<tagname>`)\n* Descendant (` `)\n* Child (`>`)\n* Parent (`<`) *\n* Sibling (`+`)\n* Adjacent (`~`)\n* Attribute (`[attr=foo]`), with supported comparisons:\n  * `[attr]` (existential)\n  * `=`\n  * `~=`\n  * `|=`\n  * `*=`\n  * `^=`\n  * `$=`\n  * `!=` *\n  * Also, `i` can be added after the comparison to make the comparison case-insensitive (eg. `[attr=foo i]`) *\n* Pseudos:\n  * `:not`\n  * `:contains` *\n  * `:icontains` * (case-insensitive version of `:contains`)\n  * `:has` *\n  * `:root`\n  * `:empty`\n  * `:parent` *\n  * `:[first|last]-child[-of-type]`\n  * `:only-of-type`, `:only-child`\n  * `:nth-[last-]child[-of-type]`\n  * `:link`, `:visited` (the latter doesn't match any elements)\n  * `:selected` *, `:checked`\n  * `:enabled`, `:disabled`\n  * `:required`, `:optional`\n  * `:header`, `:button`, `:input`, `:text`, `:checkbox`, `:file`, `:password`, `:reset`, `:radio` etc. *\n  * `:matches` *\n\n__*__: Not part of CSS3\n\n---\n\nLicense: BSD-like\n","maintainers":[{"name":"feedic","email":"me@feedic.com"}],"time":{"modified":"2015-11-24T00:18:41.364Z","created":"2015-02-03T22:19:31.872Z","1.0.0":"2015-02-03T22:19:31.872Z","1.1.0":"2015-03-06T09:56:07.297Z","1.2.0":"2015-11-24T00:18:41.364Z"},"homepage":"https://github.com/fb55/css-select#readme","keywords":["css","selector","sizzle"],"repository":{"type":"git","url":"git://github.com/fb55/css-select.git"},"author":{"name":"Felix Boehm","email":"me@feedic.com"},"bugs":{"url":"https://github.com/fb55/css-select/issues"},"license":"BSD-like","readmeFilename":"README.md","users":{"kael":true},"_attachments":{},"_etag":"\"6P5T0CUHYUNBUAUIJP7K9T26W\""}