{"_id":"is-whitespace-character","_rev":"1-7bda43928078c8623dd20bfae93a62da","name":"is-whitespace-character","description":"Check if a character is a whitespace character","dist-tags":{"latest":"1.0.0"},"versions":{"1.0.0":{"name":"is-whitespace-character","version":"1.0.0","description":"Check if a character is a whitespace character","license":"MIT","keywords":["string","character","char","code","whitespace","white","space"],"files":["index.js"],"repository":{"type":"git","url":"git+https://github.com/wooorm/is-whitespace-character.git"},"bugs":{"url":"https://github.com/wooorm/is-whitespace-character/issues"},"author":{"name":"Titus Wormer","email":"tituswormer@gmail.com","url":"http://wooorm.com"},"contributors":[{"name":"Titus Wormer","email":"tituswormer@gmail.com","url":"http://wooorm.com"}],"dependencies":{},"devDependencies":{"browserify":"^13.0.1","esmangle":"^1.0.1","nyc":"^7.0.0","remark-cli":"^1.0.0","remark-comment-config":"^4.0.0","remark-github":"^5.0.0","remark-lint":"^4.0.0","remark-validate-links":"^4.0.0","tape":"^4.0.0","xo":"^0.16.0"},"scripts":{"build-md":"remark . --quiet --frail","build-bundle":"browserify index.js --bare -s isWhitespaceCharacter > is-whitespace-character.js","build-mangle":"esmangle < is-whitespace-character.js > is-whitespace-character.min.js","build":"npm run build-md && npm run build-bundle && npm run build-mangle","lint":"xo","test-api":"node test","test-coverage":"nyc --reporter lcov tape test.js","test":"npm run build && npm run lint && npm run test-coverage"},"xo":{"space":true,"ignores":["is-whitespace-character.js","is-whitespace-character.min.js"]},"nyc":{"check-coverage":true,"lines":100,"functions":100,"branches":100},"remarkConfig":{"output":true,"plugins":["comment-config","github","lint","validate-links"],"settings":{"bullet":"*"}},"gitHead":"e9d51189eaedeec4612985d4fef745f0596dfec0","homepage":"https://github.com/wooorm/is-whitespace-character#readme","_id":"is-whitespace-character@1.0.0","_shasum":"bbf4a83764ead0d451bec2a55218e91961adc275","_from":".","_npmVersion":"3.3.6","_nodeVersion":"5.0.0","_npmUser":{"name":"wooorm","email":"tituswormer@gmail.com"},"dist":{"shasum":"bbf4a83764ead0d451bec2a55218e91961adc275","tarball":"https://registry.npmjs.org/is-whitespace-character/-/is-whitespace-character-1.0.0.tgz"},"maintainers":[{"name":"wooorm","email":"tituswormer@gmail.com"}],"_npmOperationalInternal":{"host":"packages-12-west.internal.npmjs.com","tmp":"tmp/is-whitespace-character-1.0.0.tgz_1468316627887_0.5652096970006824"},"directories":{}}},"readme":"# is-whitespace-character [![Build Status][travis-badge]][travis] [![Coverage Status][codecov-badge]][codecov]\n\n<!--lint disable heading-increment list-item-spacing-->\n\nCheck if a character is a whitespace character: `\\s`, which equals\nall Unicode Space Separators (including `[ \\t\\v\\f]`), the BOM\n(`\\uFEFF`), and line terminator (`[\\n\\r\\u2028\\u2029]`).\n\n## Installation\n\n[npm][npm-install]:\n\n```bash\nnpm install is-whitespace-character\n```\n\n## Usage\n\n```javascript\nvar whitespace = require('is-whitespace-character');\n\nwhitespace(' '); // true\nwhitespace('\\n'); // true\nwhitespace('\\ufeff'); // true\nwhitespace('_'); // false\nwhitespace('a'); // true\nwhitespace('💩'); // false\n```\n\n## API\n\n### `whitespaceCharacter(character)`\n\nCheck whether the given character code (`number`), or the character\ncode at the first position (`string`), is a whitespace character.\n\n## Related\n\n*   [`is-alphabetical`](https://github.com/wooorm/is-alphabetical)\n*   [`is-alphanumerical`](https://github.com/wooorm/is-alphanumerical)\n*   [`is-decimal`](https://github.com/wooorm/is-decimal)\n*   [`is-hexadecimal`](https://github.com/wooorm/is-hexadecimal)\n*   [`is-word-character`](https://github.com/wooorm/is-word-character)\n\n## License\n\n[MIT][license] © [Titus Wormer][author]\n\n<!-- Definitions -->\n\n[travis-badge]: https://img.shields.io/travis/wooorm/is-whitespace-character.svg\n\n[travis]: https://travis-ci.org/wooorm/is-whitespace-character\n\n[codecov-badge]: https://img.shields.io/codecov/c/github/wooorm/is-whitespace-character.svg\n\n[codecov]: https://codecov.io/github/wooorm/is-whitespace-character\n\n[npm-install]: https://docs.npmjs.com/cli/install\n\n[license]: LICENSE\n\n[author]: http://wooorm.com\n","maintainers":[{"name":"wooorm","email":"tituswormer@gmail.com"}],"time":{"modified":"2016-07-12T09:43:48.399Z","created":"2016-07-12T09:43:48.399Z","1.0.0":"2016-07-12T09:43:48.399Z"},"homepage":"https://github.com/wooorm/is-whitespace-character#readme","keywords":["string","character","char","code","whitespace","white","space"],"repository":{"type":"git","url":"git+https://github.com/wooorm/is-whitespace-character.git"},"contributors":[{"name":"Titus Wormer","email":"tituswormer@gmail.com","url":"http://wooorm.com"}],"author":{"name":"Titus Wormer","email":"tituswormer@gmail.com","url":"http://wooorm.com"},"bugs":{"url":"https://github.com/wooorm/is-whitespace-character/issues"},"license":"MIT","readmeFilename":"readme.md","_attachments":{},"_etag":"\"AE9MOACWXUHRC4OKZ2O2HEP7G\"","_cached":true}