{"_id":"editorconfig","_rev":"27-69a27ee9eb7dde75cde8f8a5bc0611e0","name":"editorconfig","description":"EditorConfig File Locator and Interpreter for Node.js","dist-tags":{"latest":"0.13.2"},"versions":{"0.11.0":{"name":"editorconfig","version":"0.11.0","description":"EditorConfig File Locator and Interpreter for Node.js","keywords":["editorconfig","core"],"main":"editorconfig.js","directories":{"bin":"./bin","lib":"./lib"},"scripts":{"pretest":"cmake .","test":"ctest ."},"repository":{"type":"git","url":"git://github.com/editorconfig/editorconfig-core-js.git"},"bugs":"https://github.com/editorconfig/editorconfig-core-js/issues","author":{"name":"EditorConfig Team"},"license":{"type":"MIT","url":"http://editorconfig.mit-license.org/2012"},"dependencies":{"commander":"~1.1.1","lru-cache":"~2.0.0","sigmund":"~1.0.0"},"bin":{"editorconfig":"bin/editorconfig"},"_id":"editorconfig@0.11.0","dist":{"shasum":"a1d31d0caf1f76781e3045140717219708052baa","tarball":"https://registry.npmjs.org/editorconfig/-/editorconfig-0.11.0.tgz"},"_from":".","_npmVersion":"1.2.18","_npmUser":{"name":"trey","email":"trey@treyhunner.com"},"maintainers":[{"name":"trey","email":"trey@treyhunner.com"}]},"0.11.1":{"name":"editorconfig","version":"0.11.1","description":"EditorConfig File Locator and Interpreter for Node.js","keywords":["editorconfig","core"],"main":"editorconfig.js","contributors":[{"name":"Hong Xu","url":"topbug.net"},{"name":"Jed Hunsaker","email":"jed.hunsaker[at]gmail.com"},{"name":"Trey Hunner","url":"http://treyhunner.com"}],"directories":{"bin":"./bin","lib":"./lib"},"scripts":{"pretest":"cmake .","test":"ctest ."},"repository":{"type":"git","url":"git://github.com/editorconfig/editorconfig-core-js.git"},"bugs":"https://github.com/editorconfig/editorconfig-core-js/issues","author":{"name":"EditorConfig Team"},"license":{"type":"MIT","url":"http://editorconfig.mit-license.org/2012"},"dependencies":{"commander":"~1.1.1","lru-cache":"~2.0.0","sigmund":"~1.0.0"},"bin":{"editorconfig":"bin\\editorconfig"},"_id":"editorconfig@0.11.1","dist":{"shasum":"e33762ec0fad0f6adc73e25b0b49e49435d4f08d","tarball":"https://registry.npmjs.org/editorconfig/-/editorconfig-0.11.1.tgz"},"_from":".","_npmVersion":"1.2.18","_npmUser":{"name":"jedhunsaker","email":"jed.hunsaker@gmail.com"},"maintainers":[{"name":"trey","email":"trey@treyhunner.com"},{"name":"jedhunsaker","email":"jed.hunsaker@gmail.com"}]},"0.11.2":{"name":"editorconfig","version":"0.11.2","description":"EditorConfig File Locator and Interpreter for Node.js","keywords":["editorconfig","core"],"main":"editorconfig.js","contributors":[{"name":"Hong Xu","url":"topbug.net"},{"name":"Jed Hunsaker","email":"jed.hunsaker[at]gmail.com"},{"name":"Trey Hunner","url":"http://treyhunner.com"}],"directories":{"bin":"./bin","lib":"./lib"},"scripts":{"pretest":"cmake .","test":"ctest ."},"repository":{"type":"git","url":"git://github.com/editorconfig/editorconfig-core-js.git"},"bugs":"https://github.com/editorconfig/editorconfig-core-js/issues","author":{"name":"EditorConfig Team"},"license":{"type":"MIT","url":"http://editorconfig.mit-license.org/2012"},"dependencies":{"commander":"~1.1.1","lru-cache":"~2.0.0","sigmund":"~1.0.0"},"bin":{"editorconfig":"bin\\editorconfig"},"_id":"editorconfig@0.11.2","dist":{"shasum":"e85bb8c1fc4f1f1e73d0b90917ef93f39d6452f0","tarball":"https://registry.npmjs.org/editorconfig/-/editorconfig-0.11.2.tgz"},"_from":".","_npmVersion":"1.2.18","_npmUser":{"name":"jedhunsaker","email":"jed.hunsaker@gmail.com"},"maintainers":[{"name":"trey","email":"trey@treyhunner.com"},{"name":"jedhunsaker","email":"jed.hunsaker@gmail.com"}]},"0.11.3":{"name":"editorconfig","version":"0.11.3","description":"EditorConfig File Locator and Interpreter for Node.js","keywords":["editorconfig","core"],"main":"editorconfig.js","contributors":[{"name":"Hong Xu","url":"topbug.net"},{"name":"Jed Hunsaker","email":"jed.hunsaker[at]gmail.com"},{"name":"Trey Hunner","url":"http://treyhunner.com"}],"directories":{"bin":"./bin","lib":"./lib"},"scripts":{"pretest":"cmake .","test":"ctest ."},"repository":{"type":"git","url":"git://github.com/editorconfig/editorconfig-core-js.git"},"bugs":{"url":"https://github.com/editorconfig/editorconfig-core-js/issues"},"author":{"name":"EditorConfig Team"},"license":{"type":"MIT","url":"http://editorconfig.mit-license.org/2012"},"dependencies":{"commander":"~1.1.1","lru-cache":"~2.0.0","sigmund":"~1.0.0"},"bin":{"editorconfig":"bin\\editorconfig"},"_id":"editorconfig@0.11.3","dist":{"shasum":"89a4f5f73e3130280121d4b7dcde743373d3b892","tarball":"https://registry.npmjs.org/editorconfig/-/editorconfig-0.11.3.tgz"},"_from":".","_npmVersion":"1.2.25","_npmUser":{"name":"jedhunsaker","email":"jed.hunsaker@gmail.com"},"maintainers":[{"name":"trey","email":"trey@treyhunner.com"},{"name":"jedhunsaker","email":"jed.hunsaker@gmail.com"}]},"0.11.4":{"name":"editorconfig","version":"0.11.4","description":"EditorConfig File Locator and Interpreter for Node.js","keywords":["editorconfig","core"],"main":"editorconfig.js","contributors":[{"name":"Hong Xu","url":"topbug.net"},{"name":"Jed Hunsaker","email":"jed.hunsaker[at]gmail.com"},{"name":"Trey Hunner","url":"http://treyhunner.com"}],"directories":{"bin":"./bin","lib":"./lib"},"scripts":{"pretest":"cmake .","test":"ctest .","test-verbose":"ctest -VV --output-on-failure .","codepaint":"codepaint xform -e **/**.js"},"repository":{"type":"git","url":"git://github.com/editorconfig/editorconfig-core-js.git"},"bugs":{"url":"https://github.com/editorconfig/editorconfig-core-js/issues"},"author":{"name":"EditorConfig Team"},"license":{"type":"MIT","url":"http://editorconfig.mit-license.org/2012"},"dependencies":{"commander":"~1.1.1","lru-cache":"~2.0.0","sigmund":"~1.0.0"},"bin":{"editorconfig":"bin\\editorconfig"},"_id":"editorconfig@0.11.4","dist":{"shasum":"3b7dfb616280ce5b8ad32f0e4417cdf9e74ec351","tarball":"https://registry.npmjs.org/editorconfig/-/editorconfig-0.11.4.tgz"},"_from":".","_npmVersion":"1.3.8","_npmUser":{"name":"jedhunsaker","email":"jed.hunsaker@gmail.com"},"maintainers":[{"name":"trey","email":"trey@treyhunner.com"},{"name":"jedhunsaker","email":"jed.hunsaker@gmail.com"}]},"0.12.0":{"name":"editorconfig","version":"0.12.0","description":"EditorConfig File Locator and Interpreter for Node.js","keywords":["editorconfig","core"],"main":"editorconfig.js","contributors":[{"name":"Hong Xu","url":"topbug.net"},{"name":"Jed Hunsaker","email":"jed.hunsaker[at]gmail.com"},{"name":"Trey Hunner","url":"http://treyhunner.com"}],"directories":{"bin":"./bin","lib":"./lib"},"scripts":{"pretest":"cmake .","test":"ctest .","test-verbose":"ctest -VV --output-on-failure .","codepaint":"codepainter xform -e **/**.js"},"repository":{"type":"git","url":"git://github.com/editorconfig/editorconfig-core-js.git"},"bugs":{"url":"https://github.com/editorconfig/editorconfig-core-js/issues"},"author":{"name":"EditorConfig Team"},"license":{"type":"MIT","url":"http://editorconfig.mit-license.org/2012"},"dependencies":{"bluebird":"^2.3.6","commander":"~1.1.1","lru-cache":"~2.0.0","sigmund":"~1.0.0"},"devDependencies":{"codepainter":"^0.4.4"},"bin":{"editorconfig":"bin\\editorconfig"},"gitHead":"3cc3c823f78f2d6a775a1ed8726ae0818073fead","homepage":"https://github.com/editorconfig/editorconfig-core-js","_id":"editorconfig@0.12.0","_shasum":"d8e1b67211b7428d02c9e7adeca34be061c4fd34","_from":".","_npmVersion":"1.4.28","_npmUser":{"name":"jedhunsaker","email":"jed.hunsaker+npm@gmail.com"},"maintainers":[{"name":"trey","email":"trey@treyhunner.com"},{"name":"jedhunsaker","email":"jed.hunsaker@gmail.com"}],"dist":{"shasum":"d8e1b67211b7428d02c9e7adeca34be061c4fd34","tarball":"https://registry.npmjs.org/editorconfig/-/editorconfig-0.12.0.tgz"}},"0.12.1":{"name":"editorconfig","version":"0.12.1","description":"EditorConfig File Locator and Interpreter for Node.js","keywords":["editorconfig","core"],"main":"editorconfig.js","contributors":[{"name":"Hong Xu","url":"topbug.net"},{"name":"Jed Hunsaker","email":"jed.hunsaker[at]gmail.com"},{"name":"Trey Hunner","url":"http://treyhunner.com"}],"directories":{"bin":"./bin","lib":"./lib"},"scripts":{"pretest":"cmake .","test":"ctest .","test-verbose":"ctest -VV --output-on-failure .","codepaint":"codepainter xform -e **/**.js"},"repository":{"type":"git","url":"git://github.com/editorconfig/editorconfig-core-js.git"},"bugs":{"url":"https://github.com/editorconfig/editorconfig-core-js/issues"},"author":{"name":"EditorConfig Team"},"license":{"type":"MIT","url":"http://editorconfig.mit-license.org/2012"},"dependencies":{"bluebird":"^2.3.6","commander":"~1.1.1","lru-cache":"~2.0.0","sigmund":"~1.0.0"},"devDependencies":{"codepainter":"^0.4.4"},"bin":{"editorconfig":"bin/editorconfig"},"gitHead":"ffc453094b383cc5f51e7a97e56386c3ffafad88","homepage":"https://github.com/editorconfig/editorconfig-core-js","_id":"editorconfig@0.12.1","_shasum":"a70c6b9b01154ef20cd7b4e281c6841048fd3dc9","_from":".","_npmVersion":"2.1.14","_nodeVersion":"0.10.17","_npmUser":{"name":"trey","email":"trey@treyhunner.com"},"maintainers":[{"name":"trey","email":"trey@treyhunner.com"},{"name":"jedmao","email":"jed.hunsaker+npm@gmail.com"}],"dist":{"shasum":"a70c6b9b01154ef20cd7b4e281c6841048fd3dc9","tarball":"https://registry.npmjs.org/editorconfig/-/editorconfig-0.12.1.tgz"}},"0.12.2":{"name":"editorconfig","version":"0.12.2","description":"EditorConfig File Locator and Interpreter for Node.js","keywords":["editorconfig","core"],"main":"editorconfig.js","contributors":[{"name":"Hong Xu","url":"topbug.net"},{"name":"Jed Hunsaker","email":"jed.hunsaker[at]gmail.com"},{"name":"Trey Hunner","url":"http://treyhunner.com"}],"directories":{"bin":"./bin","lib":"./lib"},"scripts":{"pretest":"cmake .","test":"ctest .","test-verbose":"ctest -VV --output-on-failure .","codepaint":"codepainter xform -e **/**.js"},"repository":{"type":"git","url":"git://github.com/editorconfig/editorconfig-core-js.git"},"bugs":{"url":"https://github.com/editorconfig/editorconfig-core-js/issues"},"author":{"name":"EditorConfig Team"},"license":{"type":"MIT","url":"http://editorconfig.mit-license.org/2012"},"dependencies":{"bluebird":"^2.3.6","commander":"~1.1.1","lru-cache":"~2.0.0","sigmund":"~1.0.0"},"devDependencies":{"codepainter":"^0.4.4"},"bin":{"editorconfig":"bin/editorconfig"},"gitHead":"b19bc84601da8a3782474c7a18f15b24eacff6f4","homepage":"https://github.com/editorconfig/editorconfig-core-js","_id":"editorconfig@0.12.2","_shasum":"f67bd4e482fbae0c24f1278572f43ff85dc2ae8f","_from":".","_npmVersion":"1.4.28","_npmUser":{"name":"trey","email":"trey@treyhunner.com"},"maintainers":[{"name":"trey","email":"trey@treyhunner.com"},{"name":"jedmao","email":"jed.hunsaker+npm@gmail.com"}],"dist":{"shasum":"f67bd4e482fbae0c24f1278572f43ff85dc2ae8f","tarball":"https://registry.npmjs.org/editorconfig/-/editorconfig-0.12.2.tgz"}},"0.13.0":{"name":"editorconfig","version":"0.13.0","description":"EditorConfig File Locator and Interpreter for Node.js","keywords":["editorconfig","core"],"main":"editorconfig.js","contributors":[{"name":"Hong Xu","url":"topbug.net"},{"name":"Jed Mao","url":"https://github.com/jedmao/"},{"name":"Trey Hunner","url":"http://treyhunner.com"}],"directories":{"bin":"./bin","lib":"./lib"},"scripts":{"pretest":"cmake .","test":"npm run lint && ctest .","test-verbose":"npm run lint && ctest -VV --output-on-failure .","lint":"eclint check --indent_size ignore editorconfig.js README.md \"bin/**\" \"lib/**\""},"repository":{"type":"git","url":"git://github.com/editorconfig/editorconfig-core-js.git"},"bugs":{"url":"https://github.com/editorconfig/editorconfig-core-js/issues"},"author":{"name":"EditorConfig Team"},"license":{"type":"MIT","url":"http://editorconfig.mit-license.org/2012"},"dependencies":{"bluebird":"^2.3.6","commander":"~1.1.1","lru-cache":"~2.0.0","sigmund":"~1.0.0"},"devDependencies":{"eclint":"^0.2.6","mocha":"^2.3.3","should":"^7.1.0"},"bin":{"editorconfig":"bin\\editorconfig"},"gitHead":"2b2cd60d1ab32e75a4fe9a4dc92ce960e96591de","homepage":"https://github.com/editorconfig/editorconfig-core-js#readme","_id":"editorconfig@0.13.0","_shasum":"7a1ba35f709aed7ef24c782aa0a72710f6d3bc28","_from":".","_npmVersion":"2.14.3","_nodeVersion":"4.1.0","_npmUser":{"name":"jedmao","email":"jedmao@outlook.com"},"dist":{"shasum":"7a1ba35f709aed7ef24c782aa0a72710f6d3bc28","tarball":"https://registry.npmjs.org/editorconfig/-/editorconfig-0.13.0.tgz"},"maintainers":[{"name":"trey","email":"trey@treyhunner.com"},{"name":"jedmao","email":"jed.hunsaker+npm@gmail.com"}]},"0.13.1":{"name":"editorconfig","version":"0.13.1","description":"EditorConfig File Locator and Interpreter for Node.js","keywords":["editorconfig","core"],"main":"editorconfig.js","contributors":[{"name":"Hong Xu","url":"topbug.net"},{"name":"Jed Mao","url":"https://github.com/jedmao/"},{"name":"Trey Hunner","url":"http://treyhunner.com"}],"directories":{"bin":"./bin","lib":"./lib"},"scripts":{"pretest":"cmake .","test":"npm run lint && ctest .","test-verbose":"npm run lint && ctest -VV --output-on-failure .","lint":"eclint check --indent_size ignore editorconfig.js README.md \"bin/**\" \"lib/**\""},"repository":{"type":"git","url":"git://github.com/editorconfig/editorconfig-core-js.git"},"bugs":{"url":"https://github.com/editorconfig/editorconfig-core-js/issues"},"author":{"name":"EditorConfig Team"},"license":{"type":"MIT","url":"http://editorconfig.mit-license.org/2012"},"dependencies":{"bluebird":"^3.0.5","commander":"^2.9.0","lru-cache":"^3.2.0","sigmund":"^1.0.1"},"devDependencies":{"eclint":"^1.1.5","mocha":"^2.3.4","should":"^7.1.1"},"bin":{"editorconfig":"bin\\editorconfig"},"homepage":"https://github.com/editorconfig/editorconfig-core-js#readme","_id":"editorconfig@0.13.1","_shasum":"3952bc37556be542b6e51c529196029f75bae5ff","_resolved":"https://github.com/editorconfig/editorconfig-core-js/archive/v0.13.1.tar.gz","_from":"https://github.com/editorconfig/editorconfig-core-js/archive/v0.13.1.tar.gz","_npmVersion":"3.3.6","_nodeVersion":"5.0.0","_npmUser":{"name":"jedmao","email":"jedmao@outlook.com"},"dist":{"shasum":"3952bc37556be542b6e51c529196029f75bae5ff","tarball":"https://registry.npmjs.org/editorconfig/-/editorconfig-0.13.1.tgz"},"maintainers":[{"name":"trey","email":"trey@treyhunner.com"},{"name":"jedmao","email":"jed.hunsaker+npm@gmail.com"}]},"0.13.2":{"name":"editorconfig","version":"0.13.2","description":"EditorConfig File Locator and Interpreter for Node.js","keywords":["editorconfig","core"],"main":"editorconfig.js","bin":{"editorconfig":"bin/editorconfig"},"contributors":[{"name":"Hong Xu","url":"topbug.net"},{"name":"Jed Mao","url":"https://github.com/jedmao/"},{"name":"Trey Hunner","url":"http://treyhunner.com"}],"directories":{"bin":"./bin","lib":"./lib"},"scripts":{"pretest":"cmake .","test":"npm run lint && ctest .","test-verbose":"npm run lint && ctest -VV --output-on-failure .","lint":"eclint check --indent_size ignore editorconfig.js README.md \"bin/**\" \"lib/**\""},"repository":{"type":"git","url":"git://github.com/editorconfig/editorconfig-core-js.git"},"bugs":{"url":"https://github.com/editorconfig/editorconfig-core-js/issues"},"author":{"name":"EditorConfig Team"},"license":{"type":"MIT","url":"http://editorconfig.mit-license.org/2012"},"dependencies":{"bluebird":"^3.0.5","commander":"^2.9.0","lru-cache":"^3.2.0","sigmund":"^1.0.1"},"devDependencies":{"eclint":"^1.1.5","mocha":"^2.3.4","should":"^7.1.1"},"homepage":"https://github.com/editorconfig/editorconfig-core-js#readme","_id":"editorconfig@0.13.2","_shasum":"8e57926d9ee69ab6cb999f027c2171467acceb35","_resolved":"https://github.com/editorconfig/editorconfig-core-js/archive/v0.13.2.tar.gz","_from":"https://github.com/editorconfig/editorconfig-core-js/archive/v0.13.2.tar.gz","_npmVersion":"3.3.6","_nodeVersion":"5.0.0","_npmUser":{"name":"jedmao","email":"jedmao@outlook.com"},"dist":{"shasum":"8e57926d9ee69ab6cb999f027c2171467acceb35","tarball":"https://registry.npmjs.org/editorconfig/-/editorconfig-0.13.2.tgz"},"maintainers":[{"name":"trey","email":"trey@treyhunner.com"},{"name":"jedmao","email":"jed.hunsaker+npm@gmail.com"}]}},"readme":"# EditorConfig JavaScript Core\n\n[![Build Status](https://travis-ci.org/editorconfig/editorconfig-core-js.svg?branch=master)](https://travis-ci.org/editorconfig/editorconfig-core-js)\n\nThe EditorConfig JavaScript core will provide the same functionality as the\n[EditorConfig C Core][] and [EditorConfig Python Core][].\n\n\n## Installation\n\nYou need [node][] to use this package.\n\nTo install this package (system-wide):\n\n```bash\n$ npm install editorconfig\n```\n\nTo install the package system-wide:\n\n```bash\n$ npm install -g editorconfig\n```\n\n## Usage\n\n### in Node.js:\n\n#### parse(filePath[, options])\n\noptions is an object with the following defaults:\n\n```js\n{\n  config: '.editorconfig',\n  version: pkg.version,\n  root: '/'\n};\n```\n\nSearch for `.editorconfig` starting from the current directory to the root directory.\n\nExample:\n\n```js\nvar editorconfig = require('editorconfig');\nvar path = require('path');\nvar filePath = path.join(__dirname, '/sample.js');\nvar promise = editorconfig.parse(filePath);\npromise.then(function onFulfilled(result) {\n  console.log(result);\n});\n\n/*\n  {\n    indent_style: 'space',\n    indent_size: 2,\n    end_of_line: 'lf',\n    charset: 'utf-8',\n    trim_trailing_whitespace: true,\n    insert_final_newline: true,\n    tab_width: 2\n  };\n*/\n```\n\n#### parseSync(filePath[, options])\n\nSynchronous version of `editorconfig.parse()`.\n\n#### parseFromFiles(filePath, configs[, options])\n\noptions is an object with the following defaults:\n\n```js\n{\n  config: '.editorconfig',\n  version: pkg.version,\n  root: '/'\n};\n```\n\nSpecify the `.editorconfig`.\n\nExample:\n\n```js\nvar editorconfig = require('editorconfig');\nvar fs = require('fs');\nvar path = require('path');\nvar configPath = path.join(__dirname, '/.editorconfig');\nvar configs = [\n  {\n    name: configPath,\n    contents: fs.readFileSync(configPath, 'utf8')\n  }\n];\nvar filePath = path.join(__dirname, '/sample.js');\nvar promise = editorconfig.parseFromFiles(filePath, configs);\npromise.then(function onFulfilled(result) {\n  console.log(result)\n});\n\n/*\n  {\n    indent_style: 'space',\n    indent_size: 2,\n    end_of_line: 'lf',\n    charset: 'utf-8',\n    trim_trailing_whitespace: true,\n    insert_final_newline: true,\n    tab_width: 2\n  };\n*/\n```\n\n#### parseFromFilesSync(filePath, configs[, options])\n\nSynchronous version of `editorconfig.parseFromFiles()`.\n\n### in Command Line\n\n```bash\n$ ./bin/editorconfig\n\n    Usage: editorconfig [OPTIONS] FILEPATH1 [FILEPATH2 FILEPATH3 ...]\n\n    EditorConfig Node.js Core Version 0.11.4-development\n\n    FILEPATH can be a hyphen (-) if you want path(s) to be read from stdin.\n\n    Options:\n\n        -h, --help     output usage information\n        -V, --version  output the version number\n        -f <path>      Specify conf filename other than \".editorconfig\"\n        -b <version>   Specify version (used by devs to test compatibility)\n```\n\nExample:\n\n```bash\n$ ./bin/editorconfig /home/zoidberg/humans/anatomy.md\ncharset=utf-8\ninsert_final_newline=true\nend_of_line=lf\ntab_width=8\ntrim_trailing_whitespace=sometimes\n```\n\n## Development\n\nTo install dependencies for this package run this in the package directory:\n\n```bash\n$ npm install\n```\n\nNext, run:\n\n```bash\n$ npm link\n```\n\nThe global editorconfig will now point to the files in your development\nrepository instead of a globally-installed version from npm. You can now use\neditorconfig directly to test your changes.\n\nIf you ever update from the central repository and there are errors, it might\nbe because you are missing some dependencies. If that happens, just run npm\nlink again to get the latest dependencies.\n\nTo test the command line interface:\n\n```bash\n$ editorconfig <filepath>\n```\n\n# Testing\n\n[CMake][] must be installed to run the tests.\n\nTo run the tests:\n\n```bash\n$ npm test\n```\n\nTo run the tests with increased verbosity (for debugging test failures):\n\n```bash\n$ npm run-script test-verbose\n```\n\n[EditorConfig C Core]: https://github.com/editorconfig/editorconfig-core\n[EditorConfig Python Core]: https://github.com/editorconfig/editorconfig-core-py\n[node]: http://nodejs.org/\n[cmake]: http://www.cmake.org\n","maintainers":[{"name":"trey","email":"trey@treyhunner.com"},{"name":"jedmao","email":"jed.hunsaker+npm@gmail.com"}],"time":{"modified":"2015-11-29T16:51:50.918Z","created":"2013-05-19T23:36:46.099Z","0.11.0":"2013-05-19T23:36:48.752Z","0.11.1":"2013-05-20T04:59:23.465Z","0.11.2":"2013-05-23T06:32:49.996Z","0.11.3":"2013-06-23T16:05:02.283Z","0.11.4":"2013-09-05T20:48:12.910Z","0.12.0":"2014-11-03T18:12:25.848Z","0.12.1":"2014-12-22T20:48:36.716Z","0.12.2":"2015-03-13T05:59:52.987Z","0.13.0":"2015-10-11T00:18:20.974Z","0.13.1":"2015-11-29T14:11:53.249Z","0.13.2":"2015-11-29T16:51:50.918Z"},"author":{"name":"EditorConfig Team"},"repository":{"type":"git","url":"git://github.com/editorconfig/editorconfig-core-js.git"},"users":{"noyobo":true,"shakakira":true},"homepage":"https://github.com/editorconfig/editorconfig-core-js#readme","keywords":["editorconfig","core"],"contributors":[{"name":"Hong Xu","url":"topbug.net"},{"name":"Jed Mao","url":"https://github.com/jedmao/"},{"name":"Trey Hunner","url":"http://treyhunner.com"}],"bugs":{"url":"https://github.com/editorconfig/editorconfig-core-js/issues"},"license":{"type":"MIT","url":"http://editorconfig.mit-license.org/2012"},"readmeFilename":"README.md","_attachments":{},"_etag":"\"21F1OSFQIP92M4B10CWIXNAGP\"","_cached":true}