{"_id":"jsonlint","_rev":"49-bca88ac5bfac6f9da77fcacc078e6783","name":"jsonlint","description":"Validate JSON","dist-tags":{"latest":"1.6.2"},"versions":{"1.0.0":{"author":{"name":"Zach Carter","email":"zach@carter.name","url":"http://zaa.ch"},"name":"jsonlint","description":"Validate JSON","keywords":["json","validation","lint","jsonlint"],"version":"1.0.0","preferGlobal":true,"repository":{"type":"git","url":"git://github.com/zaach/jsonlint.git"},"bugs":{"url":"http://github.com/zaach/jsonlint/issues"},"main":"lib/jsonlint.js","bin":{"jsonlint":"lib/cli.js"},"engines":{"node":"0.4 || 0.5"},"dependencies":{},"devDependencies":{"test":"*","jison":"*","uglify-js":"*"},"scripts":{"test":"node test/all-tests.js"},"homepage":"http://zaach.github.com/jsonlint/","_id":"jsonlint@1.0.0","_engineSupported":true,"_npmVersion":"1.0.3","_nodeVersion":"v0.4.7","_defaultsLoaded":true,"dist":{"shasum":"5531c1ea1c8df005a98555263e441b37fd3a4a53","tarball":"https://registry.npmjs.org/jsonlint/-/jsonlint-1.0.0.tgz"},"directories":{}},"1.0.1":{"author":{"name":"Zach Carter","email":"zach@carter.name","url":"http://zaa.ch"},"name":"jsonlint","description":"Validate JSON","keywords":["json","validation","lint","jsonlint"],"version":"1.0.1","preferGlobal":true,"repository":{"type":"git","url":"git://github.com/zaach/jsonlint.git"},"bugs":{"url":"http://github.com/zaach/jsonlint/issues"},"main":"lib/jsonlint.js","bin":{"jsonlint":"lib/cli.js"},"engines":{"node":"0.4 || 0.5"},"dependencies":{},"devDependencies":{"test":"*","jison":"*","uglify-js":"*"},"scripts":{"test":"node test/all-tests.js"},"homepage":"http://zaach.github.com/jsonlint/","_id":"jsonlint@1.0.1","_engineSupported":true,"_npmVersion":"1.0.3","_nodeVersion":"v0.4.7","_defaultsLoaded":true,"dist":{"shasum":"257139950ee864d308809ff27b38cc691075ef08","tarball":"https://registry.npmjs.org/jsonlint/-/jsonlint-1.0.1.tgz"},"directories":{}},"1.1.0":{"author":{"name":"Zach Carter","email":"zach@carter.name","url":"http://zaa.ch"},"name":"jsonlint","description":"Validate JSON","keywords":["json","validation","lint","jsonlint"],"version":"1.1.0","preferGlobal":true,"repository":{"type":"git","url":"git://github.com/zaach/jsonlint.git"},"bugs":{"url":"http://github.com/zaach/jsonlint/issues"},"main":"lib/jsonlint.js","bin":{"jsonlint":"lib/cli.js"},"engines":{"node":"0.4 || 0.5"},"dependencies":{"nomnom":">= 0.4.3"},"devDependencies":{"test":"*","jison":"*","uglify-js":"*"},"scripts":{"test":"node test/all-tests.js"},"homepage":"http://zaach.github.com/jsonlint/","_id":"jsonlint@1.1.0","_engineSupported":true,"_npmVersion":"1.0.3","_nodeVersion":"v0.4.7","_defaultsLoaded":true,"dist":{"shasum":"3dc4054b5f2ec538ff08033ed8b20d0955da16b5","tarball":"https://registry.npmjs.org/jsonlint/-/jsonlint-1.1.0.tgz"},"directories":{}},"1.1.1":{"author":{"name":"Zach Carter","email":"zach@carter.name","url":"http://zaa.ch"},"name":"jsonlint","description":"Validate JSON","keywords":["json","validation","lint","jsonlint"],"version":"1.1.1","preferGlobal":true,"repository":{"type":"git","url":"git://github.com/zaach/jsonlint.git"},"bugs":{"url":"http://github.com/zaach/jsonlint/issues"},"main":"lib/jsonlint.js","bin":{"jsonlint":"lib/cli.js"},"engines":{"node":"0.4 || 0.5"},"dependencies":{"nomnom":">= 0.4.3"},"devDependencies":{"test":"*","jison":"*","uglify-js":"*"},"scripts":{"test":"node test/all-tests.js"},"homepage":"http://zaach.github.com/jsonlint/","_id":"jsonlint@1.1.1","_engineSupported":true,"_npmVersion":"1.0.3","_nodeVersion":"v0.4.7","_defaultsLoaded":true,"dist":{"shasum":"f68bedbc939a68d7a02fd6e251c2064301bf83dd","tarball":"https://registry.npmjs.org/jsonlint/-/jsonlint-1.1.1.tgz"},"directories":{}},"1.2.0":{"author":{"name":"Zach Carter","email":"zach@carter.name","url":"http://zaa.ch"},"name":"jsonlint","description":"Validate JSON","keywords":["json","validation","lint","jsonlint"],"version":"1.2.0","preferGlobal":true,"repository":{"type":"git","url":"git://github.com/zaach/jsonlint.git"},"bugs":{"url":"http://github.com/zaach/jsonlint/issues"},"main":"lib/jsonlint.js","bin":{"jsonlint":"lib/cli.js"},"engines":{"node":"0.4 || 0.5"},"dependencies":{"nomnom":">= 0.4.3"},"devDependencies":{"test":"*","jison":"*","uglify-js":"*"},"scripts":{"test":"node test/all-tests.js"},"homepage":"http://zaach.github.com/jsonlint/","_id":"jsonlint@1.2.0","_engineSupported":true,"_npmVersion":"1.0.3","_nodeVersion":"v0.4.7","_defaultsLoaded":true,"dist":{"shasum":"103cbe5e379bb10704c87f3b68b6bd92ccade69c","tarball":"https://registry.npmjs.org/jsonlint/-/jsonlint-1.2.0.tgz"},"directories":{}},"1.2.1":{"author":{"name":"Zach Carter","email":"zach@carter.name","url":"http://zaa.ch"},"name":"jsonlint","description":"Validate JSON","keywords":["json","validation","lint","jsonlint"],"version":"1.2.1","preferGlobal":true,"repository":{"type":"git","url":"git://github.com/zaach/jsonlint.git"},"bugs":{"url":"http://github.com/zaach/jsonlint/issues"},"main":"lib/jsonlint.js","bin":{"jsonlint":"lib/cli.js"},"engines":{"node":">= 0.4"},"dependencies":{"nomnom":">= 0.4.3"},"devDependencies":{"test":"*","jison":"*","uglify-js":"*"},"scripts":{"test":"node test/all-tests.js"},"homepage":"http://zaach.github.com/jsonlint/","_npmUser":{"name":"zaach","email":"zack.carter@gmail.com"},"_id":"jsonlint@1.2.1","_engineSupported":true,"_npmVersion":"1.0.105","_nodeVersion":"v0.6.1","_defaultsLoaded":true,"dist":{"shasum":"96e3614e0b48b712db837cdb0d8fc042e41250f2","tarball":"https://registry.npmjs.org/jsonlint/-/jsonlint-1.2.1.tgz"},"maintainers":[{"name":"zaach","email":"zack.carter@gmail.com"}],"directories":{}},"1.3.0":{"author":{"name":"Zach Carter","email":"zach@carter.name","url":"http://zaa.ch"},"name":"jsonlint","description":"Validate JSON","keywords":["json","validation","lint","jsonlint"],"version":"1.3.0","preferGlobal":true,"repository":{"type":"git","url":"git://github.com/zaach/jsonlint.git"},"bugs":{"url":"http://github.com/zaach/jsonlint/issues"},"main":"lib/jsonlint.js","bin":{"jsonlint":"lib/cli.js"},"engines":{"node":">= 0.6"},"dependencies":{"nomnom":">= 0.4.3"},"devDependencies":{"test":"*","jison":"*","uglify-js":"*"},"scripts":{"test":"node test/all-tests.js"},"homepage":"http://zaach.github.com/jsonlint/","_npmUser":{"name":"zaach","email":"zack.carter@gmail.com"},"_id":"jsonlint@1.3.0","_engineSupported":true,"_npmVersion":"1.0.105","_nodeVersion":"v0.6.1","_defaultsLoaded":true,"dist":{"shasum":"c0a27c692dce9d24e36a5fbb9dd23fa48c7c8f20","tarball":"https://registry.npmjs.org/jsonlint/-/jsonlint-1.3.0.tgz"},"maintainers":[{"name":"zaach","email":"zack.carter@gmail.com"}],"directories":{}},"1.3.1":{"author":{"name":"Zach Carter","email":"zach@carter.name","url":"http://zaa.ch"},"name":"jsonlint","description":"Validate JSON","keywords":["json","validation","lint","jsonlint"],"version":"1.3.1","preferGlobal":true,"repository":{"type":"git","url":"git://github.com/zaach/jsonlint.git"},"bugs":{"url":"http://github.com/zaach/jsonlint/issues"},"main":"lib/jsonlint.js","bin":{"jsonlint":"lib/cli.js"},"engines":{"node":">= 0.6"},"dependencies":{"nomnom":">= 1.x.x"},"devDependencies":{"test":"*","jison":"*","uglify-js":"*"},"scripts":{"test":"node test/all-tests.js"},"homepage":"http://zaach.github.com/jsonlint/","optionalDependencies":{},"_npmUser":{"name":"zaach","email":"zack.carter@gmail.com"},"_id":"jsonlint@1.3.1","_engineSupported":true,"_npmVersion":"1.1.15","_nodeVersion":"v0.6.8","_defaultsLoaded":true,"dist":{"shasum":"b78630a2427049550d90a0f55cd0603683f3196d","tarball":"https://registry.npmjs.org/jsonlint/-/jsonlint-1.3.1.tgz"},"maintainers":[{"name":"zaach","email":"zack.carter@gmail.com"}],"directories":{}},"1.3.2":{"author":{"name":"Zach Carter","email":"zach@carter.name","url":"http://zaa.ch"},"name":"jsonlint","description":"Validate JSON","keywords":["json","validation","lint","jsonlint"],"version":"1.3.2","preferGlobal":true,"repository":{"type":"git","url":"git://github.com/zaach/jsonlint.git"},"bugs":{"url":"http://github.com/zaach/jsonlint/issues"},"main":"lib/jsonlint.js","bin":{"jsonlint":"lib/cli.js"},"engines":{"node":">= 0.6"},"dependencies":{"nomnom":">= 1.x.x"},"devDependencies":{"test":"*","jison":"*","uglify-js":"*"},"scripts":{"test":"node test/all-tests.js"},"homepage":"http://zaach.github.com/jsonlint/","optionalDependencies":{},"_npmUser":{"name":"zaach","email":"zack.carter@gmail.com"},"_id":"jsonlint@1.3.2","_engineSupported":true,"_npmVersion":"1.1.21","_nodeVersion":"v0.6.17","_defaultsLoaded":true,"dist":{"shasum":"1d0b66a47ff3b9e34ddf6b69a5921e399a876438","tarball":"https://registry.npmjs.org/jsonlint/-/jsonlint-1.3.2.tgz"},"maintainers":[{"name":"zaach","email":"zack.carter@gmail.com"}],"directories":{}},"1.4.0":{"author":{"name":"Zach Carter","email":"zach@carter.name","url":"http://zaa.ch"},"name":"jsonlint","description":"Validate JSON","keywords":["json","validation","lint","jsonlint"],"version":"1.4.0","preferGlobal":true,"repository":{"type":"git","url":"git://github.com/zaach/jsonlint.git"},"bugs":{"url":"http://github.com/zaach/jsonlint/issues"},"main":"lib/jsonlint.js","bin":{"jsonlint":"lib/cli.js"},"engines":{"node":">= 0.6"},"dependencies":{"nomnom":">= 1.x.x"},"devDependencies":{"test":"*","jison":"*","uglify-js":"*"},"scripts":{"test":"node test/all-tests.js"},"homepage":"http://zaach.github.com/jsonlint/","optionalDependencies":{},"_npmUser":{"name":"zaach","email":"zack.carter@gmail.com"},"_id":"jsonlint@1.4.0","_engineSupported":true,"_npmVersion":"1.1.21","_nodeVersion":"v0.6.17","_defaultsLoaded":true,"dist":{"shasum":"d5bf97de045801d6c3e9c07b7bb32c6bc4a2809f","tarball":"https://registry.npmjs.org/jsonlint/-/jsonlint-1.4.0.tgz"},"maintainers":[{"name":"zaach","email":"zack.carter@gmail.com"}],"directories":{}},"1.4.1":{"author":{"name":"Zach Carter","email":"zach@carter.name","url":"http://zaa.ch"},"name":"jsonlint","description":"Validate JSON","keywords":["json","validation","lint","jsonlint"],"version":"1.4.1","preferGlobal":true,"repository":{"type":"git","url":"git://github.com/zaach/jsonlint.git"},"bugs":{"url":"http://github.com/zaach/jsonlint/issues"},"main":"lib/jsonlint.js","bin":{"jsonlint":"lib/cli.js"},"engines":{"node":">= 0.6"},"dependencies":{"nomnom":">= 1.x.x"},"devDependencies":{"test":"*","jison":"*","uglify-js":"*"},"scripts":{"test":"node test/all-tests.js"},"homepage":"http://zaach.github.com/jsonlint/","optionalDependencies":{},"_npmUser":{"name":"zaach","email":"zack.carter@gmail.com"},"_id":"jsonlint@1.4.1","_engineSupported":true,"_npmVersion":"1.1.21","_nodeVersion":"v0.6.17","_defaultsLoaded":true,"dist":{"shasum":"58023c896ab6310048bf67bf42f7812303ef32d7","tarball":"https://registry.npmjs.org/jsonlint/-/jsonlint-1.4.1.tgz"},"maintainers":[{"name":"zaach","email":"zack.carter@gmail.com"}],"directories":{}},"1.5.0":{"author":{"name":"Zach Carter","email":"zach@carter.name","url":"http://zaa.ch"},"name":"jsonlint","description":"Validate JSON","keywords":["json","validation","lint","jsonlint"],"version":"1.5.0","preferGlobal":true,"repository":{"type":"git","url":"git://github.com/zaach/jsonlint.git"},"bugs":{"url":"http://github.com/zaach/jsonlint/issues"},"main":"lib/jsonlint.js","bin":{"jsonlint":"lib/cli.js"},"engines":{"node":">= 0.6"},"dependencies":{"nomnom":">= 1.5.x","JSV":">= 4.0.x"},"devDependencies":{"test":"*","jison":"*","uglify-js":"*"},"scripts":{"test":"node test/all-tests.js"},"homepage":"http://zaach.github.com/jsonlint/","optionalDependencies":{},"_npmUser":{"name":"zaach","email":"zack.carter@gmail.com"},"_id":"jsonlint@1.5.0","_engineSupported":true,"_npmVersion":"1.1.21","_nodeVersion":"v0.6.17","_defaultsLoaded":true,"dist":{"shasum":"e4e206f514f861463895aa699fc674d998e7af29","tarball":"https://registry.npmjs.org/jsonlint/-/jsonlint-1.5.0.tgz"},"maintainers":[{"name":"zaach","email":"zack.carter@gmail.com"}],"directories":{}},"1.5.1":{"author":{"name":"Zach Carter","email":"zach@carter.name","url":"http://zaa.ch"},"name":"jsonlint","description":"Validate JSON","keywords":["json","validation","lint","jsonlint"],"version":"1.5.1","preferGlobal":true,"repository":{"type":"git","url":"git://github.com/zaach/jsonlint.git"},"bugs":{"url":"http://github.com/zaach/jsonlint/issues"},"main":"lib/jsonlint.js","bin":{"jsonlint":"lib/cli.js"},"engines":{"node":">= 0.6"},"dependencies":{"nomnom":">= 1.5.x","JSV":">= 4.0.x"},"devDependencies":{"test":"*","jison":"*","uglify-js":"*"},"scripts":{"test":"node test/all-tests.js"},"homepage":"http://zaach.github.com/jsonlint/","optionalDependencies":{},"_id":"jsonlint@1.5.1","dist":{"shasum":"3cf436dcc9f3477ef3d7fa55a5bdf6d893f1c6c6","tarball":"https://registry.npmjs.org/jsonlint/-/jsonlint-1.5.1.tgz"},"maintainers":[{"name":"zaach","email":"zack.carter@gmail.com"}],"directories":{}},"1.6.0":{"author":{"name":"Zach Carter","email":"zach@carter.name","url":"http://zaa.ch"},"name":"jsonlint","description":"Validate JSON","keywords":["json","validation","lint","jsonlint"],"version":"1.6.0","preferGlobal":true,"repository":{"type":"git","url":"git://github.com/zaach/jsonlint.git"},"bugs":{"url":"http://github.com/zaach/jsonlint/issues"},"main":"lib/jsonlint.js","bin":{"jsonlint":"lib/cli.js"},"engines":{"node":">= 0.6"},"dependencies":{"nomnom":">= 1.5.x","JSV":">= 4.0.x"},"devDependencies":{"test":"*","jison":"*","uglify-js":"*"},"scripts":{"test":"node test/all-tests.js"},"homepage":"http://zaach.github.com/jsonlint/","optionalDependencies":{},"_id":"jsonlint@1.6.0","dist":{"shasum":"88aa46bc289a7ac93bb46cae2d58a187a9bb494a","tarball":"https://registry.npmjs.org/jsonlint/-/jsonlint-1.6.0.tgz"},"_from":".","_npmVersion":"1.2.11","_npmUser":{"name":"zaach","email":"zack.carter@gmail.com"},"maintainers":[{"name":"zaach","email":"zack.carter@gmail.com"}],"directories":{}},"1.6.1":{"author":{"name":"Zach Carter","email":"zach@carter.name","url":"http://zaa.ch"},"name":"jsonlint","description":"Validate JSON","keywords":["json","validation","lint","jsonlint"],"version":"1.6.1","preferGlobal":true,"repository":{"type":"git","url":"git://github.com/zaach/jsonlint.git"},"bugs":{"url":"http://github.com/zaach/jsonlint/issues"},"main":"lib/jsonlint.js","bin":{"jsonlint":"lib/cli.js"},"engines":{"node":">= 0.6"},"dependencies":{"nomnom":">= 1.5.x","JSV":">= 4.0.x"},"devDependencies":{"test":"*","jison":"*","uglify-js":"*"},"scripts":{"test":"node test/all-tests.js"},"homepage":"http://zaach.github.com/jsonlint/","optionalDependencies":{},"_id":"jsonlint@1.6.1","dist":{"shasum":"076568495872cb2df8c909fcb2152bb4b3922cdc","tarball":"https://registry.npmjs.org/jsonlint/-/jsonlint-1.6.1.tgz"},"_from":".","_npmVersion":"1.3.26","_npmUser":{"name":"zaach","email":"zack.carter@gmail.com"},"maintainers":[{"name":"zaach","email":"zack.carter@gmail.com"}],"directories":{}},"1.6.2":{"author":{"name":"Zach Carter","email":"zach@carter.name","url":"http://zaa.ch"},"name":"jsonlint","description":"Validate JSON","keywords":["json","validation","lint","jsonlint"],"version":"1.6.2","preferGlobal":true,"repository":{"type":"git","url":"git://github.com/zaach/jsonlint.git"},"bugs":{"url":"http://github.com/zaach/jsonlint/issues"},"main":"lib/jsonlint.js","bin":{"jsonlint":"lib/cli.js"},"engines":{"node":">= 0.6"},"dependencies":{"nomnom":">= 1.5.x","JSV":">= 4.0.x"},"devDependencies":{"test":"*","jison":"*","uglify-js":"*"},"scripts":{"test":"node test/all-tests.js"},"homepage":"http://zaach.github.com/jsonlint/","optionalDependencies":{},"_id":"jsonlint@1.6.2","dist":{"shasum":"5737045085f55eb455c68b1ff4ebc01bd50e8830","tarball":"https://registry.npmjs.org/jsonlint/-/jsonlint-1.6.2.tgz"},"_from":".","_npmVersion":"1.3.26","_npmUser":{"name":"zaach","email":"zack.carter@gmail.com"},"maintainers":[{"name":"zaach","email":"zack.carter@gmail.com"}],"directories":{}}},"maintainers":[{"name":"zaach","email":"zack.carter@gmail.com"}],"time":{"modified":"2015-02-26T08:43:28.810Z","created":"2011-05-01T21:37:12.642Z","1.0.0":"2011-05-01T21:37:13.495Z","1.0.1":"2011-05-21T05:30:38.422Z","1.1.0":"2011-06-01T21:57:13.504Z","1.1.1":"2011-06-04T14:32:26.954Z","1.2.0":"2011-06-12T17:43:16.360Z","1.2.1":"2011-11-22T00:50:10.496Z","1.3.0":"2011-12-18T00:52:22.548Z","1.3.1":"2012-04-17T19:06:57.241Z","1.3.2":"2012-05-16T02:53:57.254Z","1.4.0":"2012-05-27T21:35:00.814Z","1.4.1":"2012-05-28T19:30:33.948Z","1.5.0":"2012-05-28T22:18:05.773Z","1.5.1":"2012-08-22T17:37:57.472Z","1.6.0":"2013-04-02T17:44:36.674Z","1.6.1":"2014-08-12T19:02:41.544Z","1.6.2":"2014-08-12T19:33:24.416Z"},"author":{"name":"Zach Carter","email":"zach@carter.name","url":"http://zaa.ch"},"repository":{"type":"git","url":"git://github.com/zaach/jsonlint.git"},"users":{"millermedeiros":true,"denisix":true,"cmilhench":true,"paulj":true,"green_goo":true,"quanlong":true,"dgarlitt":true,"nicolasmccurdy":true,"limit":true,"nex":true,"bpatel":true,"d4nyll":true,"piotrlewandowski":true,"ugarz":true,"abhisekp":true,"gildasdubois":true},"homepage":"http://zaach.github.com/jsonlint/","keywords":["json","validation","lint","jsonlint"],"bugs":{"url":"http://github.com/zaach/jsonlint/issues"},"readme":"JSON Lint\n=========\n\nA pure [JavaScript version](http://zaach.github.com/jsonlint/) of the service provided at [jsonlint.com](http://jsonlint.com).\n\n## Command line interface\nInstall jsonlint with npm to use the command line interface:\n\n    npm install jsonlint -g\n\nValidate a file like so:\n\n    jsonlint myfile.json\n\nor pipe input into stdin:\n\n    cat myfile.json | jsonlint\n\njsonlint will either report a syntax error with details or pretty print the source if it is valid.\n\n### Options\n\n    $ jsonlint -h\n\n    Usage: jsonlint [file] [options]\n\n    file     file to parse; otherwise uses stdin\n\n    Options:\n       -v, --version            print version and exit\n       -s, --sort-keys          sort object keys\n       -i, --in-place           overwrite the file\n       -t CHAR, --indent CHAR   character(s) to use for indentation  [  ]\n       -c, --compact            compact error display\n       -V, --validate           a JSON schema to use for validation\n       -e, --environment        which specification of JSON Schema the validation file uses  [json-schema-draft-03]\n       -q, --quiet              do not print the parsed json to STDOUT  [false]\n       -p, --pretty-print       force pretty printing even if invalid\n\n\n## Module interface\n\nI'm not sure why you wouldn't use the built in `JSON.parse` but you can use jsonlint from a CommonJS module:\n\n    var jsonlint = require(\"jsonlint\");\n\n    jsonlint.parse('{\"creative?\": false}');\n\nIt returns the parsed object or throws an `Error`.\n\n## Vim Plugins\n\n* [Syntastic](http://www.vim.org/scripts/script.php?script_id=2736)\n* [sourcebeautify](http://www.vim.org/scripts/script.php?script_id=4079) \n\n## MIT License\n\nCopyright (C) 2012 Zachary Carter\n\nPermission is hereby granted, free of charge, to any person obtaining a copy of this software and associated documentation files (the \"Software\"), to deal in the Software without restriction, including without limitation the rights to use, copy, modify, merge, publish, distribute, sublicense, and/or sell copies of the Software, and to permit persons to whom the Software is furnished to do so, subject to the following conditions:\n\nThe above copyright notice and this permission notice shall be included in all copies or substantial portions of the Software.\n\nTHE SOFTWARE IS PROVIDED \"AS IS\", WITHOUT WARRANTY OF ANY KIND, EXPRESS OR IMPLIED, INCLUDING BUT NOT LIMITED TO THE WARRANTIES OF MERCHANTABILITY, FITNESS FOR A PARTICULAR PURPOSE AND NONINFRINGEMENT. IN NO EVENT SHALL THE AUTHORS OR COPYRIGHT HOLDERS BE LIABLE FOR ANY CLAIM, DAMAGES OR OTHER LIABILITY, WHETHER IN AN ACTION OF CONTRACT, TORT OR OTHERWISE, ARISING FROM, OUT OF OR IN CONNECTION WITH THE SOFTWARE OR THE USE OR OTHER DEALINGS IN THE SOFTWARE.\n","readmeFilename":"README.md","_attachments":{},"_etag":"\"8Q1YNUF99X01DBVID4UHMQLC7\"","_cached":true}