{"_id":"browser-refresh-client","_rev":"8-329f3871c687a572ed607e6af8e1b000","name":"browser-refresh-client","description":"Small module to interface with the parent browser-refresh process to control reloading of files.","dist-tags":{"latest":"1.1.4"},"versions":{"1.0.0":{"name":"browser-refresh-client","description":"Small module to interface with the parent browser-refresh process to control reloading of files.","main":"lib/index","scripts":{},"repository":{"type":"git","url":"https://github.com/patrick-steele-idem/browser-refresh-client.git"},"keywords":["browser","refresh","live","coding","reload","watch"],"author":{"name":"Patrick Steele-Idem","email":"pnidem@gmail.com"},"license":"MIT","bugs":{"url":"https://github.com/patrick-steele-idem/browser-refresh-client/issues"},"homepage":"https://github.com/patrick-steele-idem/browser-refresh-client","dependencies":{},"version":"1.0.0","gitHead":"c4cbed13a59d8654399ae0d1327a9a045ef29ad6","_id":"browser-refresh-client@1.0.0","_shasum":"978957a10f29890d4744280c5d532c4cc8e161d4","_from":".","_npmVersion":"2.0.2","_nodeVersion":"0.10.32","_npmUser":{"name":"pnidem","email":"pnidem@gmail.com"},"maintainers":[{"name":"pnidem","email":"pnidem@gmail.com"}],"dist":{"shasum":"978957a10f29890d4744280c5d532c4cc8e161d4","tarball":"https://registry.npmjs.org/browser-refresh-client/-/browser-refresh-client-1.0.0.tgz"},"directories":{}},"1.1.0":{"name":"browser-refresh-client","description":"Small module to interface with the parent browser-refresh process to control reloading of files.","main":"lib/index","scripts":{},"repository":{"type":"git","url":"https://github.com/patrick-steele-idem/browser-refresh-client.git"},"keywords":["browser","refresh","live","coding","reload","watch"],"author":{"name":"Patrick Steele-Idem","email":"pnidem@gmail.com"},"license":"MIT","bugs":{"url":"https://github.com/patrick-steele-idem/browser-refresh-client/issues"},"homepage":"https://github.com/patrick-steele-idem/browser-refresh-client","dependencies":{},"version":"1.1.0","gitHead":"3cc086dfde7a4b99dcee9704ee7d7a339cf44b54","_id":"browser-refresh-client@1.1.0","_shasum":"8696fa6282e7a280c0652272f2c736955ffeb99b","_from":".","_npmVersion":"1.4.28","_npmUser":{"name":"pnidem","email":"pnidem@gmail.com"},"maintainers":[{"name":"pnidem","email":"pnidem@gmail.com"}],"dist":{"shasum":"8696fa6282e7a280c0652272f2c736955ffeb99b","tarball":"https://registry.npmjs.org/browser-refresh-client/-/browser-refresh-client-1.1.0.tgz"},"directories":{}},"1.1.1":{"name":"browser-refresh-client","description":"Small module to interface with the parent browser-refresh process to control reloading of files.","main":"lib/index","scripts":{},"repository":{"type":"git","url":"https://github.com/patrick-steele-idem/browser-refresh-client.git"},"keywords":["browser","refresh","live","coding","reload","watch"],"author":{"name":"Patrick Steele-Idem","email":"pnidem@gmail.com"},"license":"MIT","bugs":{"url":"https://github.com/patrick-steele-idem/browser-refresh-client/issues"},"homepage":"https://github.com/patrick-steele-idem/browser-refresh-client","dependencies":{},"version":"1.1.1","gitHead":"01ebd0cc06c157d72fe27806645b53b93496586e","_id":"browser-refresh-client@1.1.1","_shasum":"42afcb9c1c7e529dedebcf889aa6ff5e28bf610a","_from":".","_npmVersion":"1.4.28","_npmUser":{"name":"pnidem","email":"pnidem@gmail.com"},"maintainers":[{"name":"pnidem","email":"pnidem@gmail.com"}],"dist":{"shasum":"42afcb9c1c7e529dedebcf889aa6ff5e28bf610a","tarball":"https://registry.npmjs.org/browser-refresh-client/-/browser-refresh-client-1.1.1.tgz"},"directories":{}},"1.1.2":{"name":"browser-refresh-client","description":"Small module to interface with the parent browser-refresh process to control reloading of files.","main":"lib/index","scripts":{},"repository":{"type":"git","url":"https://github.com/patrick-steele-idem/browser-refresh-client.git"},"keywords":["browser","refresh","live","coding","reload","watch"],"author":{"name":"Patrick Steele-Idem","email":"pnidem@gmail.com"},"license":"MIT","bugs":{"url":"https://github.com/patrick-steele-idem/browser-refresh-client/issues"},"homepage":"https://github.com/patrick-steele-idem/browser-refresh-client","dependencies":{},"version":"1.1.2","gitHead":"009c7c483e3b98a69d1b8df2344e374eb12a1af6","_id":"browser-refresh-client@1.1.2","_shasum":"b1a725ca8c69bcc3ecf25f5ac918b38880bc64e1","_from":".","_npmVersion":"1.4.28","_npmUser":{"name":"pnidem","email":"pnidem@gmail.com"},"maintainers":[{"name":"pnidem","email":"pnidem@gmail.com"}],"dist":{"shasum":"b1a725ca8c69bcc3ecf25f5ac918b38880bc64e1","tarball":"https://registry.npmjs.org/browser-refresh-client/-/browser-refresh-client-1.1.2.tgz"},"directories":{}},"1.1.3":{"name":"browser-refresh-client","description":"Small module to interface with the parent browser-refresh process to control reloading of files.","main":"lib/index","scripts":{},"repository":{"type":"git","url":"https://github.com/patrick-steele-idem/browser-refresh-client.git"},"keywords":["browser","refresh","live","coding","reload","watch"],"author":{"name":"Patrick Steele-Idem","email":"pnidem@gmail.com"},"license":"MIT","bugs":{"url":"https://github.com/patrick-steele-idem/browser-refresh-client/issues"},"homepage":"https://github.com/patrick-steele-idem/browser-refresh-client","dependencies":{},"version":"1.1.3","gitHead":"12e1947ce00a802878c7e998753c706f9ec5eefa","_id":"browser-refresh-client@1.1.3","_shasum":"5e70ef70fa9af316921d5723947134d9d3f01cf9","_from":".","_npmVersion":"1.4.28","_npmUser":{"name":"pnidem","email":"pnidem@gmail.com"},"maintainers":[{"name":"pnidem","email":"pnidem@gmail.com"}],"dist":{"shasum":"5e70ef70fa9af316921d5723947134d9d3f01cf9","tarball":"https://registry.npmjs.org/browser-refresh-client/-/browser-refresh-client-1.1.3.tgz"},"directories":{}},"1.1.4":{"name":"browser-refresh-client","description":"Small module to interface with the parent browser-refresh process to control reloading of files.","main":"lib/index","scripts":{},"repository":{"type":"git","url":"https://github.com/patrick-steele-idem/browser-refresh-client.git"},"keywords":["browser","refresh","live","coding","reload","watch"],"author":{"name":"Patrick Steele-Idem","email":"pnidem@gmail.com"},"license":"MIT","bugs":{"url":"https://github.com/patrick-steele-idem/browser-refresh-client/issues"},"homepage":"https://github.com/patrick-steele-idem/browser-refresh-client","dependencies":{},"version":"1.1.4","gitHead":"8e2d4d7a81ce6ea562836885c7cbe53ff2736a57","_id":"browser-refresh-client@1.1.4","_shasum":"8e5ff8475fe1d541d2ae81f7a1aea05ae21a6217","_from":".","_npmVersion":"1.4.28","_npmUser":{"name":"pnidem","email":"pnidem@gmail.com"},"maintainers":[{"name":"pnidem","email":"pnidem@gmail.com"}],"dist":{"shasum":"8e5ff8475fe1d541d2ae81f7a1aea05ae21a6217","tarball":"https://registry.npmjs.org/browser-refresh-client/-/browser-refresh-client-1.1.4.tgz"},"directories":{}}},"readme":"browser-refresh-client\n======================\n\nSmall module that allows the current child process launched by [browser-refresh](https://github.com/patrick-steele-idem/browser-refresh) to control the parent `browser-refresh` process. If the process was not launched by the `browser-refresh` launcher then operations will be a no-op.\n\n# Installation\n\n```bash\nnpm install browser-refresh-client --save\n```\n\n# Usage\n\n## Check if the current process was launched using `browser-refresh`\n\n```javascript\nrequire('browser-refresh-client').isBrowserRefreshEnabled();\n```\n\n\n## Enable special reloading of files\n\n```javascript\nrequire('browser-refresh-client')\n    .enableSpecialReload('*.foo *.bar')\n    .onFileModified(function(path) {\n        // Handle the modification of either a *.foo file or\n        // a *.bar file...\n    });\n```\n","maintainers":[{"name":"pnidem","email":"pnidem@gmail.com"}],"time":{"modified":"2015-09-11T20:40:19.209Z","created":"2014-12-11T18:14:41.084Z","1.0.0":"2014-12-11T18:14:41.084Z","1.1.0":"2015-03-17T21:59:26.473Z","1.1.1":"2015-06-10T22:56:56.140Z","1.1.2":"2015-09-10T18:00:28.780Z","1.1.3":"2015-09-11T12:45:37.806Z","1.1.4":"2015-09-11T20:40:19.209Z"},"homepage":"https://github.com/patrick-steele-idem/browser-refresh-client","keywords":["browser","refresh","live","coding","reload","watch"],"repository":{"type":"git","url":"https://github.com/patrick-steele-idem/browser-refresh-client.git"},"author":{"name":"Patrick Steele-Idem","email":"pnidem@gmail.com"},"bugs":{"url":"https://github.com/patrick-steele-idem/browser-refresh-client/issues"},"license":"MIT","readmeFilename":"README.md","_attachments":{},"_etag":"\"6QU2PNTCZEC8RZQGSSV4Q5Y74\"","_cached":true}