{"_id":"array-iterate","_rev":"6-ab5e1a7845d253b742b200de8dfd3a75","name":"array-iterate","description":"forEach with the possibility to change the next position","dist-tags":{"latest":"1.1.0"},"versions":{"0.0.1":{"name":"array-iterate","version":"0.0.1","description":"forEach with the possibility to change the next position","license":"MIT","keywords":["array","list","iterate","walk"],"repository":{"type":"git","url":"https://github.com/wooorm/array-iterate.git"},"author":{"name":"Titus Wormer","email":"tituswormer@gmail.com"},"devDependencies":{"eslint":"^0.9.0","istanbul":"^0.3.0","jscs":"^1.0.0","mocha":"^2.0.0"},"scripts":{"test":"_mocha --reporter spec --check-leaks -u exports test.js","test-travis":"istanbul cover node_modules/.bin/_mocha --report lcovonly -- --reporter spec --check-leaks -u exports test.js","coverage":"istanbul cover node_modules/.bin/_mocha -- -- test.js","lint":"npm run-script lint-api && npm run-script lint-test && npm run-script lint-style","lint-api":"eslint index.js","lint-test":"eslint test.js --env mocha","lint-style":"jscs index.js test.js --reporter=inline","make":"npm run-script lint && npm run-script coverage"},"gitHead":"228e8321787721c31f97fbb91279dbc20e7c9c99","bugs":{"url":"https://github.com/wooorm/array-iterate/issues"},"homepage":"https://github.com/wooorm/array-iterate","_id":"array-iterate@0.0.1","_shasum":"72915c2d6fdfe0615cf1c94996c10150f09bf792","_from":".","_npmVersion":"1.4.28","_npmUser":{"name":"wooorm","email":"tituswormer@gmail.com"},"maintainers":[{"name":"wooorm","email":"tituswormer@gmail.com"}],"dist":{"shasum":"72915c2d6fdfe0615cf1c94996c10150f09bf792","tarball":"https://registry.npmjs.org/array-iterate/-/array-iterate-0.0.1.tgz"},"directories":{}},"0.1.0":{"name":"array-iterate","version":"0.1.0","description":"forEach with the possibility to change the next position","license":"MIT","keywords":["array","list","iterate","walk"],"repository":{"type":"git","url":"https://github.com/wooorm/array-iterate.git"},"author":{"name":"Titus Wormer","email":"tituswormer@gmail.com"},"devDependencies":{"eslint":"^0.10.0","istanbul":"^0.3.0","jscs":"^1.0.0","mocha":"^2.0.0"},"scripts":{"test":"_mocha --reporter spec --check-leaks -u exports test.js","test-travis":"istanbul cover node_modules/.bin/_mocha --report lcovonly -- --reporter spec --check-leaks -u exports test.js","coverage":"istanbul cover node_modules/.bin/_mocha -- -- test.js","lint-api":"eslint index.js","lint-test":"eslint test.js --env mocha","lint-style":"jscs index.js test.js --reporter=inline","lint":"npm run lint-api && npm run lint-test && npm run lint-style","make":"npm run lint && npm run coverage"},"gitHead":"5d718b8f9d55e81b9cc5c942f39772cd472a4a17","bugs":{"url":"https://github.com/wooorm/array-iterate/issues"},"homepage":"https://github.com/wooorm/array-iterate","_id":"array-iterate@0.1.0","_shasum":"df308d9fc3940b886a3f4d053557fb5ca4d798d2","_from":".","_npmVersion":"1.4.28","_npmUser":{"name":"wooorm","email":"tituswormer@gmail.com"},"maintainers":[{"name":"wooorm","email":"tituswormer@gmail.com"}],"dist":{"shasum":"df308d9fc3940b886a3f4d053557fb5ca4d798d2","tarball":"https://registry.npmjs.org/array-iterate/-/array-iterate-0.1.0.tgz"},"directories":{}},"1.0.0":{"name":"array-iterate","version":"1.0.0","description":"forEach with the possibility to change the next position","license":"MIT","keywords":["array","list","iterate","walk"],"repository":{"type":"git","url":"git+https://github.com/wooorm/array-iterate.git"},"author":{"name":"Titus Wormer","email":"tituswormer@gmail.com"},"files":["index.js"],"devDependencies":{"browserify":"^11.0.0","eslint":"^1.0.0","esmangle":"^1.0.0","istanbul":"^0.3.0","jscs":"^2.0.0","jscs-jsdoc":"^1.0.0","mdast":"^1.0.0","mdast-comment-config":"^1.0.0","mdast-github":"^1.0.0","mdast-lint":"^1.0.0","mdast-slug":"^1.0.0","mdast-validate-links":"^1.0.0","mocha":"^2.0.0"},"scripts":{"test-api":"mocha --check-leaks test.js","test-coverage":"istanbul cover _mocha -- test.js","test-travis":"npm run test-coverage","test":"npm run test-api","lint-api":"eslint .","lint-style":"jscs --reporter inline .","lint":"npm run lint-api && npm run lint-style","make":"npm run lint && npm run test-coverage","bundle":"browserify index.js --no-builtins -s arrayIterate > array-iterate.js","postbundle":"esmangle array-iterate.js > array-iterate.min.js","build-md":"mdast . --quiet","build":"npm run bundle && npm run build-md"},"gitHead":"8a8d4d42e175db72c0fa206dfc191d13dfe63a60","bugs":{"url":"https://github.com/wooorm/array-iterate/issues"},"homepage":"https://github.com/wooorm/array-iterate#readme","_id":"array-iterate@1.0.0","_shasum":"67cf333391a0fda11bb38c2ec00a104cafdb2ce3","_from":".","_npmVersion":"2.13.2","_nodeVersion":"2.5.0","_npmUser":{"name":"wooorm","email":"tituswormer@gmail.com"},"dist":{"shasum":"67cf333391a0fda11bb38c2ec00a104cafdb2ce3","tarball":"https://registry.npmjs.org/array-iterate/-/array-iterate-1.0.0.tgz"},"maintainers":[{"name":"wooorm","email":"tituswormer@gmail.com"}],"directories":{}},"1.1.0":{"name":"array-iterate","version":"1.1.0","description":"forEach with the possibility to change the next position","license":"MIT","keywords":["array","list","iterate","walk"],"dependencies":{"has":"^1.0.1"},"repository":{"type":"git","url":"git+https://github.com/wooorm/array-iterate.git"},"bugs":{"url":"https://github.com/wooorm/array-iterate/issues"},"author":{"name":"Titus Wormer","email":"tituswormer@gmail.com","url":"http://wooorm.com"},"contributors":[{"name":"Titus Wormer","email":"tituswormer@gmail.com","url":"http://wooorm.com"}],"engines":{"node":">=0.11.0"},"files":["index.js"],"devDependencies":{"browserify":"^13.0.0","esmangle":"^1.0.0","nyc":"^7.1.0","remark-cli":"^1.0.0","remark-comment-config":"^4.0.0","remark-github":"^5.0.0","remark-lint":"^4.0.0","remark-toc":"^3.0.0","remark-validate-links":"^4.0.0","tape":"^4.4.0","xo":"^0.16.0"},"scripts":{"build-md":"remark . --quiet --frail","build-bundle":"browserify index.js -s arrayIterate > array-iterate.js","build-mangle":"esmangle array-iterate.js > array-iterate.min.js","build":"npm run build-md && npm run build-bundle && npm run build-mangle","lint":"xo","test-api":"node test","test-coverage":"nyc --reporter lcov tape test.js","test":"npm run build && npm run lint && npm run test-coverage"},"nyc":{"check-coverage":true,"lines":100,"functions":100,"branches":100},"xo":{"space":true,"rules":{"guard-for-in":"off","max-lines":"off"},"ignores":["array-iterate.js","array-iterate.min.js"]},"remarkConfig":{"output":true,"plugins":{"comment-config":null,"lint":{"heading-increment":false,"no-duplicate-headings":false,"list-item-spacing":false},"github":null,"toc":{"tight":true,"maxDepth":3},"validate-links":null},"settings":{"bullet":"*"}},"gitHead":"97471f01e1e76c8604e870fd6cdac1d90383f824","homepage":"https://github.com/wooorm/array-iterate#readme","_id":"array-iterate@1.1.0","_shasum":"4f13148ffffa5f2756b50460e5eac8eed31a14e6","_from":".","_npmVersion":"3.3.6","_nodeVersion":"5.0.0","_npmUser":{"name":"wooorm","email":"tituswormer@gmail.com"},"dist":{"shasum":"4f13148ffffa5f2756b50460e5eac8eed31a14e6","tarball":"https://registry.npmjs.org/array-iterate/-/array-iterate-1.1.0.tgz"},"maintainers":[{"name":"wooorm","email":"tituswormer@gmail.com"}],"_npmOperationalInternal":{"host":"packages-12-west.internal.npmjs.com","tmp":"tmp/array-iterate-1.1.0.tgz_1470649486601_0.29966444545425475"},"directories":{}}},"readme":"# array-iterate [![Build Status][travis-badge]][travis] [![Coverage Status][codecov-badge]][codecov]\n\n[`Array#forEach()`][foreach] with the possibility to change the next\nposition.\n\n## Installation\n\n[npm][]:\n\n```bash\nnpm install array-iterate\n```\n\n## Usage\n\n```js\nvar iterate = require('array-iterate');\nvar isFirst = true;\nvar context = 'iterate';\n\niterate([1, 2, 3, 4], function (value, index, values) {\n  console.log(this, value, index, values)\n\n  if (isFirst && index + 1 === values.length) {\n    isFirst = false;\n    return 0;\n  }\n}, context);\n/**\n * [String: 'iterate'], 1, 0, [ 1, 2, 3, 4 ]\n * [String: 'iterate'], 2, 1, [ 1, 2, 3, 4 ]\n * [String: 'iterate'], 3, 2, [ 1, 2, 3, 4 ]\n * [String: 'iterate'], 4, 3, [ 1, 2, 3, 4 ]\n * [String: 'iterate'], 1, 0, [ 1, 2, 3, 4 ]\n * [String: 'iterate'], 2, 1, [ 1, 2, 3, 4 ]\n * [String: 'iterate'], 3, 2, [ 1, 2, 3, 4 ]\n * [String: 'iterate'], 4, 3, [ 1, 2, 3, 4 ]\n */\n```\n\n## API\n\n### `iterate(values, callback[, context])`\n\nFunctions just like [`Array#forEach()`][foreach], but when `callback`\nreturns a `number`, iterates over the item at `number` next.\n\n###### Parameters\n\n*   `values` (`Array`-like thing)\n    — Values to iterate over\n*   `callback` ([`Function`][callback])\n    — Callback given to `iterate`.\n*   `context` (`*`, optional)\n    — Context object to use when invoking `callback`.\n\n#### `function callback(value, index, values)`\n\nCallback given to `iterate`.\n\n###### Parameters\n\n*   `value` (`*`) — Current iteration;\n*   `index` (`number`) — Position of `value` in `values`;\n*   `values` (`Array`-like thing) — Currently iterated over.\n\n###### Context\n\n`context`, when given to `iterate`.\n\n###### Returns\n\n`number` (optional) — Position to go to next.\n\n## License\n\n[MIT][license] © [Titus Wormer][author]\n\n<!-- Definitions -->\n\n[travis-badge]: https://img.shields.io/travis/wooorm/array-iterate.svg\n\n[travis]: https://travis-ci.org/wooorm/array-iterate\n\n[codecov-badge]: https://img.shields.io/codecov/c/github/wooorm/array-iterate.svg\n\n[codecov]: https://codecov.io/github/wooorm/array-iterate\n\n[npm]: https://docs.npmjs.com/cli/install\n\n[license]: LICENSE\n\n[author]: http://wooorm.com\n\n[foreach]: https://developer.mozilla.org/en-US/docs/Web/JavaScript/Reference/Global_Objects/Array/forEach\n\n[callback]: #function-callbackvalue-index-values\n","maintainers":[{"name":"wooorm","email":"tituswormer@gmail.com"}],"time":{"modified":"2016-08-08T09:44:48.519Z","created":"2014-11-12T17:23:09.109Z","0.0.1":"2014-11-12T17:23:09.109Z","0.1.0":"2014-12-05T13:19:16.584Z","1.0.0":"2015-08-23T11:20:58.549Z","1.1.0":"2016-08-08T09:44:48.519Z"},"homepage":"https://github.com/wooorm/array-iterate#readme","keywords":["array","list","iterate","walk"],"repository":{"type":"git","url":"git+https://github.com/wooorm/array-iterate.git"},"author":{"name":"Titus Wormer","email":"tituswormer@gmail.com","url":"http://wooorm.com"},"bugs":{"url":"https://github.com/wooorm/array-iterate/issues"},"license":"MIT","readmeFilename":"readme.md","contributors":[{"name":"Titus Wormer","email":"tituswormer@gmail.com","url":"http://wooorm.com"}],"_attachments":{},"_etag":"\"668YKI89S0HRX6JETQ2G797FG\"","_cached":true}