{"_id":"indent","_rev":"5-4191f6b7d3e108bdab72d4f6434efba8","name":"indent","description":"Indents a string.","dist-tags":{"latest":"0.0.2"},"versions":{"0.0.0":{"name":"indent","version":"0.0.0","description":"Indents a string.","main":"index.js","repository":{"type":"git","url":"https://github.com/airportyh/indent.git"},"keywords":["string","indentation"],"author":{"name":"Toby Ho"},"license":"MIT","bugs":{"url":"https://github.com/airportyh/indent/issues"},"homepage":"https://github.com/airportyh/indent","_id":"indent@0.0.0","dist":{"shasum":"c2132b434a25c2cf9a471bba7d40855ec16045cb","tarball":"https://registry.npmjs.org/indent/-/indent-0.0.0.tgz"},"_from":".","_npmVersion":"1.3.24","_npmUser":{"name":"airportyh","email":"airportyh@gmail.com"},"maintainers":[{"name":"airportyh","email":"airportyh@gmail.com"}],"directories":{}},"0.0.1":{"name":"indent","version":"0.0.1","description":"Indents a string.","main":"index.js","repository":{"type":"git","url":"https://github.com/airportyh/indent.git"},"keywords":["string","indentation"],"author":{"name":"Toby Ho"},"license":"MIT","devDependencies":{"mocha":"^1.18.2"},"bugs":{"url":"https://github.com/airportyh/indent/issues"},"homepage":"https://github.com/airportyh/indent","_id":"indent@0.0.1","dist":{"shasum":"0913418dbc010ba00d4b583312092f330dd16839","tarball":"https://registry.npmjs.org/indent/-/indent-0.0.1.tgz"},"_from":".","_npmVersion":"1.4.3","_npmUser":{"name":"airportyh","email":"airportyh@gmail.com"},"maintainers":[{"name":"airportyh","email":"airportyh@gmail.com"}],"directories":{}},"0.0.2":{"name":"indent","description":"Indents a string.","version":"0.0.2","author":{"name":"Toby Ho"},"devDependencies":{"mocha":"^2.2.1"},"keywords":["string","indentation"],"license":"MIT","main":"index.js","repository":{"type":"git","url":"git+https://github.com/airportyh/indent.git"},"scripts":{"test":"mocha"},"gitHead":"ee0a85604e43684e6a8e6b6bd419950cd441a66d","bugs":{"url":"https://github.com/airportyh/indent/issues"},"homepage":"https://github.com/airportyh/indent#readme","_id":"indent@0.0.2","_shasum":"8c79f080190559b687034b84c7aefa97d5a911d9","_from":".","_npmVersion":"3.3.12","_nodeVersion":"5.5.0","_npmUser":{"name":"airportyh","email":"airportyh@gmail.com"},"dist":{"shasum":"8c79f080190559b687034b84c7aefa97d5a911d9","tarball":"https://registry.npmjs.org/indent/-/indent-0.0.2.tgz"},"maintainers":[{"name":"airportyh","email":"airportyh@gmail.com"}],"_npmOperationalInternal":{"host":"packages-5-east.internal.npmjs.com","tmp":"tmp/indent-0.0.2.tgz_1456173625778_0.6831858265213668"},"directories":{}}},"readme":"# Indent\n[![Build Status](http://img.shields.io/travis/airportyh/indent.svg?style=flat-square)](https://travis-ci.org/airportyh/indent) [![NPM version](http://img.shields.io/npm/v/indent.svg?style=flat-square)](https://www.npmjs.org/package/indent) [![NPM license](http://img.shields.io/npm/l/indent.svg?style=flat-square)](https://www.npmjs.org/package/indent)\n\nIndent a string.\n\n## Install\n\n```\nnpm install indent\n```\n\n## Usage\n\n```js\nvar indent = require('indent');\n\nindent('hello\\nworld', 2);\n// \"  hello\\n  world\"\n\nindent('hello\\nworld', '  ');\n// \"  hello\\n  world\"\n\nindent('hello\\nworld');\n// \"  hello\\n  world\"\n\nindent('hello\\nworld', '\\t');\n// \"\\thello\\n\\tworld\"\n```\n","maintainers":[{"name":"airportyh","email":"airportyh@gmail.com"}],"time":{"modified":"2016-02-22T20:40:29.361Z","created":"2014-04-07T11:54:38.989Z","0.0.0":"2014-04-07T11:54:38.989Z","0.0.1":"2014-04-28T14:13:34.212Z","0.0.2":"2016-02-22T20:40:29.361Z"},"homepage":"https://github.com/airportyh/indent#readme","keywords":["string","indentation"],"repository":{"type":"git","url":"git+https://github.com/airportyh/indent.git"},"author":{"name":"Toby Ho"},"bugs":{"url":"https://github.com/airportyh/indent/issues"},"license":"MIT","readmeFilename":"README.md","_attachments":{},"_etag":"\"EF3CXFHEK0T42REQ38MSIWJH3\"","_cached":true}