{"_id":"deresolve","_rev":"4-042114e5bdd6f5709cb036315e616c96","name":"deresolve","description":"The inverse of require.resolve()","dist-tags":{"latest":"1.1.1"},"versions":{"1.0.0":{"name":"deresolve","description":"The inverse of require.resolve()","scripts":{"test":"npm run mocha && npm run jshint","mocha":"mocha --ui bdd --reporter spec test/","jshint":"jshint src/"},"author":{"name":"Patrick Steele-Idem","email":"pnidem@gmail.com"},"maintainers":[{"name":"pnidem","email":"pnidem@gmail.com"}],"dependencies":{"raptor-polyfill":"^1.0.2","resolve-from":"^1.0.1","lasso-package-root":"^1.0.0"},"devDependencies":{"app-module-path":"^1.0.0","chai":"~1.8.1","jshint":"^2.9.1","mocha":"~1.15.1"},"license":"Apache-2.0","bin":{},"main":"src/index.js","publishConfig":{"registry":"https://registry.npmjs.org/"},"version":"1.0.0","directories":{"test":"test"},"repository":{"type":"git","url":"git+https://github.com/patrick-steele-idem/deresolve.git"},"bugs":{"url":"https://github.com/patrick-steele-idem/deresolve/issues"},"homepage":"https://github.com/patrick-steele-idem/deresolve#readme","gitHead":"7a9d9d6abfefd2cf6ca7ea37d64b907098592427","_id":"deresolve@1.0.0","_shasum":"8e3d53e7f19b907f1a73a55401c0cb5aa04ec6dc","_from":".","_npmVersion":"2.14.12","_nodeVersion":"4.3.1","_npmUser":{"name":"pnidem","email":"pnidem@gmail.com"},"dist":{"shasum":"8e3d53e7f19b907f1a73a55401c0cb5aa04ec6dc","tarball":"https://registry.npmjs.org/deresolve/-/deresolve-1.0.0.tgz"},"_npmOperationalInternal":{"host":"packages-12-west.internal.npmjs.com","tmp":"tmp/deresolve-1.0.0.tgz_1459810675963_0.9751008322928101"}},"1.0.1":{"name":"deresolve","description":"The inverse of require.resolve()","scripts":{"test":"npm run mocha && npm run jshint","mocha":"mocha --ui bdd --reporter spec test/","jshint":"jshint src/"},"author":{"name":"Patrick Steele-Idem","email":"pnidem@gmail.com"},"maintainers":[{"name":"pnidem","email":"pnidem@gmail.com"}],"dependencies":{"raptor-polyfill":"^1.0.2","resolve-from":"^1.0.1","lasso-package-root":"^1.0.0"},"devDependencies":{"app-module-path":"^1.0.0","chai":"~1.8.1","jshint":"^2.9.1","mocha":"~1.15.1"},"license":"Apache-2.0","bin":{},"main":"src/index.js","publishConfig":{"registry":"https://registry.npmjs.org/"},"version":"1.0.1","directories":{"test":"test"},"repository":{"type":"git","url":"git+https://github.com/patrick-steele-idem/deresolve.git"},"bugs":{"url":"https://github.com/patrick-steele-idem/deresolve/issues"},"homepage":"https://github.com/patrick-steele-idem/deresolve#readme","gitHead":"4ccf250e0643d8372916bef29d3ec919fc7a9b03","_id":"deresolve@1.0.1","_shasum":"88a115d226ca056213b3f5d2644aaa4d2a8f79dd","_from":".","_npmVersion":"2.14.20","_nodeVersion":"0.10.35","_npmUser":{"name":"pnidem","email":"pnidem@gmail.com"},"dist":{"shasum":"88a115d226ca056213b3f5d2644aaa4d2a8f79dd","tarball":"https://registry.npmjs.org/deresolve/-/deresolve-1.0.1.tgz"},"_npmOperationalInternal":{"host":"packages-12-west.internal.npmjs.com","tmp":"tmp/deresolve-1.0.1.tgz_1459994190738_0.4677850743755698"}},"1.1.0":{"name":"deresolve","description":"The inverse of require.resolve()","scripts":{"test":"npm run mocha && npm run jshint","mocha":"mocha --ui bdd --reporter spec test/","jshint":"jshint src/"},"author":{"name":"Patrick Steele-Idem","email":"pnidem@gmail.com"},"maintainers":[{"name":"pnidem","email":"pnidem@gmail.com"}],"dependencies":{"raptor-polyfill":"^1.0.2","resolve-from":"^1.0.1","lasso-package-root":"^1.0.0"},"devDependencies":{"app-module-path":"^1.0.0","chai":"~1.8.1","jshint":"^2.9.1","mocha":"~1.15.1"},"license":"Apache-2.0","bin":{},"main":"src/index.js","publishConfig":{"registry":"https://registry.npmjs.org/"},"version":"1.1.0","directories":{"test":"test"},"repository":{"type":"git","url":"git+https://github.com/patrick-steele-idem/deresolve.git"},"bugs":{"url":"https://github.com/patrick-steele-idem/deresolve/issues"},"homepage":"https://github.com/patrick-steele-idem/deresolve#readme","gitHead":"ceb4b5f895d3ab0f7bad77c7652ea2a8aec2077d","_id":"deresolve@1.1.0","_shasum":"d873af0960b69a545b8440b02a418591ee697990","_from":".","_npmVersion":"2.14.20","_nodeVersion":"0.10.35","_npmUser":{"name":"pnidem","email":"pnidem@gmail.com"},"dist":{"shasum":"d873af0960b69a545b8440b02a418591ee697990","tarball":"https://registry.npmjs.org/deresolve/-/deresolve-1.1.0.tgz"},"_npmOperationalInternal":{"host":"packages-16-east.internal.npmjs.com","tmp":"tmp/deresolve-1.1.0.tgz_1461000691191_0.7816114905290306"}},"1.1.1":{"name":"deresolve","description":"The inverse of require.resolve()","scripts":{"test":"npm run mocha && npm run jshint","mocha":"mocha --ui bdd --reporter spec test/","jshint":"jshint src/"},"author":{"name":"Patrick Steele-Idem","email":"pnidem@gmail.com"},"maintainers":[{"name":"pnidem","email":"pnidem@gmail.com"}],"dependencies":{"raptor-polyfill":"^1.0.2","resolve-from":"^1.0.1","lasso-package-root":"^1.0.0"},"devDependencies":{"app-module-path":"^1.0.0","chai":"~1.8.1","jshint":"^2.9.1","mocha":"~1.15.1"},"license":"Apache-2.0","bin":{},"main":"src/index.js","publishConfig":{"registry":"https://registry.npmjs.org/"},"version":"1.1.1","directories":{"test":"test"},"repository":{"type":"git","url":"git+https://github.com/patrick-steele-idem/deresolve.git"},"bugs":{"url":"https://github.com/patrick-steele-idem/deresolve/issues"},"homepage":"https://github.com/patrick-steele-idem/deresolve#readme","gitHead":"f11e3e67f281ad3fd35c973aef596e52b739eb05","_id":"deresolve@1.1.1","_shasum":"daee5c7e60d11438fca9fefb66cffb4e652755fc","_from":".","_npmVersion":"3.8.6","_nodeVersion":"6.0.0","_npmUser":{"name":"pnidem","email":"pnidem@gmail.com"},"dist":{"shasum":"daee5c7e60d11438fca9fefb66cffb4e652755fc","tarball":"https://registry.npmjs.org/deresolve/-/deresolve-1.1.1.tgz"},"_npmOperationalInternal":{"host":"packages-12-west.internal.npmjs.com","tmp":"tmp/deresolve-1.1.1.tgz_1461770847840_0.6594084650278091"}}},"readme":"ERROR: No README data found!","maintainers":[{"name":"pnidem","email":"pnidem@gmail.com"}],"time":{"modified":"2016-04-27T15:27:28.267Z","created":"2016-04-04T22:57:58.463Z","1.0.0":"2016-04-04T22:57:58.463Z","1.0.1":"2016-04-07T01:56:31.234Z","1.1.0":"2016-04-18T17:31:32.280Z","1.1.1":"2016-04-27T15:27:28.267Z"},"homepage":"https://github.com/patrick-steele-idem/deresolve#readme","repository":{"type":"git","url":"git+https://github.com/patrick-steele-idem/deresolve.git"},"author":{"name":"Patrick Steele-Idem","email":"pnidem@gmail.com"},"bugs":{"url":"https://github.com/patrick-steele-idem/deresolve/issues"},"license":"Apache-2.0","readmeFilename":"","_attachments":{},"_etag":"\"S7SIIPF62HWMFWDI456LJVN7\"","_cached":true}