{"_id":"comment-parser","_rev":"34-b0656af822620d31a8caf68da10a3fb1","name":"comment-parser","description":"Generic JSDoc-like comment parser. ","dist-tags":{"latest":"0.4.0"},"versions":{"0.1.0":{"name":"comment-parser","version":"0.1.0","description":"Generic JSDoc-like comment parser.","main":"index.js","directories":{"test":"tests"},"dependencies":{"event-stream":"~3.1.0","lodash":"~2.4.1"},"devDependencies":{"mocha":"~1.17.1","chai":"~1.9.0"},"scripts":{"test":"mocha tests/*"},"repository":{"type":"git","url":"git@github.com:yavorskiy/comment-parser.git"},"keywords":["jsdoc","comments","parser"],"author":{"name":"Sergii Iavorskyi","email":"yavorskiy.s@gmail.com","url":"https://github.com/yavorskiy"},"license":"MIT","bugs":{"url":"https://github.com/yavorskiy/comment-parser/issues"},"homepage":"https://github.com/yavorskiy/comment-parser","_id":"comment-parser@0.1.0","dist":{"shasum":"e00ca1f468c5334877fb4ee75c9971f462b94048","tarball":"https://registry.npmjs.org/comment-parser/-/comment-parser-0.1.0.tgz"},"_from":".","_npmVersion":"1.3.14","_npmUser":{"name":"yavorskiys","email":"yavorskiy.s@gmail.com"},"maintainers":[{"name":"yavorskiys","email":"yavorskiy.s@gmail.com"}]},"0.1.1":{"name":"comment-parser","version":"0.1.1","description":"Generic JSDoc-like comment parser. ","main":"index.js","directories":{"test":"tests"},"dependencies":{"lodash":"~2.4.1"},"devDependencies":{"mocha":"~1.17.1","chai":"~1.9.0"},"scripts":{"test":"mocha tests/*"},"repository":{"type":"git","url":"git@github.com:yavorskiy/comment-parser.git"},"keywords":["jsdoc","comments","parser"],"author":{"name":"Sergii Iavorskyi","email":"yavorskiy.s@gmail.com","url":"https://github.com/yavorskiy"},"license":"MIT","bugs":{"url":"https://github.com/yavorskiy/comment-parser/issues"},"homepage":"https://github.com/yavorskiy/comment-parser","_id":"comment-parser@0.1.1","dist":{"shasum":"4da06f600d0fd5622d4813be242c1490b24a151d","tarball":"https://registry.npmjs.org/comment-parser/-/comment-parser-0.1.1.tgz"},"_from":".","_npmVersion":"1.3.14","_npmUser":{"name":"yavorskiys","email":"yavorskiy.s@gmail.com"},"maintainers":[{"name":"yavorskiys","email":"yavorskiy.s@gmail.com"}]},"0.1.2":{"name":"comment-parser","version":"0.1.2","description":"Generic JSDoc-like comment parser. ","main":"index.js","directories":{"test":"tests"},"dependencies":{"lodash":"~2.4.1"},"devDependencies":{"mocha":"~1.17.1","chai":"~1.9.0"},"scripts":{"test":"mocha tests/*"},"repository":{"type":"git","url":"git@github.com:yavorskiy/comment-parser.git"},"keywords":["jsdoc","comments","parser"],"author":{"name":"Sergii Iavorskyi","email":"yavorskiy.s@gmail.com","url":"https://github.com/yavorskiy"},"license":"MIT","bugs":{"url":"https://github.com/yavorskiy/comment-parser/issues"},"homepage":"https://github.com/yavorskiy/comment-parser","_id":"comment-parser@0.1.2","dist":{"shasum":"43420460369d723963142f13c457a4d81c2facf7","tarball":"https://registry.npmjs.org/comment-parser/-/comment-parser-0.1.2.tgz"},"_from":".","_npmVersion":"1.3.14","_npmUser":{"name":"yavorskiys","email":"yavorskiy.s@gmail.com"},"maintainers":[{"name":"yavorskiys","email":"yavorskiy.s@gmail.com"}]},"0.2.0":{"name":"comment-parser","version":"0.2.0","description":"Generic JSDoc-like comment parser. ","main":"index.js","directories":{"test":"tests"},"dependencies":{"lodash":"~2.4.1"},"devDependencies":{"mocha":"~1.17.1","chai":"~1.9.0"},"scripts":{"test":"mocha tests/*"},"repository":{"type":"git","url":"git@github.com:yavorskiy/comment-parser.git"},"keywords":["jsdoc","comments","parser"],"author":{"name":"Sergii Iavorskyi","email":"yavorskiy.s@gmail.com","url":"https://github.com/yavorskiy"},"license":"MIT","bugs":{"url":"https://github.com/yavorskiy/comment-parser/issues"},"homepage":"https://github.com/yavorskiy/comment-parser","gitHead":"6fbf854082e875b6f54ef3611938a5ac30630e1b","_id":"comment-parser@0.2.0","_shasum":"da18efa028982f41d112cac64a191c4a4b77a164","_from":".","_npmVersion":"1.4.13","_npmUser":{"name":"yavorskiys","email":"yavorskiy.s@gmail.com"},"maintainers":[{"name":"yavorskiys","email":"yavorskiy.s@gmail.com"}],"dist":{"shasum":"da18efa028982f41d112cac64a191c4a4b77a164","tarball":"https://registry.npmjs.org/comment-parser/-/comment-parser-0.2.0.tgz"}},"0.2.1":{"name":"comment-parser","version":"0.2.1","description":"Generic JSDoc-like comment parser. ","main":"index.js","directories":{"test":"tests"},"dependencies":{"lodash":"~2.4.1"},"devDependencies":{"mocha":"~1.17.1","chai":"~1.9.0"},"scripts":{"test":"mocha tests/*"},"repository":{"type":"git","url":"git@github.com:yavorskiy/comment-parser.git"},"keywords":["jsdoc","comments","parser"],"author":{"name":"Sergii Iavorskyi","email":"yavorskiy.s@gmail.com","url":"https://github.com/yavorskiy"},"license":"MIT","bugs":{"url":"https://github.com/yavorskiy/comment-parser/issues"},"homepage":"https://github.com/yavorskiy/comment-parser","gitHead":"a885ae3580dfc9f9fb4ff886c11c363b2f4b9c65","_id":"comment-parser@0.2.1","_shasum":"48c296c5bddc3d716ece79381f31bbd20867c3f2","_from":".","_npmVersion":"1.4.13","_npmUser":{"name":"yavorskiys","email":"yavorskiy.s@gmail.com"},"maintainers":[{"name":"yavorskiys","email":"yavorskiy.s@gmail.com"}],"dist":{"shasum":"48c296c5bddc3d716ece79381f31bbd20867c3f2","tarball":"https://registry.npmjs.org/comment-parser/-/comment-parser-0.2.1.tgz"}},"0.2.2":{"name":"comment-parser","version":"0.2.2","description":"Generic JSDoc-like comment parser. ","main":"index.js","directories":{"test":"tests"},"dependencies":{"lodash":"~2.4.1"},"devDependencies":{"mocha":"~1.17.1","chai":"~1.9.0"},"scripts":{"test":"mocha tests/*"},"repository":{"type":"git","url":"git@github.com:yavorskiy/comment-parser.git"},"keywords":["jsdoc","comments","parser"],"author":{"name":"Sergii Iavorskyi","email":"yavorskiy.s@gmail.com","url":"https://github.com/yavorskiy"},"license":"MIT","bugs":{"url":"https://github.com/yavorskiy/comment-parser/issues"},"homepage":"https://github.com/yavorskiy/comment-parser","gitHead":"bc8a7822f03eba1d38c4779989c0590f0fe87aaa","_id":"comment-parser@0.2.2","_shasum":"59ee350cfe837021831235c711bd7874ad4ddb4a","_from":".","_npmVersion":"1.4.13","_npmUser":{"name":"yavorskiys","email":"yavorskiy.s@gmail.com"},"maintainers":[{"name":"yavorskiys","email":"yavorskiy.s@gmail.com"}],"dist":{"shasum":"59ee350cfe837021831235c711bd7874ad4ddb4a","tarball":"https://registry.npmjs.org/comment-parser/-/comment-parser-0.2.2.tgz"}},"0.2.3":{"name":"comment-parser","version":"0.2.3","description":"Generic JSDoc-like comment parser. ","main":"index.js","directories":{"test":"tests"},"dependencies":{},"devDependencies":{"mocha":"~1.17.1","chai":"~1.9.0"},"scripts":{"test":"mocha tests/*"},"repository":{"type":"git","url":"git@github.com:yavorskiy/comment-parser.git"},"keywords":["jsdoc","comments","parser"],"author":{"name":"Sergii Iavorskyi","email":"yavorskiy.s@gmail.com","url":"https://github.com/yavorskiy"},"license":"MIT","bugs":{"url":"https://github.com/yavorskiy/comment-parser/issues"},"homepage":"https://github.com/yavorskiy/comment-parser","gitHead":"2b221cd9d9f0e6230304e2da9c9136e73ee8984f","_id":"comment-parser@0.2.3","_shasum":"8d91ef5b748dc147a2209da214e186b28f0ea87a","_from":".","_npmVersion":"1.4.13","_npmUser":{"name":"yavorskiys","email":"yavorskiy.s@gmail.com"},"maintainers":[{"name":"yavorskiys","email":"yavorskiy.s@gmail.com"}],"dist":{"shasum":"8d91ef5b748dc147a2209da214e186b28f0ea87a","tarball":"https://registry.npmjs.org/comment-parser/-/comment-parser-0.2.3.tgz"}},"0.2.4":{"name":"comment-parser","version":"0.2.4","description":"Generic JSDoc-like comment parser. ","main":"index.js","directories":{"test":"tests"},"dependencies":{},"devDependencies":{"mocha":"~1.17.1","chai":"~1.9.0"},"scripts":{"test":"mocha tests/*"},"repository":{"type":"git","url":"git@github.com:yavorskiy/comment-parser.git"},"keywords":["jsdoc","comments","parser"],"author":{"name":"Sergii Iavorskyi","email":"yavorskiy.s@gmail.com","url":"https://github.com/yavorskiy"},"license":"MIT","bugs":{"url":"https://github.com/yavorskiy/comment-parser/issues"},"homepage":"https://github.com/yavorskiy/comment-parser","gitHead":"cc52b71ae3233493e4e1df813b978d25dea5cb1a","_id":"comment-parser@0.2.4","_shasum":"ba753c7e08e4d50ab4011cb1d4be5831ec17be99","_from":".","_npmVersion":"2.1.10","_nodeVersion":"0.10.33","_npmUser":{"name":"yavorskiys","email":"yavorskiy.s@gmail.com"},"maintainers":[{"name":"yavorskiys","email":"yavorskiy.s@gmail.com"}],"dist":{"shasum":"ba753c7e08e4d50ab4011cb1d4be5831ec17be99","tarball":"https://registry.npmjs.org/comment-parser/-/comment-parser-0.2.4.tgz"}},"0.3.0":{"name":"comment-parser","version":"0.3.0","description":"Generic JSDoc-like comment parser. ","main":"index.js","directories":{"test":"tests"},"dependencies":{},"devDependencies":{"chai":"~1.9.0","jshint":"^2.5.10","jshint-stylish":"^1.0.0","mocha":"~1.17.1","nodemon":"^1.2.1"},"scripts":{"test":"jshint --reporter node_modules/jshint-stylish/stylish.js index.js && mocha tests/*","watch":"nodemon -q -w index.js -w tests/ -x npm test"},"repository":{"type":"git","url":"git@github.com:yavorskiy/comment-parser.git"},"keywords":["jsdoc","comments","parser"],"author":{"name":"Sergii Iavorskyi","email":"yavorskiy.s@gmail.com","url":"https://github.com/yavorskiy"},"license":"MIT","bugs":{"url":"https://github.com/yavorskiy/comment-parser/issues"},"homepage":"https://github.com/yavorskiy/comment-parser","gitHead":"49f191f066f6d57bc5239ce9a1d39149f0143884","_id":"comment-parser@0.3.0","_shasum":"797f2b86628915a5ad045b6aa57d42720509e657","_from":".","_npmVersion":"2.1.10","_nodeVersion":"0.10.33","_npmUser":{"name":"yavorskiys","email":"yavorskiy.s@gmail.com"},"maintainers":[{"name":"yavorskiys","email":"yavorskiy.s@gmail.com"}],"dist":{"shasum":"797f2b86628915a5ad045b6aa57d42720509e657","tarball":"https://registry.npmjs.org/comment-parser/-/comment-parser-0.3.0.tgz"}},"0.3.1":{"name":"comment-parser","version":"0.3.1","description":"Generic JSDoc-like comment parser. ","main":"index.js","directories":{"test":"tests"},"dependencies":{"readable-stream":"^2.0.4"},"devDependencies":{"chai":"~1.9.0","jshint":"^2.5.10","jshint-stylish":"^1.0.0","mocha":"~1.17.1","nodemon":"^1.2.1"},"scripts":{"test":"jshint --reporter node_modules/jshint-stylish/stylish.js index.js && mocha tests/*","watch":"nodemon -q -w index.js -w tests/ -x npm test"},"repository":{"type":"git","url":"git+ssh://git@github.com/yavorskiy/comment-parser.git"},"keywords":["jsdoc","comments","parser"],"author":{"name":"Sergii Iavorskyi","email":"yavorskiy.s@gmail.com","url":"https://github.com/yavorskiy"},"license":"MIT","bugs":{"url":"https://github.com/yavorskiy/comment-parser/issues"},"homepage":"https://github.com/yavorskiy/comment-parser","gitHead":"a4c62837c1a2bf2399379de23268b442ccc51db5","_id":"comment-parser@0.3.1","_shasum":"fd657aac8c1492d308c9a6100fc9b49d2435aba1","_from":".","_npmVersion":"2.11.3","_nodeVersion":"0.12.7","_npmUser":{"name":"yavorskiys","email":"yavorskiy.s@gmail.com"},"dist":{"shasum":"fd657aac8c1492d308c9a6100fc9b49d2435aba1","tarball":"https://registry.npmjs.org/comment-parser/-/comment-parser-0.3.1.tgz"},"maintainers":[{"name":"yavorskiys","email":"yavorskiy.s@gmail.com"}]},"0.4.0":{"name":"comment-parser","version":"0.4.0","description":"Generic JSDoc-like comment parser. ","main":"index.js","directories":{"test":"tests"},"dependencies":{"readable-stream":"^2.0.4"},"devDependencies":{"chai":"~1.9.0","jshint":"^2.5.10","jshint-stylish":"^1.0.0","mocha":"~1.17.1","nodemon":"^1.2.1"},"scripts":{"test":"jshint --reporter node_modules/jshint-stylish/stylish.js index.js && mocha tests/*","watch":"nodemon -q -w index.js -w parser.js -w tests/ -x npm test"},"repository":{"type":"git","url":"git+ssh://git@github.com/yavorskiy/comment-parser.git"},"keywords":["jsdoc","comments","parser"],"author":{"name":"Sergii Iavorskyi","email":"yavorskiy.s@gmail.com","url":"https://github.com/yavorskiy"},"license":"MIT","bugs":{"url":"https://github.com/yavorskiy/comment-parser/issues"},"homepage":"https://github.com/yavorskiy/comment-parser","gitHead":"7fa0cd73f9ed23c5b7e9f0258301a776c663b521","_id":"comment-parser@0.4.0","_shasum":"b274a3c924b6b2e55768f712acd3e3003cb55f57","_from":".","_npmVersion":"2.11.3","_nodeVersion":"0.12.7","_npmUser":{"name":"yavorskiys","email":"yavorskiy.s@gmail.com"},"dist":{"shasum":"b274a3c924b6b2e55768f712acd3e3003cb55f57","tarball":"https://registry.npmjs.org/comment-parser/-/comment-parser-0.4.0.tgz"},"maintainers":[{"name":"yavorskiys","email":"yavorskiy.s@gmail.com"}],"_npmOperationalInternal":{"host":"packages-6-west.internal.npmjs.com","tmp":"tmp/comment-parser-0.4.0.tgz_1454957370745_0.3444726690649986"}}},"readme":"# comment-parser\n\n\nGeneric JSDoc-like comment parser. This library is not intended to be documentation generator, but rather composite unit for it.\n\n`npm install comment-parser`\n\nModule provides `parse(s:String[, options:Object]):Object` function which takes `/** ... */` comment string and returns array  of objects with parsed data.\n\nIt is not trying to detect relations between tags or somehow recognize their meaning. Any tag can be used, as long as it satisfies the format.\n\n```\n/**\n * Singleline or multiline description text. Line breaks are preserved.\n *\n * @some-tag {Type} name Singleline or multiline description text\n * @some-tag {Type} name.subname Singleline or multiline description text\n * @some-tag {Type} name.subname.subsubname Singleline or\n * multiline description text\n * @another-tag\n */\n```\n\nthis would be parsed into following\n\n```javascript\n[{\n  \"tags\": [{\n    \"tag\": \"some-tag\",\n    \"type\": \"Type\",\n    \"name\": \"name\",\n    \"optional\": false,\n    \"description\": \"Singleline or multiline description text\",\n    \"line\": 3,\n    \"source\": \"@some-tag {Type} name Singleline or multiline description text\"\n  }, {\n    \"tag\": \"some-tag\",\n    \"type\": \"Type\",\n    \"name\": \"name.subname\",\n    \"optional\": false,\n    \"description\": \"Singleline or multiline description text\",\n    \"line\": 4,\n    \"source\": \"@some-tag {Type} name.subname Singleline or multiline description text\"\n  }, {\n    \"tag\": \"some-tag\",\n    \"type\": \"Type\",\n    \"name\": \"name.subname.subsubname\",\n    \"optional\": false,\n    \"description\": \"Singleline or\\nmultiline description text\",\n    \"line\": 5,\n    \"source\": \"@some-tag {Type} name.subname.subsubname Singleline or\\nmultiline description text\"\n  }, {\n    \"tag\": \"another-tag\",\n    \"name\": \"\",\n    \"optional\": false,\n    \"type\": \"\",\n    \"description\": \"\",\n    \"line\": 7,\n    \"source\": \"@another-tag\"\n  }],\n  \"line\": 0,\n  \"description\": \"Singleline or multiline description text. Line breaks are preserved.\",\n  \"source\": \"Singleline or multiline description text. Line breaks are preserved.\\n\\n@some-tag {Type} name Singleline or multiline description text\\n@some-tag {Type} name.subname Singleline or multiline description text\\n@some-tag {Type} name.subname.subsubname Singleline or\\nmultiline description text\\n@another-tag\"\n}]\n```\n\nInvalid comment blocks are skipped. Comments starting with `/*` and `/***` are considered not valid.\n\nAlso you can parse entire file with `parse.file('path/to/file', callback)` or acquire an instance of [Transform](http://nodejs.org/api/stream.html#stream_class_stream_transform) stream with `parse.stream()`.\n\n\n### Options\n\n#### dotted_names `true`\n\nTells parser to expand dotted names like `name.subname.subsubname` into nested sections\n\n#### trim `true`\n\nMakes parser to trim white spaces, set it to `false` to preserve exact source and line numbers\n\n#### parsers, `[PARSERS.{parse_tag, parse_type, parse_name, parse_description}]`\n\nArray of alternative parsers (read below).\n\n\n## Custom parsers\n\n\nIn case you need to parse tags in different way you can pass `opts.parsers = [parser1, ..., parserN]`, where each parser is `function name(str:String, data:Object):{source:String, data:Object}`.\n\t\nEach parser function takes string left after previous parsers applied and data produced by them. And returns `null` or `{source: '', data:{}}` where `source` is consumed substring and `data` is a payload with tag node fields.\n\nTag node data is build by merging result bits from all parsers. Here is some example that is not doing actual parsing but is demonstrating the flow:\n\n```\n/**\n * Source to be parsed below\n * @tag {type} name Description\n */\nparse(source, {parsers: [\n\t// takes entire string\n\tfunction parse_tag(str, data) { \n\t\treturn {source: ' @tag', data: {tag: 'tag'}}; \n\t}, \n\t// parser throwing exception\n\tfunction check_tag(str, data) {\n\t\tif (allowed_tags.indexOf(data.tag) === -1) { \n\t\t\tthrow new Error('Unrecognized tag \"' + data.tag + '\"');\n\t\t}\t\t\t\n\t},\n\t// takes the rest of the string after ' @tag''\n\tfunction parse_name1(str, data) { \n\t\treturn {source: ' name', data: {name: 'name1'}}; \n\t},\n\t// alternative name parser\n\tfunction parse_name2(str, data) { \n\t\treturn {source: ' name', data: {name: 'name2'}}; \n\t}\t\n]});\n```\n\nThis would produce following:\n\n```\n[{\n  \"tags\": [{\n    \"tag\": \"tag\",\n    \"errors\": [\n      \"check_tag: Unrecognized tag \\\\\"tag\\\\\"\"\n    ],\n    \"name\": \"name2\",\n    \"optional\": false,\n    \"type\": \"\",\n    \"description\": \"\",\n    \"line\": 2,\n    \"source\": \"@tag {type} name Description\"\n  }],\n  \"line\": 0,\n  \"description\": \"Source to be parsed below\",\n  \"source\": \"Source to be parsed below\\n@tag {type} name Description\"\n}]\n```\n\n## Packaging\n\n`comment-parser` is CommonJS module and was primarely designed to be used with Node. Module `index.js` includes stream and file functionality. Use prser-only module in browser `comment-parser/parse.js`\n\n## Contributors\n\n\n- [Sergii Iavorskyi](https://github.com/yavorskiy)\n- [Alexej Yaroshevich](https://github.com/zxqfox)\n- [Jordan Harband](https://github.com/ljharb)\n\n\nHappy coding :)\n","maintainers":[{"name":"yavorskiys","email":"yavorskiy.s@gmail.com"}],"time":{"modified":"2016-02-08T18:49:31.695Z","created":"2014-03-09T08:30:52.879Z","0.1.0":"2014-03-09T08:30:54.041Z","0.1.1":"2014-03-10T07:59:49.575Z","0.1.2":"2014-03-12T06:14:06.201Z","0.2.0":"2014-09-21T21:52:56.952Z","0.2.1":"2014-11-02T18:37:21.828Z","0.2.2":"2014-11-04T03:47:59.057Z","0.2.3":"2014-11-26T20:12:59.536Z","0.2.4":"2015-01-06T20:21:50.801Z","0.3.0":"2015-01-26T08:30:09.604Z","0.3.1":"2015-11-25T16:50:08.959Z","0.4.0":"2016-02-08T18:49:31.695Z"},"readmeFilename":"README.md","homepage":"https://github.com/yavorskiy/comment-parser","keywords":["jsdoc","comments","parser"],"repository":{"type":"git","url":"git+ssh://git@github.com/yavorskiy/comment-parser.git"},"author":{"name":"Sergii Iavorskyi","email":"yavorskiy.s@gmail.com","url":"https://github.com/yavorskiy"},"bugs":{"url":"https://github.com/yavorskiy/comment-parser/issues"},"license":"MIT","users":{"pandao":true},"_attachments":{},"_etag":"\"DMM3TXY1V6Q0DEQ7TQS7D4JDV\"","_cached":true}