{"_id":"is-word-character","_rev":"1-16c6b0b4c644a288aaa5e22cadf4bf1a","name":"is-word-character","description":"Check if a character is a word character","dist-tags":{"latest":"1.0.0"},"versions":{"1.0.0":{"name":"is-word-character","version":"1.0.0","description":"Check if a character is a word character","license":"MIT","keywords":["string","character","char","code","word"],"files":["index.js"],"repository":{"type":"git","url":"git+https://github.com/wooorm/is-word-character.git"},"bugs":{"url":"https://github.com/wooorm/is-word-character/issues"},"author":{"name":"Titus Wormer","email":"tituswormer@gmail.com","url":"http://wooorm.com"},"contributors":[{"name":"Titus Wormer","email":"tituswormer@gmail.com","url":"http://wooorm.com"}],"dependencies":{},"devDependencies":{"browserify":"^13.0.1","esmangle":"^1.0.1","nyc":"^7.0.0","remark-cli":"^1.0.0","remark-comment-config":"^4.0.0","remark-github":"^5.0.0","remark-lint":"^4.0.0","remark-validate-links":"^4.0.0","tape":"^4.0.0","xo":"^0.16.0"},"scripts":{"build-md":"remark . --quiet --frail","build-bundle":"browserify index.js --bare -s isWordCharacter > is-word-character.js","build-mangle":"esmangle < is-word-character.js > is-word-character.min.js","build":"npm run build-md && npm run build-bundle && npm run build-mangle","lint":"xo","test-api":"node test","test-coverage":"nyc --reporter lcov tape test.js","test":"npm run build && npm run lint && npm run test-coverage"},"xo":{"space":true,"ignores":["is-word-character.js","is-word-character.min.js"]},"nyc":{"check-coverage":true,"lines":100,"functions":100,"branches":100},"remarkConfig":{"output":true,"plugins":["comment-config","github","lint","validate-links"],"settings":{"bullet":"*"}},"gitHead":"b757065ba71313e472cb24c1c227c46482f7a787","homepage":"https://github.com/wooorm/is-word-character#readme","_id":"is-word-character@1.0.0","_shasum":"a3a9e5ddad70c5c2ee36f4a9cfc9a53f44535247","_from":".","_npmVersion":"3.3.6","_nodeVersion":"5.0.0","_npmUser":{"name":"wooorm","email":"tituswormer@gmail.com"},"dist":{"shasum":"a3a9e5ddad70c5c2ee36f4a9cfc9a53f44535247","tarball":"https://registry.npmjs.org/is-word-character/-/is-word-character-1.0.0.tgz"},"maintainers":[{"name":"wooorm","email":"tituswormer@gmail.com"}],"_npmOperationalInternal":{"host":"packages-12-west.internal.npmjs.com","tmp":"tmp/is-word-character-1.0.0.tgz_1468316970184_0.8224696461111307"},"directories":{}}},"readme":"# is-word-character [![Build Status][travis-badge]][travis] [![Coverage Status][codecov-badge]][codecov]\n\n<!--lint disable heading-increment list-item-spacing-->\n\nCheck if a character is a word character (`\\w`, which equals\n`[a-zA-Z0-9_]`).\n\n## Installation\n\n[npm][npm-install]:\n\n```bash\nnpm install is-word-character\n```\n\n## Usage\n\n```javascript\nvar wordCharacter = require('is-word-character');\n\nwordCharacter('a'); // true\nwordCharacter('Z'); // true\nwordCharacter('0'); // true\nwordCharacter('_'); // true\nwordCharacter(' '); // false\nwordCharacter('💩'); // false\n```\n\n## API\n\n### `wordCharacter(character)`\n\nCheck whether the given character code (`number`), or the character\ncode at the first position (`string`), is a word character.\n\n## Related\n\n*   [`is-alphabetical`](https://github.com/wooorm/is-alphabetical)\n*   [`is-alphanumerical`](https://github.com/wooorm/is-alphanumerical)\n*   [`is-decimal`](https://github.com/wooorm/is-decimal)\n*   [`is-hexadecimal`](https://github.com/wooorm/is-hexadecimal)\n*   [`is-whitespace-character`](https://github.com/wooorm/is-whitespace-character)\n\n## License\n\n[MIT][license] © [Titus Wormer][author]\n\n<!-- Definitions -->\n\n[travis-badge]: https://img.shields.io/travis/wooorm/is-word-character.svg\n\n[travis]: https://travis-ci.org/wooorm/is-word-character\n\n[codecov-badge]: https://img.shields.io/codecov/c/github/wooorm/is-word-character.svg\n\n[codecov]: https://codecov.io/github/wooorm/is-word-character\n\n[npm-install]: https://docs.npmjs.com/cli/install\n\n[license]: LICENSE\n\n[author]: http://wooorm.com\n","maintainers":[{"name":"wooorm","email":"tituswormer@gmail.com"}],"time":{"modified":"2016-07-12T09:49:30.634Z","created":"2016-07-12T09:49:30.634Z","1.0.0":"2016-07-12T09:49:30.634Z"},"homepage":"https://github.com/wooorm/is-word-character#readme","keywords":["string","character","char","code","word"],"repository":{"type":"git","url":"git+https://github.com/wooorm/is-word-character.git"},"contributors":[{"name":"Titus Wormer","email":"tituswormer@gmail.com","url":"http://wooorm.com"}],"author":{"name":"Titus Wormer","email":"tituswormer@gmail.com","url":"http://wooorm.com"},"bugs":{"url":"https://github.com/wooorm/is-word-character/issues"},"license":"MIT","readmeFilename":"readme.md","_attachments":{},"_etag":"\"6EP89U1VYS7NVTAWR4VB3IG1M\"","_cached":true}