{"_id":"is-alphanumeric","_rev":"1-1dfe3c429d47994e32111b768dad5ca2","name":"is-alphanumeric","description":"Check if a string only contains alphanumeric characters","dist-tags":{"latest":"1.0.0"},"versions":{"1.0.0":{"name":"is-alphanumeric","version":"1.0.0","description":"Check if a string only contains alphanumeric characters","license":"MIT","repository":{"type":"git","url":"git+https://github.com/arthurvr/is-alphanumeric.git"},"author":{"name":"Arthur Verschaeve","email":"contact@arthurverschaeve.be","url":"arthurverschaeve.be"},"engines":{"node":">=0.10.0"},"scripts":{"test":"mocha"},"files":["index.js"],"keywords":["numbers","numeric","alphabet","alphabetic","check","is","detect","latin","alphanumeric","string","text","letters","digit","arabic","alphameric"],"devDependencies":{"mocha":"*"},"gitHead":"9bbcc4a6bfe90f565483f74846cafa48efbd0eec","bugs":{"url":"https://github.com/arthurvr/is-alphanumeric/issues"},"homepage":"https://github.com/arthurvr/is-alphanumeric#readme","_id":"is-alphanumeric@1.0.0","_shasum":"4a9cef71daf4c001c1d81d63d140cf53fd6889f4","_from":".","_npmVersion":"2.11.3","_nodeVersion":"2.3.2","_npmUser":{"name":"arthurvr","email":"contact@arthurverschaeve.be"},"dist":{"shasum":"4a9cef71daf4c001c1d81d63d140cf53fd6889f4","tarball":"https://registry.npmjs.org/is-alphanumeric/-/is-alphanumeric-1.0.0.tgz"},"maintainers":[{"name":"arthurvr","email":"contact@arthurverschaeve.be"}],"directories":{}}},"readme":"# is-alphanumeric [![Build Status](https://travis-ci.org/arthurvr/is-alphanumeric.svg?branch=master)](https://travis-ci.org/arthurvr/is-alphanumeric)\n\n> Check if a string only contains alphanumeric characters\n\n\n## Install\n\n```\n$ npm install --save is-alphanumeric\n```\n\n\n## Usage\n\n```js\nvar isAlphanumeric = require('is-alphanumeric');\n\nisAlphanumeric('unicorns');\n//=> true\n\nisAlphanumeric('55');\n//=> true\n\nisAlphanumeric('ABC');\n//=> true\n\nisAlphanumeric('*unicorns');\n//=> false\n\nisAlphanumeric('{unicorns}');\n//=> false\n\nisAlphanumeric(' ');\n//=> false\n```\n\n\n## License\n\nMIT © [Arthur Verschaeve](http://arthurverschaeve.be)\n","maintainers":[{"name":"arthurvr","email":"contact@arthurverschaeve.be"}],"time":{"modified":"2015-07-05T20:26:04.606Z","created":"2015-07-05T20:26:04.606Z","1.0.0":"2015-07-05T20:26:04.606Z"},"homepage":"https://github.com/arthurvr/is-alphanumeric#readme","keywords":["numbers","numeric","alphabet","alphabetic","check","is","detect","latin","alphanumeric","string","text","letters","digit","arabic","alphameric"],"repository":{"type":"git","url":"git+https://github.com/arthurvr/is-alphanumeric.git"},"author":{"name":"Arthur Verschaeve","email":"contact@arthurverschaeve.be","url":"arthurverschaeve.be"},"bugs":{"url":"https://github.com/arthurvr/is-alphanumeric/issues"},"license":"MIT","readmeFilename":"readme.md","_attachments":{},"_etag":"\"B6TLURVP1LSL1579NWL24PRUM\"","_cached":true}