{"_id":"events","_rev":"60-41c1e20a0ee2c2b1b3084b15d9048854","name":"events","description":"Node's event emitter for all engines.","dist-tags":{"latest":"1.1.1"},"versions":{"0.1.0":{"name":"events","id":"events","version":"0.1.0","description":"Node's event emitter for all engines.","keywords":["events","eventEmitter","eventDispatcher","listeners"],"author":{"name":"Irakli Gozalishvili","email":"rfobic@gmail.com"},"repository":{"type":"git","url":"git://github.com/Gozala/events.git","web":"https://github.com/Gozala/events"},"bugs":{"url":"http://github.com/Gozala/events/issues/"},"directories":{"doc":"./docs","lib":"./lib","test":"./tests"},"devDependencies":{"test":">=0.0.10"},"dependencies":{"extendables":"0.1.2"},"main":"./lib/events.js","engines":{"node":"0.4.x","teleport":">=0.2.0"},"scripts":{"tests":"node tests/test-events.js"},"licenses":[{"type":"MIT","url":"http://jeditoolkit.com/LICENSE"}],"_id":"events@0.1.0","_engineSupported":true,"_npmVersion":"0.3.15","_nodeVersion":"v0.4.5","files":[""],"_defaultsLoaded":true,"dist":{"shasum":"25457f55620b55b04615521562b11e432e7ddd6a","tarball":"https://registry.npmjs.org/events/-/events-0.1.0.tgz"}},"0.1.1":{"name":"events","id":"events","version":"0.1.1","description":"Node's event emitter for all engines.","keywords":["events","eventEmitter","eventDispatcher","listeners"],"author":{"name":"Irakli Gozalishvili","email":"rfobic@gmail.com"},"repository":{"type":"git","url":"git://github.com/Gozala/events.git","web":"https://github.com/Gozala/events"},"bugs":{"url":"http://github.com/Gozala/events/issues/"},"directories":{"doc":"./docs","lib":"./lib","test":"./tests"},"devDependencies":{"test":">=0.0.10"},"dependencies":{"extendables":"0.1.2"},"main":"./lib/events.js","engines":{"node":"0.4.x","teleport":">=0.2.0"},"scripts":{"tests":"node tests/test-events.js"},"licenses":[{"type":"MIT","url":"http://jeditoolkit.com/LICENSE"}],"_id":"events@0.1.1","_engineSupported":true,"_npmVersion":"0.3.15","_nodeVersion":"v0.4.5","files":[""],"_defaultsLoaded":true,"dist":{"shasum":"76c05256f8bc0cdf67d05c87e3a77f45e2d4f044","tarball":"https://registry.npmjs.org/events/-/events-0.1.1.tgz"}},"0.2.0":{"name":"events","id":"events","version":"0.2.0","description":"Node's event emitter for all engines.","keywords":["events","eventEmitter","eventDispatcher","listeners"],"author":{"name":"Irakli Gozalishvili","email":"rfobic@gmail.com"},"repository":{"type":"git","url":"git://github.com/Gozala/events.git","web":"https://github.com/Gozala/events"},"bugs":{"url":"http://github.com/Gozala/events/issues/"},"devDependencies":{"test":">=0.0.10"},"dependencies":{"graphquire":">=0.6.0"},"main":"./events.js","engines":{"node":"0.4.x"},"scripts":{"test":"node tests/test-events.js","install":"graphquire --clean --write"},"licenses":[{"type":"MIT","url":"http://jeditoolkit.com/LICENSE"}],"_id":"events@0.2.0","_engineSupported":true,"_npmVersion":"1.0.8","_nodeVersion":"v0.4.8","_defaultsLoaded":true,"dist":{"shasum":"1eae9afeeb2891a7320bc5b5dc6956647e15841e","bin":{"0.4-ares1.7.4-ev4.4-openssl0.9.8l-v83.1.8.16-darwin-10.7.0":{"shasum":"523528886f84b8c0f3f0d3ae482812c07e8007ab","tarball":"http://registry.npmjs.org/events/-/events-0.2.0-0.4-ares1.7.4-ev4.4-openssl0.9.8l-v83.1.8.16-darwin-10.7.0.tgz"}},"tarball":"https://registry.npmjs.org/events/-/events-0.2.0.tgz"},"directories":{}},"0.3.0":{"name":"events","id":"events","version":"0.3.0","description":"Node's event emitter for all engines.","keywords":["events","eventEmitter","eventDispatcher","listeners"],"author":{"name":"Irakli Gozalishvili","email":"rfobic@gmail.com","url":"http://jeditoolkit.com"},"repository":{"type":"git","url":"git://github.com/Gozala/events.git","web":"https://github.com/Gozala/events"},"bugs":{"url":"http://github.com/Gozala/events/issues/"},"devDependencies":{"test":">=0.0.10"},"dependencies":{"graphquire":">=0.7.0"},"main":"./events.js","engines":{"node":"0.4.x"},"scripts":{"test":"node tests/test-events.js","install":"graphquire --clean --write"},"licenses":[{"type":"MIT","url":"http://jeditoolkit.com/LICENSE"}],"_npmJsonOpts":{"file":"/Users/gozala/.npm/events/0.3.0/package/package.json","wscript":false,"contributors":false,"serverjs":false},"_id":"events@0.3.0","_engineSupported":true,"_npmVersion":"1.0.15","_nodeVersion":"v0.4.9","_defaultsLoaded":true,"dist":{"shasum":"79d45e0df14f13db3fb8692c58214672a53c156b","tarball":"https://registry.npmjs.org/events/-/events-0.3.0.tgz"},"directories":{}},"0.4.0":{"name":"events","id":"events","version":"0.4.0","description":"Node's event emitter for all engines.","keywords":["events","eventEmitter","eventDispatcher","listeners"],"author":{"name":"Irakli Gozalishvili","email":"rfobic@gmail.com","url":"http://jeditoolkit.com"},"repository":{"type":"git","url":"git://github.com/Gozala/events.git","web":"https://github.com/Gozala/events"},"bugs":{"url":"http://github.com/Gozala/events/issues/"},"devDependencies":{"test":">=0.0.10"},"dependencies":{"graphquire":">=0.8.0"},"main":"./events.js","engines":{"node":">=0.4.x"},"scripts":{"test":"node tests/test-events.js","install":"graphquire --clean --write"},"licenses":[{"type":"MIT","url":"http://jeditoolkit.com/LICENSE"}],"_npmJsonOpts":{"file":"/Users/gozala/.npm/events/0.4.0/package/package.json","wscript":false,"contributors":false,"serverjs":false},"_id":"events@0.4.0","_engineSupported":true,"_npmVersion":"1.0.15","_nodeVersion":"v0.4.9","_defaultsLoaded":true,"dist":{"shasum":"623d521a4956e44521d98d30e1c6bb6ad5c0fd5d","tarball":"https://registry.npmjs.org/events/-/events-0.4.0.tgz"},"directories":{}},"0.5.0":{"name":"events","id":"events","version":"0.5.0","description":"Node's event emitter for all engines.","keywords":["events","eventEmitter","eventDispatcher","listeners"],"author":{"name":"Irakli Gozalishvili","email":"rfobic@gmail.com","url":"http://jeditoolkit.com"},"repository":{"type":"git","url":"git://github.com/Gozala/events.git","web":"https://github.com/Gozala/events"},"bugs":{"url":"http://github.com/Gozala/events/issues/"},"devDependencies":{"test":">=0.0.10"},"main":"./events.js","engines":{"node":">=0.4.x"},"scripts":{"test":"node tests/test-events.js"},"licenses":[{"type":"MIT","url":"http://jeditoolkit.com/LICENSE"}],"_npmUser":{"name":"gozala","email":"rfobic@gmail.com"},"_id":"events@0.5.0","dependencies":{},"optionalDependencies":{},"_engineSupported":true,"_npmVersion":"1.1.12","_nodeVersion":"v0.6.14","_defaultsLoaded":true,"dist":{"shasum":"9853ce5e613241f13e5182a1cad10f2a414af216","tarball":"https://registry.npmjs.org/events/-/events-0.5.0.tgz"},"maintainers":[{"name":"gozala","email":"rfobic@gmail.com"}],"directories":{}},"1.0.0":{"name":"events","id":"events","version":"1.0.0","description":"Node's event emitter for all engines.","keywords":["events","eventEmitter","eventDispatcher","listeners"],"author":{"name":"Irakli Gozalishvili","email":"rfobic@gmail.com","url":"http://jeditoolkit.com"},"repository":{"type":"git","url":"git://github.com/Gozala/events.git","web":"https://github.com/Gozala/events"},"bugs":{"url":"http://github.com/Gozala/events/issues/"},"main":"./events.js","engines":{"node":">=0.4.x"},"devDependencies":{"mocha":"1.15.1","zuul":"~1.0.6"},"scripts":{"test":"mocha --ui qunit -- tests/index.js && zuul -- tests/index.js"},"licenses":[{"type":"MIT","url":"http://jeditoolkit.com/LICENSE"}],"homepage":"https://github.com/Gozala/events","_id":"events@1.0.0","dist":{"shasum":"63c0f80c74d1435e8eb03b54306a9d8e8f6f9da0","tarball":"https://registry.npmjs.org/events/-/events-1.0.0.tgz"},"_from":".","_npmVersion":"1.3.14","_npmUser":{"name":"shtylman","email":"shtylman@gmail.com"},"maintainers":[{"name":"gozala","email":"rfobic@gmail.com"},{"name":"shtylman","email":"shtylman@gmail.com"}],"directories":{}},"1.0.1":{"name":"events","id":"events","version":"1.0.1","description":"Node's event emitter for all engines.","keywords":["events","eventEmitter","eventDispatcher","listeners"],"author":{"name":"Irakli Gozalishvili","email":"rfobic@gmail.com","url":"http://jeditoolkit.com"},"repository":{"type":"git","url":"git://github.com/Gozala/events.git","web":"https://github.com/Gozala/events"},"bugs":{"url":"http://github.com/Gozala/events/issues/"},"main":"./events.js","engines":{"node":">=0.4.x"},"devDependencies":{"mocha":"1.15.1","zuul":"~1.6.4"},"scripts":{"test":"mocha --ui qunit -- tests/index.js && zuul -- tests/index.js"},"licenses":[{"type":"MIT","url":"http://jeditoolkit.com/LICENSE"}],"homepage":"https://github.com/Gozala/events","_id":"events@1.0.1","dist":{"shasum":"386f6471cbb609e7925e7bfe7468634b9e069ac2","tarball":"https://registry.npmjs.org/events/-/events-1.0.1.tgz"},"_from":".","_npmVersion":"1.4.6","_npmUser":{"name":"shtylman","email":"shtylman@gmail.com"},"maintainers":[{"name":"gozala","email":"rfobic@gmail.com"},{"name":"shtylman","email":"shtylman@gmail.com"}],"directories":{}},"1.0.2":{"name":"events","id":"events","version":"1.0.2","description":"Node's event emitter for all engines.","keywords":["events","eventEmitter","eventDispatcher","listeners"],"author":{"name":"Irakli Gozalishvili","email":"rfobic@gmail.com","url":"http://jeditoolkit.com"},"repository":{"type":"git","url":"git://github.com/Gozala/events.git","web":"https://github.com/Gozala/events"},"bugs":{"url":"http://github.com/Gozala/events/issues/"},"main":"./events.js","engines":{"node":">=0.4.x"},"devDependencies":{"mocha":"~1.21.4","zuul":"~1.10.2"},"scripts":{"test":"mocha --ui qunit -- tests/index.js && zuul -- tests/index.js"},"licenses":"MIT","gitHead":"82020ee4e10570370b342863887fdc73e723ca7a","homepage":"https://github.com/Gozala/events","_id":"events@1.0.2","_shasum":"75849dcfe93d10fb057c30055afdbd51d06a8e24","_from":".","_npmVersion":"1.4.23","_npmUser":{"name":"shtylman","email":"shtylman@gmail.com"},"maintainers":[{"name":"gozala","email":"rfobic@gmail.com"},{"name":"shtylman","email":"shtylman@gmail.com"}],"dist":{"shasum":"75849dcfe93d10fb057c30055afdbd51d06a8e24","tarball":"https://registry.npmjs.org/events/-/events-1.0.2.tgz"},"directories":{}},"1.1.0":{"name":"events","id":"events","version":"1.1.0","description":"Node's event emitter for all engines.","keywords":["events","eventEmitter","eventDispatcher","listeners"],"author":{"name":"Irakli Gozalishvili","email":"rfobic@gmail.com","url":"http://jeditoolkit.com"},"repository":{"type":"git","url":"git://github.com/Gozala/events.git","web":"https://github.com/Gozala/events"},"bugs":{"url":"http://github.com/Gozala/events/issues/"},"main":"./events.js","engines":{"node":">=0.4.x"},"devDependencies":{"mocha":"~1.21.4","zuul":"~1.10.2"},"scripts":{"test":"mocha --ui qunit -- tests/index.js && zuul -- tests/index.js"},"license":"MIT","gitHead":"24be8bf9042acbb6c190e865243ab1032d9a1040","homepage":"https://github.com/Gozala/events#readme","_id":"events@1.1.0","_shasum":"4b389fc200f910742ebff3abb2efe33690f45429","_from":".","_npmVersion":"2.14.3","_nodeVersion":"4.1.0","_npmUser":{"name":"defunctzombie","email":"shtylman@gmail.com"},"dist":{"shasum":"4b389fc200f910742ebff3abb2efe33690f45429","tarball":"https://registry.npmjs.org/events/-/events-1.1.0.tgz"},"maintainers":[{"name":"gozala","email":"rfobic@gmail.com"},{"name":"defunctzombie","email":"shtylman@gmail.com"}],"directories":{}},"1.1.1":{"name":"events","id":"events","version":"1.1.1","description":"Node's event emitter for all engines.","keywords":["events","eventEmitter","eventDispatcher","listeners"],"author":{"name":"Irakli Gozalishvili","email":"rfobic@gmail.com","url":"http://jeditoolkit.com"},"repository":{"type":"git","url":"git://github.com/Gozala/events.git","web":"https://github.com/Gozala/events"},"bugs":{"url":"http://github.com/Gozala/events/issues/"},"main":"./events.js","engines":{"node":">=0.4.x"},"devDependencies":{"mocha":"~1.21.4","zuul":"~1.10.2"},"scripts":{"test":"mocha --ui qunit -- tests/index.js && zuul -- tests/index.js"},"license":"MIT","gitHead":"623b6f54f3cdccedd71b8b0f5e4b755bacdb5c62","homepage":"https://github.com/Gozala/events#readme","_id":"events@1.1.1","_shasum":"9ebdb7635ad099c70dcc4c2a1f5004288e8bd924","_from":".","_npmVersion":"3.8.9","_nodeVersion":"6.2.0","_npmUser":{"name":"defunctzombie","email":"shtylman@gmail.com"},"dist":{"shasum":"9ebdb7635ad099c70dcc4c2a1f5004288e8bd924","tarball":"https://registry.npmjs.org/events/-/events-1.1.1.tgz"},"maintainers":[{"name":"gozala","email":"rfobic@gmail.com"},{"name":"defunctzombie","email":"shtylman@gmail.com"}],"_npmOperationalInternal":{"host":"packages-12-west.internal.npmjs.com","tmp":"tmp/events-1.1.1.tgz_1466611759829_0.353814059169963"},"directories":{}}},"maintainers":[{"name":"gozala","email":"rfobic@gmail.com"},{"name":"defunctzombie","email":"shtylman@gmail.com"}],"time":{"modified":"2016-06-22T16:09:20.359Z","created":"2011-04-22T10:34:40.266Z","0.1.0":"2011-04-22T10:34:40.665Z","0.1.1":"2011-05-16T21:53:31.239Z","0.2.0":"2011-06-10T15:54:38.643Z","0.3.0":"2011-07-03T19:16:37.658Z","0.4.0":"2011-07-08T17:25:49.385Z","0.5.0":"2012-04-10T01:16:59.151Z","1.0.0":"2013-12-10T16:16:45.734Z","1.0.1":"2014-05-12T03:21:45.895Z","1.0.2":"2014-08-29T04:03:51.811Z","1.1.0":"2015-09-29T15:19:47.302Z","1.1.1":"2016-06-22T16:09:20.359Z"},"author":{"name":"Irakli Gozalishvili","email":"rfobic@gmail.com","url":"http://jeditoolkit.com"},"repository":{"type":"git","url":"git://github.com/Gozala/events.git","web":"https://github.com/Gozala/events"},"readme":"# events [![Build Status](https://travis-ci.org/Gozala/events.png?branch=master)](https://travis-ci.org/Gozala/events)\n\nNode's event emitter for all engines.\n\n## Install ##\n\n```\nnpm install events\n```\n\n## Require ##\n\n```javascript\nvar EventEmitter = require('events').EventEmitter\n```\n\n## Usage ##\n\nSee the [node.js event emitter docs](http://nodejs.org/api/events.html)\n","homepage":"https://github.com/Gozala/events#readme","keywords":["events","eventEmitter","eventDispatcher","listeners"],"bugs":{"url":"http://github.com/Gozala/events/issues/"},"readmeFilename":"Readme.md","users":{"wenbing":true,"z5h":true,"simplyianm":true,"kevbaker":true,"moimikey":true,"clarson0":true,"chrisjordanme":true,"fibo":true,"parkerproject":true,"nketchum":true,"xgqfrms":true,"arkanciscan":true,"tommyzzm":true,"martianfield":true,"meligatt":true,"antanst":true,"sergeymakoveev":true,"zhenghorse":true,"tobiasnickel":true,"markoni":true,"brien-crean":true,"nickeltobias":true,"sopepos":true,"junya":true,"princetoad":true,"freebird":true,"nguru":true,"wkaifang":true,"dskecse":true,"qqcome110":true,"cmp-cc":true},"license":"MIT","_attachments":{},"_etag":"\"DCCG21AQMW2J8L6CK6OQV987H\"","_cached":true}