{"_id":"is-property","_rev":"9-49b6afcd729336fd0965d291be68dd9d","name":"is-property","description":"Tests if a JSON property can be accessed using . syntax","dist-tags":{"latest":"1.0.2"},"versions":{"0.0.0":{"name":"is-property","version":"0.0.0","description":"Tests if a JSON property can be accessed using . syntax","main":"is-property.js","directories":{"test":"test"},"dependencies":{},"devDependencies":{"tape":"~1.0.4"},"scripts":{"test":"tap test/*.js"},"repository":{"type":"git","url":"git://github.com/mikolalysenko/is-property.git"},"keywords":["is","property","json","dot","bracket",".","[]"],"author":{"name":"Mikola Lysenko"},"license":"MIT","gitHead":"0a85ea5b6b1264ea1cdecc6e5cf186adbb3ffc50","bugs":{"url":"https://github.com/mikolalysenko/is-property/issues"},"_id":"is-property@0.0.0","dist":{"shasum":"433eda4f3d8af5918b2d25b3760d30544fa3f5fc","tarball":"https://registry.npmjs.org/is-property/-/is-property-0.0.0.tgz"},"_from":".","_npmVersion":"1.2.24","_npmUser":{"name":"mikolalysenko","email":"mikolalysenko@gmail.com"},"maintainers":[{"name":"mikolalysenko","email":"mikolalysenko@gmail.com"}]},"1.0.0":{"name":"is-property","version":"1.0.0","description":"Tests if a JSON property can be accessed using . syntax","main":"is-property.js","directories":{"test":"test"},"dependencies":{},"devDependencies":{"tape":"~1.0.4"},"scripts":{"test":"tap test/*.js"},"repository":{"type":"git","url":"git://github.com/mikolalysenko/is-property.git"},"keywords":["is","property","json","dot","bracket",".","[]"],"author":{"name":"Mikola Lysenko"},"license":"MIT","gitHead":"0a85ea5b6b1264ea1cdecc6e5cf186adbb3ffc50","bugs":{"url":"https://github.com/mikolalysenko/is-property/issues"},"homepage":"https://github.com/mikolalysenko/is-property","_id":"is-property@1.0.0","dist":{"shasum":"a638fd20fe4ff37a73c78fbb306f8639e18d3d46","tarball":"https://registry.npmjs.org/is-property/-/is-property-1.0.0.tgz"},"_from":".","_npmVersion":"1.4.3","_npmUser":{"name":"mikolalysenko","email":"mikolalysenko@gmail.com"},"maintainers":[{"name":"mikolalysenko","email":"mikolalysenko@gmail.com"}]},"1.0.1":{"name":"is-property","version":"1.0.1","description":"Tests if a JSON property can be accessed using . syntax","main":"is-property.js","directories":{"test":"test"},"dependencies":{},"devDependencies":{"tape":"~1.0.4"},"scripts":{"test":"tap test/*.js"},"repository":{"type":"git","url":"git://github.com/mikolalysenko/is-property.git"},"keywords":["is","property","json","dot","bracket",".","[]"],"author":{"name":"Mikola Lysenko"},"license":"MIT","gitHead":"0a85ea5b6b1264ea1cdecc6e5cf186adbb3ffc50","bugs":{"url":"https://github.com/mikolalysenko/is-property/issues"},"homepage":"https://github.com/mikolalysenko/is-property","_id":"is-property@1.0.1","_shasum":"1805f426a444a65aead0ef0c21bc8713690fa0ec","_from":".","_npmVersion":"2.1.4","_nodeVersion":"0.10.26","_npmUser":{"name":"mikolalysenko","email":"mikolalysenko@gmail.com"},"maintainers":[{"name":"mikolalysenko","email":"mikolalysenko@gmail.com"}],"dist":{"shasum":"1805f426a444a65aead0ef0c21bc8713690fa0ec","tarball":"https://registry.npmjs.org/is-property/-/is-property-1.0.1.tgz"}},"1.0.2":{"name":"is-property","version":"1.0.2","description":"Tests if a JSON property can be accessed using . syntax","main":"is-property.js","directories":{"test":"test"},"dependencies":{},"devDependencies":{"tape":"~1.0.4"},"scripts":{"test":"tap test/*.js"},"repository":{"type":"git","url":"git://github.com/mikolalysenko/is-property.git"},"keywords":["is","property","json","dot","bracket",".","[]"],"author":{"name":"Mikola Lysenko"},"license":"MIT","gitHead":"0a85ea5b6b1264ea1cdecc6e5cf186adbb3ffc50","bugs":{"url":"https://github.com/mikolalysenko/is-property/issues"},"homepage":"https://github.com/mikolalysenko/is-property","_id":"is-property@1.0.2","_shasum":"57fe1c4e48474edd65b09911f26b1cd4095dda84","_from":".","_npmVersion":"2.1.4","_nodeVersion":"0.10.26","_npmUser":{"name":"mikolalysenko","email":"mikolalysenko@gmail.com"},"maintainers":[{"name":"mikolalysenko","email":"mikolalysenko@gmail.com"}],"dist":{"shasum":"57fe1c4e48474edd65b09911f26b1cd4095dda84","tarball":"https://registry.npmjs.org/is-property/-/is-property-1.0.2.tgz"}}},"readme":"is-property\n===========\nTests if a property of a JavaScript object can be accessed using the dot (.) notation or if it must be enclosed in brackets, (ie use x[\" ... \"])\n\nExample\n-------\n\n```javascript\nvar isProperty = require(\"is-property\")\n\nconsole.log(isProperty(\"foo\"))  //Prints true\nconsole.log(isProperty(\"0\"))    //Prints false\n```\n\nInstall\n-------\n\n    npm install is-property\n    \n### `require(\"is-property\")(str)`\nChecks if str is a property\n\n* `str` is a string which we will test if it is a property or not\n\n**Returns** true or false depending if str is a property\n\n## Credits\n(c) 2013 Mikola Lysenko. MIT License","maintainers":[{"name":"mikolalysenko","email":"mikolalysenko@gmail.com"}],"time":{"modified":"2014-12-25T14:50:43.208Z","created":"2013-07-18T14:13:28.789Z","0.0.0":"2013-07-18T14:13:30.325Z","1.0.0":"2014-07-30T14:50:33.406Z","1.0.1":"2014-12-25T14:48:06.931Z","1.0.2":"2014-12-25T14:50:43.208Z"},"author":{"name":"Mikola Lysenko"},"repository":{"type":"git","url":"git://github.com/mikolalysenko/is-property.git"},"homepage":"https://github.com/mikolalysenko/is-property","keywords":["is","property","json","dot","bracket",".","[]"],"bugs":{"url":"https://github.com/mikolalysenko/is-property/issues"},"license":"MIT","readmeFilename":"README.md","_attachments":{},"_etag":"\"BNDQTQHT86THGVOSXLSBPJXTY\"","_cached":true}