{"_id":"github","_rev":"174-935736f795ce3fde0afc04d036595233","name":"github","dist-tags":{"latest":"5.2.2"},"versions":{"0.0.1":{"name":"github","version":"0.0.1","descrption":"Wrapper for the GitHub API","author":{"name":"Fabian Jakobs","email":"fabian.jakobs@web.de"},"homepage":"http://github.com/ajaxorg/node-github.git","modules":{"index":"./lib/github"},"repository":{"type":"git","url":"http://github.com/ajaxorg/node-github.git"},"engine":["node >=0.1.100"],"licenses":[{"type":"The MIT License","url":"http://www.opensource.org/licenses/mit-license.php"}],"_id":"github@0.0.1","engines":{"node":"*"},"_nodeSupported":true,"_npmVersion":"0.2.7-2","_nodeVersion":"v0.3.1-pre","dist":{"tarball":"https://registry.npmjs.org/github/-/github-0.0.1.tgz","shasum":"e94c52f645ffa8f0540360755f8307d3b1e72344"},"directories":{}},"0.0.2":{"name":"github","version":"0.0.2","description":"Wrapper for the GitHub API","author":{"name":"Fabian Jakobs","email":"fabian.jakobs@web.de"},"homepage":"http://github.com/ajaxorg/node-github.git","modules":{"index":"./lib/github"},"repository":{"type":"git","url":"http://github.com/ajaxorg/node-github.git"},"engine":["node >=0.1.100"],"licenses":[{"type":"The MIT License","url":"http://www.opensource.org/licenses/mit-license.php"}],"_id":"github@0.0.2","engines":{"node":"*"},"_nodeSupported":true,"_npmVersion":"0.2.7-2","_nodeVersion":"v0.3.1-pre","dist":{"tarball":"https://registry.npmjs.org/github/-/github-0.0.2.tgz","shasum":"227aa0fd88383b9b778ba2b2dbe3d35b0ecfa703"},"directories":{}},"0.0.3":{"name":"github","version":"0.0.3","description":"Wrapper for the GitHub API","author":{"name":"Fabian Jakobs","email":"fabian.jakobs@web.de"},"homepage":"http://github.com/ajaxorg/node-github.git","main":"./lib/github","repository":{"type":"git","url":"http://github.com/ajaxorg/node-github.git"},"engine":["node >=0.2.0"],"licenses":[{"type":"The MIT License","url":"http://www.opensource.org/licenses/mit-license.php"}],"_id":"github@0.0.3","engines":{"node":"*"},"_nodeSupported":true,"_npmVersion":"0.2.7-2","_nodeVersion":"v0.3.1-pre","dist":{"tarball":"https://registry.npmjs.org/github/-/github-0.0.3.tgz","shasum":"33b3f0dded194e3d43e4f91804eabd647db3a510"},"directories":{}},"0.0.4":{"name":"github","version":"0.0.4","description":"Wrapper for the GitHub API","author":{"name":"Fabian Jakobs","email":"fabian.jakobs@web.de"},"homepage":"http://github.com/ajaxorg/node-github.git","main":"./lib/github","repository":{"type":"git","url":"http://github.com/ajaxorg/node-github.git"},"engine":["node >=0.2.0"],"licenses":[{"type":"The MIT License","url":"http://www.opensource.org/licenses/mit-license.php"}],"_id":"github@0.0.4","engines":{"node":"*"},"_nodeSupported":true,"_npmVersion":"0.2.11-4","_nodeVersion":"v0.2.5","dist":{"shasum":"a0ae7720bf24806428e88d528fc73d07bddb932a","tarball":"https://registry.npmjs.org/github/-/github-0.0.4.tgz"},"directories":{}},"0.0.5":{"name":"github","version":"0.0.5","description":"Wrapper for the GitHub API","author":{"name":"Fabian Jakobs","email":"fabian.jakobs@web.de"},"homepage":"http://github.com/ajaxorg/node-github.git","main":"./lib/github","repository":{"type":"git","url":"http://github.com/ajaxorg/node-github.git"},"engine":["node >=0.4.0"],"licenses":[{"type":"The MIT License","url":"http://www.opensource.org/licenses/mit-license.php"}],"_id":"github@0.0.5","engines":{"node":"*"},"_nodeSupported":true,"_npmVersion":"0.2.12-1","_nodeVersion":"v0.4.1","dist":{"shasum":"029c319abb8e86b68965bcf382374ea4e9e3be15","tarball":"https://registry.npmjs.org/github/-/github-0.0.5.tgz"},"directories":{}},"0.0.6":{"name":"github","version":"0.0.6","description":"Wrapper for the GitHub API","author":{"name":"Fabian Jakobs","email":"fabian.jakobs@web.de"},"homepage":"http://github.com/ajaxorg/node-github.git","main":"./lib/github","repository":{"type":"git","url":"http://github.com/ajaxorg/node-github.git"},"engine":["node >=0.4.0"],"dependencies":{"asyncjs":">=0.0.3","oauth":">=0.8.4"},"licenses":[{"type":"The MIT License","url":"http://www.opensource.org/licenses/mit-license.php"}],"_id":"github@0.0.6","engines":{"node":"*"},"_nodeSupported":true,"_npmVersion":"0.2.12-1","_nodeVersion":"v0.4.1","dist":{"shasum":"f9c197b569aa4e7a3c9d23236db0ab93a78960a9","tarball":"https://registry.npmjs.org/github/-/github-0.0.6.tgz"},"directories":{}},"0.0.7":{"name":"github","version":"0.0.7","description":"Wrapper for the GitHub API","author":{"name":"Fabian Jakobs","email":"fabian.jakobs@web.de"},"homepage":"http://github.com/ajaxorg/node-github","repository":{"type":"git","url":"git://github.com/ajaxorg/node-github.git"},"engine":{"node":"0.4.x"},"devDependencies":{"asyncjs":">=0.0.x","oauth":">=0.8.x"},"main":"./lib/github","scripts":{"test":"node ./lib/github_all_tests.js"},"licenses":[{"type":"The MIT License","url":"http://www.opensource.org/licenses/mit-license.php"}],"_npmUser":{"name":"fjakobs","email":"fabian.jakobs@web.de"},"_id":"github@0.0.7","dependencies":{},"engines":{"node":"*"},"_engineSupported":true,"_npmVersion":"1.0.103","_nodeVersion":"v0.4.9","_defaultsLoaded":true,"dist":{"shasum":"557aedb2991f409e600076afa7df21334299cc88","tarball":"https://registry.npmjs.org/github/-/github-0.0.7.tgz"},"maintainers":[{"name":"fjakobs","email":"fabian.jakobs@web.de"}],"directories":{}},"0.0.8":{"name":"github","version":"0.0.8","description":"Wrapper for the GitHub API","author":{"name":"Fabian Jakobs","email":"fabian.jakobs@web.de"},"homepage":"http://github.com/ajaxorg/node-github","repository":{"type":"git","url":"git://github.com/ajaxorg/node-github.git"},"engine":{"node":">=0.4.0"},"devDependencies":{"asyncjs":">=0.0.x","oauth":">=0.8.x"},"main":"./lib/github","scripts":{"test":"node ./lib/github_all_tests.js"},"licenses":[{"type":"The MIT License","url":"http://www.opensource.org/licenses/mit-license.php"}],"_npmUser":{"name":"mikedeboer","email":"info@mikedeboer.nl"},"_id":"github@0.0.8","dependencies":{},"engines":{"node":"*"},"_engineSupported":true,"_npmVersion":"1.0.106","_nodeVersion":"v0.4.13-pre","_defaultsLoaded":true,"dist":{"shasum":"7ee16b57c5cacfe8af08fc007dedd622708faf19","tarball":"https://registry.npmjs.org/github/-/github-0.0.8.tgz"},"maintainers":[{"name":"fjakobs","email":"fabian.jakobs@web.de"},{"name":"mikedeboer","email":"info@mikedeboer.nl"}],"directories":{}},"0.1.0":{"name":"github","version":"0.1.0","description":"NodeJS wrapper for the GitHub API","author":{"name":"Mike de Boer","email":"mike@c9.io"},"homepage":"http://github.com/ajaxorg/node-github","repository":{"type":"git","url":"git://github.com/ajaxorg/node-github.git"},"engine":{"node":">=0.4.0"},"devDependencies":{"asyncjs":">=0.0.x","oauth":">=0.8.x"},"main":".","scripts":{"test":"node ./test/all.js"},"licenses":[{"type":"The MIT License","url":"http://www.opensource.org/licenses/mit-license.php"}],"_npmUser":{"name":"mikedeboer","email":"info@mikedeboer.nl"},"_id":"github@0.1.0","dependencies":{},"engines":{"node":"*"},"_engineSupported":true,"_npmVersion":"1.0.106","_nodeVersion":"v0.4.13-pre","_defaultsLoaded":true,"dist":{"shasum":"e6c8793bd7d8cdec78bddcf05b7fb417bb2da3d7","tarball":"https://registry.npmjs.org/github/-/github-0.1.0.tgz"},"maintainers":[{"name":"fjakobs","email":"fabian.jakobs@web.de"},{"name":"mikedeboer","email":"info@mikedeboer.nl"}],"directories":{}},"0.1.1":{"name":"github","version":"0.1.1","description":"NodeJS wrapper for the GitHub API","author":{"name":"ajax.org B.V.","email":"info@ajax.org"},"contributors":[{"name":"Mike de Boer","email":"mike@c9.io"},{"name":"Fabian Jakobs","email":"fabian@c9.io"}],"homepage":"http://github.com/ajaxorg/node-github","repository":{"type":"git","url":"git://github.com/ajaxorg/node-github.git"},"engine":{"node":">=0.4.0"},"devDependencies":{"asyncjs":"~0.0.4","oauth":"~0.8.0"},"main":".","scripts":{"test":"node ./test/all.js"},"licenses":[{"type":"The MIT License","url":"http://www.opensource.org/licenses/mit-license.php"}],"_npmUser":{"name":"mikedeboer","email":"info@mikedeboer.nl"},"_id":"github@0.1.1","dependencies":{},"engines":{"node":"*"},"_engineSupported":true,"_npmVersion":"1.0.106","_nodeVersion":"v0.4.13-pre","_defaultsLoaded":true,"dist":{"shasum":"7067cd35eaa680ef18bf25962965ad8d27e6fa2f","tarball":"https://registry.npmjs.org/github/-/github-0.1.1.tgz"},"maintainers":[{"name":"fjakobs","email":"fabian.jakobs@web.de"},{"name":"mikedeboer","email":"info@mikedeboer.nl"}],"directories":{}},"0.1.2":{"name":"github","version":"0.1.2","description":"NodeJS wrapper for the GitHub API","author":{"name":"ajax.org B.V.","email":"info@ajax.org"},"contributors":[{"name":"Mike de Boer","email":"mike@c9.io"},{"name":"Fabian Jakobs","email":"fabian@c9.io"}],"homepage":"http://github.com/ajaxorg/node-github","repository":{"type":"git","url":"git://github.com/ajaxorg/node-github.git"},"engine":{"node":">=0.4.0"},"devDependencies":{"asyncjs":"~0.0.4","oauth":"~0.8.0"},"main":".","scripts":{"test":"node ./test/all.js"},"licenses":[{"type":"The MIT License","url":"http://www.opensource.org/licenses/mit-license.php"}],"_npmUser":{"name":"mikedeboer","email":"info@mikedeboer.nl"},"_id":"github@0.1.2","dependencies":{},"optionalDependencies":{},"engines":{"node":"*"},"_engineSupported":true,"_npmVersion":"1.1.21","_nodeVersion":"v0.6.18-pre","_defaultsLoaded":true,"dist":{"shasum":"b55978d1929d34dbb0f436dad73c879db5204f50","tarball":"https://registry.npmjs.org/github/-/github-0.1.2.tgz"},"maintainers":[{"name":"fjakobs","email":"fabian.jakobs@web.de"},{"name":"mikedeboer","email":"info@mikedeboer.nl"}],"directories":{}},"0.1.3":{"name":"github","version":"0.1.3","description":"NodeJS wrapper for the GitHub API","author":{"name":"ajax.org B.V.","email":"info@ajax.org"},"contributors":[{"name":"Mike de Boer","email":"mike@c9.io"},{"name":"Fabian Jakobs","email":"fabian@c9.io"}],"homepage":"http://github.com/ajaxorg/node-github","repository":{"type":"git","url":"git://github.com/ajaxorg/node-github.git"},"engine":{"node":">=0.4.0"},"devDependencies":{"asyncjs":"~0.0.4","oauth":"~0.8.0"},"main":".","scripts":{"test":"node ./test/all.js"},"licenses":[{"type":"The MIT License","url":"http://www.opensource.org/licenses/mit-license.php"}],"_npmUser":{"name":"mikedeboer","email":"info@mikedeboer.nl"},"_id":"github@0.1.3","dependencies":{},"optionalDependencies":{},"engines":{"node":"*"},"_engineSupported":true,"_npmVersion":"1.1.21","_nodeVersion":"v0.6.18-pre","_defaultsLoaded":true,"dist":{"shasum":"4c0af5482ff30eb8587b5ff0a89b8c7681a04849","tarball":"https://registry.npmjs.org/github/-/github-0.1.3.tgz"},"maintainers":[{"name":"fjakobs","email":"fabian.jakobs@web.de"},{"name":"mikedeboer","email":"info@mikedeboer.nl"}],"directories":{}},"0.1.4":{"name":"github","version":"0.1.4","description":"NodeJS wrapper for the GitHub API","author":{"name":"ajax.org B.V.","email":"info@ajax.org"},"contributors":[{"name":"Mike de Boer","email":"mike@c9.io"},{"name":"Fabian Jakobs","email":"fabian@c9.io"}],"homepage":"http://github.com/ajaxorg/node-github","repository":{"type":"git","url":"http://github.com/ajaxorg/node-github.git"},"engine":{"node":">=0.4.0"},"devDependencies":{"asyncjs":"~0.0.4","oauth":"0.9.7"},"main":".","scripts":{"test":"node ./test/all.js"},"licenses":[{"type":"The MIT License","url":"http://www.opensource.org/licenses/mit-license.php"}],"_id":"github@0.1.4","dist":{"shasum":"2f9093ff08ba54449b75c38c0158784662ca535b","tarball":"https://registry.npmjs.org/github/-/github-0.1.4.tgz"},"maintainers":[{"name":"fjakobs","email":"fabian.jakobs@web.de"},{"name":"mikedeboer","email":"info@mikedeboer.nl"},{"name":"mattpardee","email":"matt.pardee@gmail.com"}],"directories":{}},"0.1.5":{"name":"github","version":"0.1.5","description":"NodeJS wrapper for the GitHub API","author":{"name":"ajax.org B.V.","email":"info@ajax.org"},"contributors":[{"name":"Mike de Boer","email":"mike@c9.io"},{"name":"Fabian Jakobs","email":"fabian@c9.io"}],"homepage":"http://github.com/ajaxorg/node-github","repository":{"type":"git","url":"git://github.com/ajaxorg/node-github.git"},"engine":{"node":">=0.4.0"},"devDependencies":{"asyncjs":"~0.0.4","oauth":"0.9.7"},"main":".","scripts":{"test":"node ./test/all.js"},"licenses":[{"type":"The MIT License","url":"http://www.opensource.org/licenses/mit-license.php"}],"_npmUser":{"name":"mikedeboer","email":"info@mikedeboer.nl"},"_id":"github@0.1.5","dependencies":{},"optionalDependencies":{},"engines":{"node":"*"},"_engineSupported":true,"_npmVersion":"1.1.21","_nodeVersion":"v0.6.18-pre","_defaultsLoaded":true,"dist":{"shasum":"c7414039d9f8897bebfb8aa67b99a6f73a58c9ce","tarball":"https://registry.npmjs.org/github/-/github-0.1.5.tgz"},"maintainers":[{"name":"fjakobs","email":"fabian.jakobs@web.de"},{"name":"mikedeboer","email":"info@mikedeboer.nl"},{"name":"mattpardee","email":"matt.pardee@gmail.com"}],"directories":{}},"0.1.6":{"name":"github","version":"0.1.6","description":"NodeJS wrapper for the GitHub API","author":{"name":"ajax.org B.V.","email":"info@ajax.org"},"contributors":[{"name":"Mike de Boer","email":"mike@c9.io"},{"name":"Fabian Jakobs","email":"fabian@c9.io"}],"homepage":"http://github.com/ajaxorg/node-github","repository":{"type":"git","url":"git://github.com/ajaxorg/node-github.git"},"engine":{"node":">=0.4.0"},"devDependencies":{"asyncjs":"~0.0.4","oauth":"0.9.7"},"main":".","scripts":{"test":"node ./test/all.js"},"licenses":[{"type":"The MIT License","url":"http://www.opensource.org/licenses/mit-license.php"}],"_npmUser":{"name":"mikedeboer","email":"info@mikedeboer.nl"},"_id":"github@0.1.6","dependencies":{},"optionalDependencies":{},"engines":{"node":"*"},"_engineSupported":true,"_npmVersion":"1.1.24","_nodeVersion":"v0.6.19","_defaultsLoaded":true,"dist":{"shasum":"1344e694f8d20ef9b29bcbfd1ca5eb4f7a287922","tarball":"https://registry.npmjs.org/github/-/github-0.1.6.tgz"},"maintainers":[{"name":"fjakobs","email":"fabian.jakobs@web.de"},{"name":"mikedeboer","email":"info@mikedeboer.nl"},{"name":"mattpardee","email":"matt.pardee@gmail.com"}],"directories":{}},"0.1.7":{"name":"github","version":"0.1.7","description":"NodeJS wrapper for the GitHub API","author":{"name":"ajax.org B.V.","email":"info@ajax.org"},"contributors":[{"name":"Mike de Boer","email":"mike@c9.io"},{"name":"Fabian Jakobs","email":"fabian@c9.io"}],"homepage":"http://github.com/ajaxorg/node-github","repository":{"type":"git","url":"git://github.com/ajaxorg/node-github.git"},"engine":{"node":">=0.4.0"},"devDependencies":{"oauth":"0.9.7"},"main":".","scripts":{"test":"node ./test/all.js"},"licenses":[{"type":"The MIT License","url":"http://www.opensource.org/licenses/mit-license.php"}],"_npmUser":{"name":"mikedeboer","email":"info@mikedeboer.nl"},"_id":"github@0.1.7","dependencies":{},"optionalDependencies":{},"engines":{"node":"*"},"_engineSupported":true,"_npmVersion":"1.1.24","_nodeVersion":"v0.6.19","_defaultsLoaded":true,"dist":{"shasum":"af440b16a96c0211fd2cc537e185a40dcfde45dc","tarball":"https://registry.npmjs.org/github/-/github-0.1.7.tgz"},"maintainers":[{"name":"fjakobs","email":"fabian.jakobs@web.de"},{"name":"mikedeboer","email":"info@mikedeboer.nl"},{"name":"mattpardee","email":"matt.pardee@gmail.com"}],"directories":{}},"0.1.8":{"name":"github","version":"0.1.8","description":"NodeJS wrapper for the GitHub API","author":{"name":"ajax.org B.V.","email":"info@ajax.org"},"contributors":[{"name":"Mike de Boer","email":"info@mikedeboer.nl"},{"name":"Fabian Jakobs","email":"fabian@c9.io"}],"homepage":"http://github.com/mikedeboer/node-github","repository":{"type":"git","url":"http://github.com/mikedeboer/node-github.git"},"engine":{"node":">=0.4.0"},"devDependencies":{"oauth":"0.9.7"},"main":".","scripts":{"test":"node ./test/all.js"},"licenses":[{"type":"The MIT License","url":"http://www.opensource.org/licenses/mit-license.php"}],"_id":"github@0.1.8","dist":{"shasum":"a9bfc0a65244654577d2228e37577a41c7affd89","tarball":"https://registry.npmjs.org/github/-/github-0.1.8.tgz"},"_npmVersion":"1.1.69","_npmUser":{"name":"mikedeboer","email":"info@mikedeboer.nl"},"maintainers":[{"name":"fjakobs","email":"fabian.jakobs@web.de"},{"name":"mikedeboer","email":"info@mikedeboer.nl"},{"name":"mattpardee","email":"matt.pardee@gmail.com"}],"directories":{}},"0.1.9":{"name":"github","version":"0.1.9","description":"NodeJS wrapper for the GitHub API","author":{"name":"Mike de Boer","email":"info@mikedeboer.nl"},"contributors":[{"name":"Mike de Boer","email":"info@mikedeboer.nl"},{"name":"Fabian Jakobs","email":"fabian@c9.io"}],"homepage":"http://github.com/mikedeboer/node-github","repository":{"type":"git","url":"http://github.com/mikedeboer/node-github.git"},"engine":{"node":">=0.4.0"},"devDependencies":{"oauth":"0.9.7"},"main":".","scripts":{"test":"node ./test/all.js"},"licenses":[{"type":"The MIT License","url":"http://www.opensource.org/licenses/mit-license.php"}],"_id":"github@0.1.9","dist":{"shasum":"2e9a47d311a9db907aea81d6365c1b129c6aaf3d","tarball":"https://registry.npmjs.org/github/-/github-0.1.9.tgz"},"_from":".","_npmVersion":"1.2.11","_npmUser":{"name":"mikedeboer","email":"info@mikedeboer.nl"},"maintainers":[{"name":"mikedeboer","email":"info@mikedeboer.nl"}],"directories":{}},"0.1.10":{"name":"github","version":"0.1.10","description":"NodeJS wrapper for the GitHub API","author":{"name":"Mike de Boer","email":"info@mikedeboer.nl"},"contributors":[{"name":"Mike de Boer","email":"info@mikedeboer.nl"},{"name":"Fabian Jakobs","email":"fabian@c9.io"}],"homepage":"http://github.com/mikedeboer/node-github","repository":{"type":"git","url":"http://github.com/mikedeboer/node-github.git"},"engine":{"node":">=0.4.0"},"devDependencies":{"oauth":"0.9.7"},"main":".","scripts":{"test":"node ./test/all.js"},"licenses":[{"type":"The MIT License","url":"http://www.opensource.org/licenses/mit-license.php"}],"_id":"github@0.1.10","dist":{"shasum":"ffa9bbd8ef413d879fb22a047234e8a23b0a7f29","tarball":"https://registry.npmjs.org/github/-/github-0.1.10.tgz"},"_from":".","_npmVersion":"1.2.11","_npmUser":{"name":"mikedeboer","email":"info@mikedeboer.nl"},"maintainers":[{"name":"mikedeboer","email":"info@mikedeboer.nl"}],"directories":{}},"0.1.11":{"name":"github","version":"0.1.11","description":"NodeJS wrapper for the GitHub API","author":{"name":"Mike de Boer","email":"info@mikedeboer.nl"},"contributors":[{"name":"Mike de Boer","email":"info@mikedeboer.nl"},{"name":"Fabian Jakobs","email":"fabian@c9.io"}],"homepage":"http://github.com/mikedeboer/node-github","repository":{"type":"git","url":"http://github.com/mikedeboer/node-github.git"},"engine":{"node":">=0.4.0"},"devDependencies":{"oauth":"~0.9.7","optimist":"~0.6.0","mocha":"~1.13.0"},"main":".","scripts":{"test":"node ./test/all.js"},"licenses":[{"type":"The MIT License","url":"http://www.opensource.org/licenses/mit-license.php"}],"bugs":{"url":"https://github.com/mikedeboer/node-github/issues"},"_id":"github@0.1.11","dist":{"shasum":"1b12b44da5db49b7e761b1ed044fd9c395e7a294","tarball":"https://registry.npmjs.org/github/-/github-0.1.11.tgz"},"_from":".","_npmVersion":"1.3.8","_npmUser":{"name":"mikedeboer","email":"info@mikedeboer.nl"},"maintainers":[{"name":"mikedeboer","email":"info@mikedeboer.nl"}],"directories":{}},"0.1.12":{"name":"github","version":"0.1.12","description":"NodeJS wrapper for the GitHub API","author":{"name":"Mike de Boer","email":"info@mikedeboer.nl"},"contributors":[{"name":"Mike de Boer","email":"info@mikedeboer.nl"},{"name":"Fabian Jakobs","email":"fabian@c9.io"}],"homepage":"http://github.com/mikedeboer/node-github","repository":{"type":"git","url":"http://github.com/mikedeboer/node-github.git"},"engine":{"node":">=0.4.0"},"devDependencies":{"oauth":"~0.9.7","optimist":"~0.6.0","mocha":"~1.13.0"},"main":".","scripts":{"test":"node ./test/all.js"},"licenses":[{"type":"The MIT License","url":"http://www.opensource.org/licenses/mit-license.php"}],"bugs":{"url":"https://github.com/mikedeboer/node-github/issues"},"_id":"github@0.1.12","dist":{"shasum":"7097ce754e0fd8d2a580bdaf27b303f0a17e6507","tarball":"https://registry.npmjs.org/github/-/github-0.1.12.tgz"},"_from":".","_npmVersion":"1.3.8","_npmUser":{"name":"mikedeboer","email":"info@mikedeboer.nl"},"maintainers":[{"name":"mikedeboer","email":"info@mikedeboer.nl"}],"directories":{}},"0.1.13":{"name":"github","version":"0.1.13","description":"NodeJS wrapper for the GitHub API","author":{"name":"Mike de Boer","email":"info@mikedeboer.nl"},"contributors":[{"name":"Mike de Boer","email":"info@mikedeboer.nl"},{"name":"Fabian Jakobs","email":"fabian@c9.io"}],"homepage":"http://github.com/mikedeboer/node-github","repository":{"type":"git","url":"http://github.com/mikedeboer/node-github.git"},"engine":{"node":">=0.4.0"},"devDependencies":{"oauth":"~0.9.7","optimist":"~0.6.0","mocha":"~1.13.0"},"main":".","scripts":{"test":"node ./test/all.js"},"licenses":[{"type":"The MIT License","url":"http://www.opensource.org/licenses/mit-license.php"}],"bugs":{"url":"https://github.com/mikedeboer/node-github/issues"},"_id":"github@0.1.13","dist":{"shasum":"90567238d0eb54f7c58ad3a6a2bea0fa495c94fb","tarball":"https://registry.npmjs.org/github/-/github-0.1.13.tgz"},"_from":".","_npmVersion":"1.3.8","_npmUser":{"name":"mikedeboer","email":"info@mikedeboer.nl"},"maintainers":[{"name":"mikedeboer","email":"info@mikedeboer.nl"}],"directories":{}},"0.1.14":{"name":"github","version":"0.1.14","description":"NodeJS wrapper for the GitHub API","author":{"name":"Mike de Boer","email":"info@mikedeboer.nl"},"contributors":[{"name":"Mike de Boer","email":"info@mikedeboer.nl"},{"name":"Fabian Jakobs","email":"fabian@c9.io"}],"homepage":"http://github.com/mikedeboer/node-github","repository":{"type":"git","url":"http://github.com/mikedeboer/node-github.git"},"engine":{"node":">=0.4.0"},"devDependencies":{"oauth":"~0.9.7","optimist":"~0.6.0","mocha":"~1.13.0"},"main":".","scripts":{"test":"node ./test/all.js"},"licenses":[{"type":"The MIT License","url":"http://www.opensource.org/licenses/mit-license.php"}],"bugs":{"url":"https://github.com/mikedeboer/node-github/issues"},"_id":"github@0.1.14","dist":{"shasum":"2a4fc150c9aee8c7a7702fa1e620d29599246322","tarball":"https://registry.npmjs.org/github/-/github-0.1.14.tgz"},"_from":".","_npmVersion":"1.3.8","_npmUser":{"name":"mikedeboer","email":"info@mikedeboer.nl"},"maintainers":[{"name":"mikedeboer","email":"info@mikedeboer.nl"}],"directories":{}},"0.1.15":{"name":"github","version":"0.1.15","description":"NodeJS wrapper for the GitHub API","author":{"name":"Mike de Boer","email":"info@mikedeboer.nl"},"contributors":[{"name":"Mike de Boer","email":"info@mikedeboer.nl"},{"name":"Fabian Jakobs","email":"fabian@c9.io"}],"homepage":"http://github.com/mikedeboer/node-github","repository":{"type":"git","url":"http://github.com/mikedeboer/node-github.git"},"engine":{"node":">=0.4.0"},"devDependencies":{"oauth":"~0.9.7","optimist":"~0.6.0","mocha":"~1.13.0"},"main":".","scripts":{"test":"node ./test/all.js"},"licenses":[{"type":"The MIT License","url":"http://www.opensource.org/licenses/mit-license.php"}],"bugs":{"url":"https://github.com/mikedeboer/node-github/issues"},"_id":"github@0.1.15","dist":{"shasum":"3df037442518fe800c75b1a243a13154d334069c","tarball":"https://registry.npmjs.org/github/-/github-0.1.15.tgz"},"_from":".","_npmVersion":"1.4.3","_npmUser":{"name":"mikedeboer","email":"info@mikedeboer.nl"},"maintainers":[{"name":"mikedeboer","email":"info@mikedeboer.nl"}],"directories":{}},"0.1.16":{"name":"github","version":"0.1.16","description":"NodeJS wrapper for the GitHub API","author":{"name":"Mike de Boer","email":"info@mikedeboer.nl"},"contributors":[{"name":"Mike de Boer","email":"info@mikedeboer.nl"},{"name":"Fabian Jakobs","email":"fabian@c9.io"}],"homepage":"http://github.com/mikedeboer/node-github","repository":{"type":"git","url":"http://github.com/mikedeboer/node-github.git"},"engine":{"node":">=0.4.0"},"devDependencies":{"oauth":"~0.9.7","optimist":"~0.6.0","mocha":"~1.13.0"},"main":".","scripts":{"test":"node ./test/all.js"},"licenses":[{"type":"The MIT License","url":"http://www.opensource.org/licenses/mit-license.php"}],"bugs":{"url":"https://github.com/mikedeboer/node-github/issues"},"_id":"github@0.1.16","dist":{"shasum":"895d2a85b0feb7980d89ac0ce4f44dcaa03f17b5","tarball":"https://registry.npmjs.org/github/-/github-0.1.16.tgz"},"_from":".","_npmVersion":"1.4.3","_npmUser":{"name":"mikedeboer","email":"info@mikedeboer.nl"},"maintainers":[{"name":"mikedeboer","email":"info@mikedeboer.nl"}],"directories":{}},"0.2.0":{"name":"github","version":"0.2.0","description":"NodeJS wrapper for the GitHub API","author":{"name":"Mike de Boer","email":"info@mikedeboer.nl"},"contributors":[{"name":"Mike de Boer","email":"info@mikedeboer.nl"},{"name":"Fabian Jakobs","email":"fabian@c9.io"}],"homepage":"http://github.com/mikedeboer/node-github","repository":{"type":"git","url":"http://github.com/mikedeboer/node-github.git"},"engine":{"node":">=0.4.0"},"devDependencies":{"oauth":"~0.9.7","optimist":"~0.6.0","mocha":"~1.13.0"},"main":".","scripts":{"test":"node ./test/all.js"},"licenses":[{"type":"The MIT License","url":"http://www.opensource.org/licenses/mit-license.php"}],"bugs":{"url":"https://github.com/mikedeboer/node-github/issues"},"_id":"github@0.2.0","dist":{"shasum":"8fd448d95e9be73e26ad1e59b41af33f9709ccab","tarball":"https://registry.npmjs.org/github/-/github-0.2.0.tgz"},"_from":".","_npmVersion":"1.4.3","_npmUser":{"name":"mikedeboer","email":"info@mikedeboer.nl"},"maintainers":[{"name":"mikedeboer","email":"info@mikedeboer.nl"}],"directories":{}},"0.2.1":{"name":"github","version":"0.2.1","description":"NodeJS wrapper for the GitHub API","author":{"name":"Mike de Boer","email":"info@mikedeboer.nl"},"contributors":[{"name":"Mike de Boer","email":"info@mikedeboer.nl"},{"name":"Fabian Jakobs","email":"fabian@c9.io"}],"homepage":"http://github.com/mikedeboer/node-github","repository":{"type":"git","url":"http://github.com/mikedeboer/node-github.git"},"engine":{"node":">=0.4.0"},"devDependencies":{"oauth":"~0.9.7","optimist":"~0.6.0","mocha":"~1.13.0"},"main":".","scripts":{"test":"node ./test/all.js"},"licenses":[{"type":"The MIT License","url":"http://www.opensource.org/licenses/mit-license.php"}],"bugs":{"url":"https://github.com/mikedeboer/node-github/issues"},"_id":"github@0.2.1","dist":{"shasum":"ca3ea70114ca773ddf8e0580313937cdedb511e9","tarball":"https://registry.npmjs.org/github/-/github-0.2.1.tgz"},"_from":".","_npmVersion":"1.4.3","_npmUser":{"name":"mikedeboer","email":"info@mikedeboer.nl"},"maintainers":[{"name":"mikedeboer","email":"info@mikedeboer.nl"}],"directories":{}},"0.2.2":{"name":"github","version":"0.2.2","description":"NodeJS wrapper for the GitHub API","author":{"name":"Mike de Boer","email":"info@mikedeboer.nl"},"contributors":[{"name":"Mike de Boer","email":"info@mikedeboer.nl"},{"name":"Fabian Jakobs","email":"fabian@c9.io"}],"homepage":"http://github.com/mikedeboer/node-github","repository":{"type":"git","url":"http://github.com/mikedeboer/node-github.git"},"engine":{"node":">=0.4.0"},"devDependencies":{"oauth":"~0.9.7","optimist":"~0.6.0","mocha":"~1.13.0"},"main":".","scripts":{"test":"node ./test/all.js"},"licenses":[{"type":"The MIT License","url":"http://www.opensource.org/licenses/mit-license.php"}],"gitHead":"5480e5c13c88a8c64b3f1bf16830ea30358c3352","bugs":{"url":"https://github.com/mikedeboer/node-github/issues"},"_id":"github@0.2.2","_shasum":"6b76cbba0364e07bd49e538adba814659e23b42a","_from":".","_npmVersion":"1.4.21","_npmUser":{"name":"mikedeboer","email":"info@mikedeboer.nl"},"maintainers":[{"name":"mikedeboer","email":"info@mikedeboer.nl"}],"dist":{"shasum":"6b76cbba0364e07bd49e538adba814659e23b42a","tarball":"https://registry.npmjs.org/github/-/github-0.2.2.tgz"},"directories":{}},"0.2.3":{"name":"github","version":"0.2.3","description":"NodeJS wrapper for the GitHub API","author":{"name":"Mike de Boer","email":"info@mikedeboer.nl"},"contributors":[{"name":"Mike de Boer","email":"info@mikedeboer.nl"},{"name":"Fabian Jakobs","email":"fabian@c9.io"}],"homepage":"http://github.com/mikedeboer/node-github","repository":{"type":"git","url":"http://github.com/mikedeboer/node-github.git"},"engine":{"node":">=0.4.0"},"devDependencies":{"oauth":"~0.9.7","optimist":"~0.6.0","mocha":"~1.13.0"},"main":".","scripts":{"test":"node ./test/all.js"},"licenses":[{"type":"The MIT License","url":"http://www.opensource.org/licenses/mit-license.php"}],"gitHead":"f841677f3ad3bca82e8143b7b09c05d78cbc8657","bugs":{"url":"https://github.com/mikedeboer/node-github/issues"},"_id":"github@0.2.3","_shasum":"c97cca970a03f0a5376e43f6763091f60f9ea94c","_from":".","_npmVersion":"1.4.21","_npmUser":{"name":"mikedeboer","email":"info@mikedeboer.nl"},"maintainers":[{"name":"mikedeboer","email":"info@mikedeboer.nl"}],"dist":{"shasum":"c97cca970a03f0a5376e43f6763091f60f9ea94c","tarball":"https://registry.npmjs.org/github/-/github-0.2.3.tgz"},"directories":{}},"0.2.4":{"name":"github","version":"0.2.4","description":"NodeJS wrapper for the GitHub API","author":{"name":"Mike de Boer","email":"info@mikedeboer.nl"},"contributors":[{"name":"Mike de Boer","email":"info@mikedeboer.nl"},{"name":"Fabian Jakobs","email":"fabian@c9.io"}],"homepage":"http://github.com/mikedeboer/node-github","repository":{"type":"git","url":"http://github.com/mikedeboer/node-github.git"},"engine":{"node":">=0.4.0"},"dependencies":{"mime":"^1.2.11"},"devDependencies":{"oauth":"~0.9.7","optimist":"~0.6.0","mocha":"~1.13.0"},"main":".","scripts":{"test":"node ./test/all.js"},"licenses":[{"type":"The MIT License","url":"http://www.opensource.org/licenses/mit-license.php"}],"gitHead":"29dedb3022649c27ac1dad79326270b6b2a48047","bugs":{"url":"https://github.com/mikedeboer/node-github/issues"},"_id":"github@0.2.4","_shasum":"24fa7f0e13fa11b946af91134c51982a91ce538b","_from":".","_npmVersion":"1.4.21","_npmUser":{"name":"mikedeboer","email":"info@mikedeboer.nl"},"maintainers":[{"name":"mikedeboer","email":"info@mikedeboer.nl"}],"dist":{"shasum":"24fa7f0e13fa11b946af91134c51982a91ce538b","tarball":"https://registry.npmjs.org/github/-/github-0.2.4.tgz"},"directories":{}},"1.1.0":{"name":"github","version":"1.1.0","description":"NodeJS wrapper for the GitHub API","author":{"name":"Mike de Boer","email":"info@mikedeboer.nl"},"contributors":[{"name":"Mike de Boer","email":"info@mikedeboer.nl"},{"name":"Fabian Jakobs","email":"fabian@c9.io"},{"name":"Joe Gallo","email":"joe@brassafrax.com"}],"homepage":"https://github.com/mikedeboer/node-github","repository":{"type":"git","url":"git+https://github.com/mikedeboer/node-github.git"},"engine":{"node":">=0.4.0"},"dependencies":{"follow-redirects":"0.0.7","https-proxy-agent":"^1.0.0","mime":"^1.2.11"},"devDependencies":{"mocha":"~1.13.0"},"main":"lib","scripts":{"test":"mocha"},"license":"MIT","licenses":[{"type":"The MIT License","url":"http://www.opensource.org/licenses/mit-license.php"}],"apidoc":{"title":"node-github","name":"node-github","template":{"withCompare":false}},"gitHead":"56d6b05ebfbfe614122fc184fab2c7675cdae896","bugs":{"url":"https://github.com/mikedeboer/node-github/issues"},"_id":"github@1.1.0","_shasum":"49a648e62eef83208d4ed4aadb03e275e37d29b5","_from":".","_npmVersion":"3.9.3","_nodeVersion":"6.2.0","_npmUser":{"name":"kaizensoze","email":"joe@brassafrax.com"},"dist":{"shasum":"49a648e62eef83208d4ed4aadb03e275e37d29b5","tarball":"https://registry.npmjs.org/github/-/github-1.1.0.tgz"},"maintainers":[{"name":"kaizensoze","email":"joe@brassafrax.com"},{"name":"mikedeboer","email":"info@mikedeboer.nl"}],"_npmOperationalInternal":{"host":"packages-12-west.internal.npmjs.com","tmp":"tmp/github-1.1.0.tgz_1464633548261_0.47517401236109436"},"directories":{}},"1.1.1":{"name":"github","version":"1.1.1","description":"NodeJS wrapper for the GitHub API","author":{"name":"Mike de Boer","email":"info@mikedeboer.nl"},"contributors":[{"name":"Mike de Boer","email":"info@mikedeboer.nl"},{"name":"Fabian Jakobs","email":"fabian@c9.io"},{"name":"Joe Gallo","email":"joe@brassafrax.com"}],"homepage":"https://github.com/mikedeboer/node-github","repository":{"type":"git","url":"git+https://github.com/mikedeboer/node-github.git"},"engine":{"node":">=0.4.0"},"dependencies":{"follow-redirects":"0.0.7","https-proxy-agent":"^1.0.0","mime":"^1.2.11"},"devDependencies":{"mocha":"~1.13.0"},"main":"lib","scripts":{"test":"mocha"},"license":"MIT","licenses":[{"type":"The MIT License","url":"http://www.opensource.org/licenses/mit-license.php"}],"apidoc":{"title":"node-github","name":"node-github","template":{"withCompare":false}},"gitHead":"5d83bbcd50030ad4ce6fe9a0ae280fb84b5b140b","bugs":{"url":"https://github.com/mikedeboer/node-github/issues"},"_id":"github@1.1.1","_shasum":"f9bf0f32d1e8b0f9f694bab1afef4f5361ce4ee0","_from":".","_npmVersion":"3.9.3","_nodeVersion":"6.2.1","_npmUser":{"name":"kaizensoze","email":"joe@brassafrax.com"},"dist":{"shasum":"f9bf0f32d1e8b0f9f694bab1afef4f5361ce4ee0","tarball":"https://registry.npmjs.org/github/-/github-1.1.1.tgz"},"maintainers":[{"name":"kaizensoze","email":"joe@brassafrax.com"},{"name":"mikedeboer","email":"info@mikedeboer.nl"}],"_npmOperationalInternal":{"host":"packages-12-west.internal.npmjs.com","tmp":"tmp/github-1.1.1.tgz_1465174389147_0.2062886510975659"},"directories":{}},"1.1.2":{"name":"github","version":"1.1.2","description":"NodeJS wrapper for the GitHub API","author":{"name":"Mike de Boer","email":"info@mikedeboer.nl"},"contributors":[{"name":"Mike de Boer","email":"info@mikedeboer.nl"},{"name":"Fabian Jakobs","email":"fabian@c9.io"},{"name":"Joe Gallo","email":"joe@brassafrax.com"}],"homepage":"https://github.com/mikedeboer/node-github","repository":{"type":"git","url":"git+https://github.com/mikedeboer/node-github.git"},"engine":{"node":">=0.4.0"},"dependencies":{"follow-redirects":"0.0.7","https-proxy-agent":"^1.0.0","mime":"^1.2.11"},"devDependencies":{"mocha":"~1.13.0"},"main":"lib","scripts":{"test":"mocha"},"license":"MIT","licenses":[{"type":"The MIT License","url":"http://www.opensource.org/licenses/mit-license.php"}],"apidoc":{"title":"node-github","name":"node-github","template":{"withCompare":false}},"gitHead":"7ced9de54b90ed13f164452d5bdfa26e09dfe9f5","bugs":{"url":"https://github.com/mikedeboer/node-github/issues"},"_id":"github@1.1.2","_shasum":"5456dba565bf752b08940d6f456a9544fb0b7711","_from":".","_npmVersion":"3.9.3","_nodeVersion":"6.2.1","_npmUser":{"name":"kaizensoze","email":"joe@brassafrax.com"},"dist":{"shasum":"5456dba565bf752b08940d6f456a9544fb0b7711","tarball":"https://registry.npmjs.org/github/-/github-1.1.2.tgz"},"maintainers":[{"name":"kaizensoze","email":"joe@brassafrax.com"},{"name":"mikedeboer","email":"info@mikedeboer.nl"}],"_npmOperationalInternal":{"host":"packages-16-east.internal.npmjs.com","tmp":"tmp/github-1.1.2.tgz_1465377274204_0.5052074098493904"},"directories":{}},"1.2.0":{"name":"github","version":"1.2.0","description":"NodeJS wrapper for the GitHub API","author":{"name":"Mike de Boer","email":"info@mikedeboer.nl"},"contributors":[{"name":"Mike de Boer","email":"info@mikedeboer.nl"},{"name":"Fabian Jakobs","email":"fabian@c9.io"},{"name":"Joe Gallo","email":"joe@brassafrax.com"}],"homepage":"https://github.com/mikedeboer/node-github","repository":{"type":"git","url":"git+https://github.com/mikedeboer/node-github.git"},"engine":{"node":">=0.4.0"},"dependencies":{"follow-redirects":"0.0.7","https-proxy-agent":"^1.0.0","mime":"^1.2.11"},"devDependencies":{"mocha":"~1.13.0"},"main":"lib","scripts":{"test":"mocha"},"license":"MIT","licenses":[{"type":"The MIT License","url":"http://www.opensource.org/licenses/mit-license.php"}],"apidoc":{"title":"node-github","name":"node-github","template":{"withCompare":false}},"gitHead":"16400dca483d0a3a838b380e67fe01edb9d58e24","bugs":{"url":"https://github.com/mikedeboer/node-github/issues"},"_id":"github@1.2.0","_shasum":"6c63aa2ecfc41e10212523856f35ffa07a079e0f","_from":".","_npmVersion":"3.9.5","_nodeVersion":"6.2.2","_npmUser":{"name":"kaizensoze","email":"joe@brassafrax.com"},"dist":{"shasum":"6c63aa2ecfc41e10212523856f35ffa07a079e0f","tarball":"https://registry.npmjs.org/github/-/github-1.2.0.tgz"},"maintainers":[{"name":"kaizensoze","email":"joe@brassafrax.com"},{"name":"mikedeboer","email":"info@mikedeboer.nl"}],"_npmOperationalInternal":{"host":"packages-12-west.internal.npmjs.com","tmp":"tmp/github-1.2.0.tgz_1466388748702_0.8117722265888005"},"directories":{}},"1.2.1":{"name":"github","version":"1.2.1","description":"NodeJS wrapper for the GitHub API","author":{"name":"Mike de Boer","email":"info@mikedeboer.nl"},"contributors":[{"name":"Mike de Boer","email":"info@mikedeboer.nl"},{"name":"Fabian Jakobs","email":"fabian@c9.io"},{"name":"Joe Gallo","email":"joe@brassafrax.com"}],"homepage":"https://github.com/mikedeboer/node-github","repository":{"type":"git","url":"git+https://github.com/mikedeboer/node-github.git"},"engine":{"node":">=0.4.0"},"dependencies":{"follow-redirects":"0.0.7","https-proxy-agent":"^1.0.0","mime":"^1.2.11"},"devDependencies":{"mocha":"~1.13.0"},"main":"lib","scripts":{"test":"mocha"},"license":"MIT","licenses":[{"type":"The MIT License","url":"http://www.opensource.org/licenses/mit-license.php"}],"apidoc":{"title":"node-github","name":"node-github","template":{"withCompare":false}},"gitHead":"57c49dc78cac9a8e2de35102e4cf7b8d704b5762","bugs":{"url":"https://github.com/mikedeboer/node-github/issues"},"_id":"github@1.2.1","_shasum":"d0d0e67e235ece389d85b37a80e62cc69ad883ab","_from":".","_npmVersion":"3.9.5","_nodeVersion":"6.2.2","_npmUser":{"name":"kaizensoze","email":"joe@brassafrax.com"},"dist":{"shasum":"d0d0e67e235ece389d85b37a80e62cc69ad883ab","tarball":"https://registry.npmjs.org/github/-/github-1.2.1.tgz"},"maintainers":[{"name":"kaizensoze","email":"joe@brassafrax.com"},{"name":"mikedeboer","email":"info@mikedeboer.nl"}],"_npmOperationalInternal":{"host":"packages-12-west.internal.npmjs.com","tmp":"tmp/github-1.2.1.tgz_1466486428104_0.6006864211522043"},"directories":{}},"1.3.0":{"name":"github","version":"1.3.0","description":"NodeJS wrapper for the GitHub API","author":{"name":"Mike de Boer","email":"info@mikedeboer.nl"},"contributors":[{"name":"Mike de Boer","email":"info@mikedeboer.nl"},{"name":"Fabian Jakobs","email":"fabian@c9.io"},{"name":"Joe Gallo","email":"joe@brassafrax.com"}],"homepage":"https://github.com/mikedeboer/node-github","repository":{"type":"git","url":"git+https://github.com/mikedeboer/node-github.git"},"engine":{"node":">=0.4.0"},"dependencies":{"follow-redirects":"0.0.7","https-proxy-agent":"^1.0.0","mime":"^1.2.11"},"devDependencies":{"mocha":"~1.13.0"},"main":"lib","scripts":{"test":"mocha"},"license":"MIT","licenses":[{"type":"The MIT License","url":"http://www.opensource.org/licenses/mit-license.php"}],"apidoc":{"title":"node-github","name":"node-github","template":{"withCompare":false}},"gitHead":"bd4f3296bc2d954ed23ec80fa88c9ba422eb3e82","bugs":{"url":"https://github.com/mikedeboer/node-github/issues"},"_id":"github@1.3.0","_shasum":"fb4d927618a01eae261c1c20f38a2cb65b0e0259","_from":".","_npmVersion":"3.9.5","_nodeVersion":"6.2.2","_npmUser":{"name":"kaizensoze","email":"joe@brassafrax.com"},"dist":{"shasum":"fb4d927618a01eae261c1c20f38a2cb65b0e0259","tarball":"https://registry.npmjs.org/github/-/github-1.3.0.tgz"},"maintainers":[{"name":"kaizensoze","email":"joe@brassafrax.com"},{"name":"mikedeboer","email":"info@mikedeboer.nl"}],"_npmOperationalInternal":{"host":"packages-16-east.internal.npmjs.com","tmp":"tmp/github-1.3.0.tgz_1466494714990_0.632976416265592"},"directories":{}},"1.4.0":{"name":"github","version":"1.4.0","description":"NodeJS wrapper for the GitHub API","author":{"name":"Mike de Boer","email":"info@mikedeboer.nl"},"contributors":[{"name":"Mike de Boer","email":"info@mikedeboer.nl"},{"name":"Fabian Jakobs","email":"fabian@c9.io"},{"name":"Joe Gallo","email":"joe@brassafrax.com"}],"homepage":"https://github.com/mikedeboer/node-github","repository":{"type":"git","url":"git+https://github.com/mikedeboer/node-github.git"},"engine":{"node":">=0.4.0"},"dependencies":{"follow-redirects":"0.0.7","https-proxy-agent":"^1.0.0","mime":"^1.2.11"},"devDependencies":{"mocha":"~1.13.0"},"main":"lib","scripts":{"test":"mocha"},"license":"MIT","licenses":[{"type":"The MIT License","url":"http://www.opensource.org/licenses/mit-license.php"}],"apidoc":{"title":"node-github","name":"node-github","template":{"withCompare":false}},"gitHead":"90b1a81566f8c0800e6cae138a07614e40da83bf","bugs":{"url":"https://github.com/mikedeboer/node-github/issues"},"_id":"github@1.4.0","_shasum":"60aed8f16ffe381a3ca6dc6dba5bdd64445b7856","_from":".","_npmVersion":"3.9.5","_nodeVersion":"6.2.2","_npmUser":{"name":"kaizensoze","email":"joe@brassafrax.com"},"dist":{"shasum":"60aed8f16ffe381a3ca6dc6dba5bdd64445b7856","tarball":"https://registry.npmjs.org/github/-/github-1.4.0.tgz"},"maintainers":[{"name":"kaizensoze","email":"joe@brassafrax.com"},{"name":"mikedeboer","email":"info@mikedeboer.nl"}],"_npmOperationalInternal":{"host":"packages-12-west.internal.npmjs.com","tmp":"tmp/github-1.4.0.tgz_1466573054969_0.5140729770064354"},"directories":{}},"2.0.0":{"name":"github","version":"2.0.0","description":"NodeJS wrapper for the GitHub API","author":{"name":"Mike de Boer","email":"info@mikedeboer.nl"},"contributors":[{"name":"Mike de Boer","email":"info@mikedeboer.nl"},{"name":"Fabian Jakobs","email":"fabian@c9.io"},{"name":"Joe Gallo","email":"joe@brassafrax.com"}],"homepage":"https://github.com/mikedeboer/node-github","repository":{"type":"git","url":"git+https://github.com/mikedeboer/node-github.git"},"engine":{"node":">=0.4.0"},"dependencies":{"follow-redirects":"0.0.7","https-proxy-agent":"^1.0.0","mime":"^1.2.11"},"devDependencies":{"mocha":"~1.13.0"},"main":"lib","scripts":{"test":"mocha"},"license":"MIT","licenses":[{"type":"The MIT License","url":"http://www.opensource.org/licenses/mit-license.php"}],"apidoc":{"title":"node-github","name":"node-github","template":{"withCompare":false}},"gitHead":"20f35dd0dc22b03d415b3109fa841f2e33157864","bugs":{"url":"https://github.com/mikedeboer/node-github/issues"},"_id":"github@2.0.0","_shasum":"22c5d0df6ed83c85e46c4fca809b68b5e95d370a","_from":".","_npmVersion":"3.9.5","_nodeVersion":"6.2.2","_npmUser":{"name":"kaizensoze","email":"joe@brassafrax.com"},"dist":{"shasum":"22c5d0df6ed83c85e46c4fca809b68b5e95d370a","tarball":"https://registry.npmjs.org/github/-/github-2.0.0.tgz"},"maintainers":[{"name":"kaizensoze","email":"joe@brassafrax.com"},{"name":"mikedeboer","email":"info@mikedeboer.nl"}],"_npmOperationalInternal":{"host":"packages-12-west.internal.npmjs.com","tmp":"tmp/github-2.0.0.tgz_1466906555766_0.9883377987425774"},"directories":{}},"2.0.1":{"name":"github","version":"2.0.1","description":"NodeJS wrapper for the GitHub API","author":{"name":"Mike de Boer","email":"info@mikedeboer.nl"},"contributors":[{"name":"Mike de Boer","email":"info@mikedeboer.nl"},{"name":"Fabian Jakobs","email":"fabian@c9.io"},{"name":"Joe Gallo","email":"joe@brassafrax.com"}],"homepage":"https://github.com/mikedeboer/node-github","repository":{"type":"git","url":"git+https://github.com/mikedeboer/node-github.git"},"engine":{"node":">=0.4.0"},"dependencies":{"follow-redirects":"0.0.7","https-proxy-agent":"^1.0.0","mime":"^1.2.11"},"devDependencies":{"mocha":"~1.13.0"},"main":"lib","scripts":{"test":"mocha"},"license":"MIT","licenses":[{"type":"The MIT License","url":"http://www.opensource.org/licenses/mit-license.php"}],"apidoc":{"title":"node-github","name":"node-github","template":{"withCompare":false}},"gitHead":"2ea37c20edf5b4145482936002c931dab84cc5e0","bugs":{"url":"https://github.com/mikedeboer/node-github/issues"},"_id":"github@2.0.1","_shasum":"0c5c7ed368b4c4b5781d800e0c31008b447244ab","_from":".","_npmVersion":"3.9.5","_nodeVersion":"6.2.2","_npmUser":{"name":"kaizensoze","email":"joe@brassafrax.com"},"dist":{"shasum":"0c5c7ed368b4c4b5781d800e0c31008b447244ab","tarball":"https://registry.npmjs.org/github/-/github-2.0.1.tgz"},"maintainers":[{"name":"kaizensoze","email":"joe@brassafrax.com"},{"name":"mikedeboer","email":"info@mikedeboer.nl"}],"_npmOperationalInternal":{"host":"packages-12-west.internal.npmjs.com","tmp":"tmp/github-2.0.1.tgz_1467125078729_0.6185649931430817"},"directories":{}},"2.1.0":{"name":"github","version":"2.1.0","description":"NodeJS wrapper for the GitHub API","author":{"name":"Mike de Boer","email":"info@mikedeboer.nl"},"contributors":[{"name":"Mike de Boer","email":"info@mikedeboer.nl"},{"name":"Fabian Jakobs","email":"fabian@c9.io"},{"name":"Joe Gallo","email":"joe@brassafrax.com"}],"homepage":"https://github.com/mikedeboer/node-github","repository":{"type":"git","url":"git+https://github.com/mikedeboer/node-github.git"},"engine":{"node":">=0.4.0"},"dependencies":{"follow-redirects":"0.0.7","https-proxy-agent":"^1.0.0","mime":"^1.2.11"},"devDependencies":{"mocha":"~1.13.0"},"main":"lib","scripts":{"test":"mocha"},"license":"MIT","licenses":[{"type":"The MIT License","url":"http://www.opensource.org/licenses/mit-license.php"}],"apidoc":{"title":"node-github","name":"node-github","template":{"withCompare":false}},"gitHead":"9bb110b440ce0798de482a94e44612c2a08dd4c2","bugs":{"url":"https://github.com/mikedeboer/node-github/issues"},"_id":"github@2.1.0","_shasum":"a6e15374d8c35f5845d8507fc38fa38de1ff09c3","_from":".","_npmVersion":"3.9.5","_nodeVersion":"6.2.2","_npmUser":{"name":"kaizensoze","email":"joe@brassafrax.com"},"dist":{"shasum":"a6e15374d8c35f5845d8507fc38fa38de1ff09c3","tarball":"https://registry.npmjs.org/github/-/github-2.1.0.tgz"},"maintainers":[{"name":"kaizensoze","email":"joe@brassafrax.com"},{"name":"mikedeboer","email":"info@mikedeboer.nl"}],"_npmOperationalInternal":{"host":"packages-12-west.internal.npmjs.com","tmp":"tmp/github-2.1.0.tgz_1467320558866_0.7742839942220598"},"directories":{}},"2.2.0":{"name":"github","version":"2.2.0","description":"NodeJS wrapper for the GitHub API","author":{"name":"Mike de Boer","email":"info@mikedeboer.nl"},"contributors":[{"name":"Mike de Boer","email":"info@mikedeboer.nl"},{"name":"Fabian Jakobs","email":"fabian@c9.io"},{"name":"Joe Gallo","email":"joe@brassafrax.com"}],"homepage":"https://github.com/mikedeboer/node-github","repository":{"type":"git","url":"git+https://github.com/mikedeboer/node-github.git"},"engine":{"node":">=0.4.0"},"dependencies":{"follow-redirects":"0.0.7","https-proxy-agent":"^1.0.0","mime":"^1.2.11"},"devDependencies":{"mocha":"~1.13.0"},"main":"lib","scripts":{"test":"mocha"},"license":"MIT","licenses":[{"type":"The MIT License","url":"http://www.opensource.org/licenses/mit-license.php"}],"apidoc":{"title":"node-github","name":"node-github","template":{"withCompare":false}},"gitHead":"b8dfa69b1cfb0255d28dddfa63b27669f17815fd","bugs":{"url":"https://github.com/mikedeboer/node-github/issues"},"_id":"github@2.2.0","_shasum":"ef9cd2cbafc43a2b87ed942fb636d56ee6db88b7","_from":".","_npmVersion":"3.10.3","_nodeVersion":"6.3.0","_npmUser":{"name":"kaizensoze","email":"joe@brassafrax.com"},"dist":{"shasum":"ef9cd2cbafc43a2b87ed942fb636d56ee6db88b7","tarball":"https://registry.npmjs.org/github/-/github-2.2.0.tgz"},"maintainers":[{"name":"kaizensoze","email":"joe@brassafrax.com"},{"name":"mikedeboer","email":"info@mikedeboer.nl"}],"_npmOperationalInternal":{"host":"packages-12-west.internal.npmjs.com","tmp":"tmp/github-2.2.0.tgz_1468353264922_0.3170121454168111"},"directories":{}},"2.3.0":{"name":"github","version":"2.3.0","description":"NodeJS wrapper for the GitHub API","author":{"name":"Mike de Boer","email":"info@mikedeboer.nl"},"contributors":[{"name":"Mike de Boer","email":"info@mikedeboer.nl"},{"name":"Fabian Jakobs","email":"fabian@c9.io"},{"name":"Joe Gallo","email":"joe@brassafrax.com"}],"homepage":"https://github.com/mikedeboer/node-github","repository":{"type":"git","url":"git+https://github.com/mikedeboer/node-github.git"},"engine":{"node":">=0.4.0"},"dependencies":{"follow-redirects":"0.0.7","https-proxy-agent":"^1.0.0","mime":"^1.2.11"},"devDependencies":{"mocha":"~1.13.0"},"main":"lib","scripts":{"test":"mocha"},"license":"MIT","licenses":[{"type":"The MIT License","url":"http://www.opensource.org/licenses/mit-license.php"}],"apidoc":{"title":"node-github","name":"node-github","template":{"withCompare":false}},"gitHead":"aa885e0b6674397bf8e88e43afe29f0a7c3ebd0e","bugs":{"url":"https://github.com/mikedeboer/node-github/issues"},"_id":"github@2.3.0","_shasum":"4ba706c0e461b189ad368c851c141fc42a39a414","_from":".","_npmVersion":"3.10.3","_nodeVersion":"6.3.0","_npmUser":{"name":"kaizensoze","email":"joe@brassafrax.com"},"dist":{"shasum":"4ba706c0e461b189ad368c851c141fc42a39a414","tarball":"https://registry.npmjs.org/github/-/github-2.3.0.tgz"},"maintainers":[{"name":"kaizensoze","email":"joe@brassafrax.com"},{"name":"mikedeboer","email":"info@mikedeboer.nl"}],"_npmOperationalInternal":{"host":"packages-12-west.internal.npmjs.com","tmp":"tmp/github-2.3.0.tgz_1469395794508_0.04657834582030773"},"directories":{}},"2.4.0":{"name":"github","version":"2.4.0","description":"NodeJS wrapper for the GitHub API","author":{"name":"Mike de Boer","email":"info@mikedeboer.nl"},"contributors":[{"name":"Mike de Boer","email":"info@mikedeboer.nl"},{"name":"Fabian Jakobs","email":"fabian@c9.io"},{"name":"Joe Gallo","email":"joe@brassafrax.com"}],"homepage":"https://github.com/mikedeboer/node-github","repository":{"type":"git","url":"git+https://github.com/mikedeboer/node-github.git"},"engine":{"node":">=0.4.0"},"dependencies":{"follow-redirects":"0.0.7","https-proxy-agent":"^1.0.0","mime":"^1.2.11"},"devDependencies":{"mocha":"~1.13.0"},"main":"lib","scripts":{"test":"mocha"},"license":"MIT","licenses":[{"type":"The MIT License","url":"http://www.opensource.org/licenses/mit-license.php"}],"apidoc":{"title":"node-github","name":"node-github","template":{"withCompare":false}},"gitHead":"044870fc50b09493948c3501c43c3ba2f56681b1","bugs":{"url":"https://github.com/mikedeboer/node-github/issues"},"_id":"github@2.4.0","_shasum":"04feee7830ea7d2b9dbe439e612fdbf8f89a0c94","_from":".","_npmVersion":"3.10.3","_nodeVersion":"6.3.1","_npmUser":{"name":"kaizensoze","email":"joe@brassafrax.com"},"dist":{"shasum":"04feee7830ea7d2b9dbe439e612fdbf8f89a0c94","tarball":"https://registry.npmjs.org/github/-/github-2.4.0.tgz"},"maintainers":[{"name":"kaizensoze","email":"joe@brassafrax.com"},{"name":"mikedeboer","email":"info@mikedeboer.nl"}],"_npmOperationalInternal":{"host":"packages-12-west.internal.npmjs.com","tmp":"tmp/github-2.4.0.tgz_1469739274175_0.5043625000398606"},"directories":{}},"2.4.1":{"name":"github","version":"2.4.1","description":"NodeJS wrapper for the GitHub API","author":{"name":"Mike de Boer","email":"info@mikedeboer.nl"},"contributors":[{"name":"Mike de Boer","email":"info@mikedeboer.nl"},{"name":"Fabian Jakobs","email":"fabian@c9.io"},{"name":"Joe Gallo","email":"joe@brassafrax.com"}],"homepage":"https://github.com/mikedeboer/node-github","repository":{"type":"git","url":"git+https://github.com/mikedeboer/node-github.git"},"engine":{"node":">=0.4.0"},"dependencies":{"follow-redirects":"0.0.7","https-proxy-agent":"^1.0.0","mime":"^1.2.11"},"devDependencies":{"mocha":"~1.13.0"},"main":"lib","scripts":{"test":"mocha"},"license":"MIT","licenses":[{"type":"The MIT License","url":"http://www.opensource.org/licenses/mit-license.php"}],"apidoc":{"title":"node-github","name":"node-github","template":{"withCompare":false}},"gitHead":"c010e395e7ded0bcb7a7086ec04340e48ef4384b","bugs":{"url":"https://github.com/mikedeboer/node-github/issues"},"_id":"github@2.4.1","_shasum":"4ef2e6f18ff434be3dfcce7d6742b11f1e5f84c7","_from":".","_npmVersion":"3.10.3","_nodeVersion":"6.3.1","_npmUser":{"name":"kaizensoze","email":"joe@brassafrax.com"},"dist":{"shasum":"4ef2e6f18ff434be3dfcce7d6742b11f1e5f84c7","tarball":"https://registry.npmjs.org/github/-/github-2.4.1.tgz"},"maintainers":[{"name":"kaizensoze","email":"joe@brassafrax.com"},{"name":"mikedeboer","email":"info@mikedeboer.nl"}],"_npmOperationalInternal":{"host":"packages-12-west.internal.npmjs.com","tmp":"tmp/github-2.4.1.tgz_1470779013693_0.3647571369074285"},"directories":{}},"2.5.1":{"name":"github","version":"2.5.1","description":"NodeJS wrapper for the GitHub API","author":{"name":"Mike de Boer","email":"info@mikedeboer.nl"},"contributors":[{"name":"Mike de Boer","email":"info@mikedeboer.nl"},{"name":"Fabian Jakobs","email":"fabian@c9.io"},{"name":"Joe Gallo","email":"joe@brassafrax.com"}],"homepage":"https://github.com/mikedeboer/node-github","repository":{"type":"git","url":"git+https://github.com/mikedeboer/node-github.git"},"engine":{"node":">=0.4.0"},"dependencies":{"follow-redirects":"0.0.7","https-proxy-agent":"^1.0.0","mime":"^1.2.11"},"devDependencies":{"mocha":"~1.13.0"},"main":"lib","scripts":{"test":"mocha"},"license":"MIT","licenses":[{"type":"The MIT License","url":"http://www.opensource.org/licenses/mit-license.php"}],"apidoc":{"title":"node-github","name":"node-github","template":{"withCompare":false}},"gitHead":"0ce5c1eb78de10e330d98bdd346f0a558f32c1a1","bugs":{"url":"https://github.com/mikedeboer/node-github/issues"},"_id":"github@2.5.1","_shasum":"5adf2b3012af7505b1f2177aae3ff3963143b428","_from":".","_npmVersion":"3.10.3","_nodeVersion":"6.3.1","_npmUser":{"name":"kaizensoze","email":"joe@brassafrax.com"},"dist":{"shasum":"5adf2b3012af7505b1f2177aae3ff3963143b428","tarball":"https://registry.npmjs.org/github/-/github-2.5.1.tgz"},"maintainers":[{"name":"kaizensoze","email":"joe@brassafrax.com"},{"name":"mikedeboer","email":"info@mikedeboer.nl"}],"_npmOperationalInternal":{"host":"packages-16-east.internal.npmjs.com","tmp":"tmp/github-2.5.1.tgz_1471453115091_0.07989021157845855"},"directories":{}},"2.5.2":{"name":"github","version":"2.5.2","description":"NodeJS wrapper for the GitHub API","author":{"name":"Mike de Boer","email":"info@mikedeboer.nl"},"contributors":[{"name":"Mike de Boer","email":"info@mikedeboer.nl"},{"name":"Fabian Jakobs","email":"fabian@c9.io"},{"name":"Joe Gallo","email":"joe@brassafrax.com"}],"homepage":"https://github.com/mikedeboer/node-github","repository":{"type":"git","url":"git+https://github.com/mikedeboer/node-github.git"},"engine":{"node":">=0.4.0"},"dependencies":{"follow-redirects":"0.0.7","https-proxy-agent":"^1.0.0","mime":"^1.2.11"},"devDependencies":{"mocha":"~1.13.0"},"main":"lib","scripts":{"test":"mocha"},"license":"MIT","licenses":[{"type":"The MIT License","url":"http://www.opensource.org/licenses/mit-license.php"}],"apidoc":{"title":"node-github","name":"node-github","template":{"withCompare":false}},"gitHead":"dcbce76a00ca26b912f3d802852f3eb36ff09027","bugs":{"url":"https://github.com/mikedeboer/node-github/issues"},"_id":"github@2.5.2","_shasum":"3aa11391a1287f2c5350d57f6245915545679c8f","_from":".","_npmVersion":"3.10.3","_nodeVersion":"6.4.0","_npmUser":{"name":"kaizensoze","email":"joe@brassafrax.com"},"dist":{"shasum":"3aa11391a1287f2c5350d57f6245915545679c8f","tarball":"https://registry.npmjs.org/github/-/github-2.5.2.tgz"},"maintainers":[{"name":"kaizensoze","email":"joe@brassafrax.com"},{"name":"mikedeboer","email":"info@mikedeboer.nl"}],"_npmOperationalInternal":{"host":"packages-12-west.internal.npmjs.com","tmp":"tmp/github-2.5.2.tgz_1472157698098_0.19634628086350858"},"directories":{}},"2.6.0":{"name":"github","version":"2.6.0","description":"NodeJS wrapper for the GitHub API","author":{"name":"Mike de Boer","email":"info@mikedeboer.nl"},"contributors":[{"name":"Mike de Boer","email":"info@mikedeboer.nl"},{"name":"Fabian Jakobs","email":"fabian@c9.io"},{"name":"Joe Gallo","email":"joe@brassafrax.com"}],"homepage":"https://github.com/mikedeboer/node-github","repository":{"type":"git","url":"git+https://github.com/mikedeboer/node-github.git"},"engine":{"node":">=0.4.0"},"dependencies":{"follow-redirects":"0.0.7","https-proxy-agent":"^1.0.0","mime":"^1.2.11"},"devDependencies":{"mocha":"~1.13.0"},"main":"lib","scripts":{"test":"mocha"},"license":"MIT","licenses":[{"type":"The MIT License","url":"http://www.opensource.org/licenses/mit-license.php"}],"apidoc":{"title":"node-github","name":"node-github","template":{"withCompare":false}},"gitHead":"e37e43abcc8dbc8ae731601cc79e923f5ec4e875","bugs":{"url":"https://github.com/mikedeboer/node-github/issues"},"_id":"github@2.6.0","_shasum":"40cd3414a599f3a63e9d10a246ba858d15b38fcc","_from":".","_npmVersion":"3.10.3","_nodeVersion":"6.4.0","_npmUser":{"name":"kaizensoze","email":"joe@brassafrax.com"},"dist":{"shasum":"40cd3414a599f3a63e9d10a246ba858d15b38fcc","tarball":"https://registry.npmjs.org/github/-/github-2.6.0.tgz"},"maintainers":[{"name":"kaizensoze","email":"joe@brassafrax.com"},{"name":"mikedeboer","email":"info@mikedeboer.nl"}],"_npmOperationalInternal":{"host":"packages-12-west.internal.npmjs.com","tmp":"tmp/github-2.6.0.tgz_1472583881466_0.8564256320241839"},"directories":{}},"3.0.0":{"name":"github","version":"3.0.0","description":"NodeJS wrapper for the GitHub API","author":{"name":"Mike de Boer","email":"info@mikedeboer.nl"},"contributors":[{"name":"Mike de Boer","email":"info@mikedeboer.nl"},{"name":"Fabian Jakobs","email":"fabian@c9.io"},{"name":"Joe Gallo","email":"joe@brassafrax.com"}],"homepage":"https://github.com/mikedeboer/node-github","repository":{"type":"git","url":"git+https://github.com/mikedeboer/node-github.git"},"engine":{"node":">=0.4.0"},"dependencies":{"follow-redirects":"0.0.7","https-proxy-agent":"^1.0.0","mime":"^1.2.11"},"devDependencies":{"mocha":"~1.13.0"},"main":"lib","scripts":{"test":"mocha"},"license":"MIT","licenses":[{"type":"The MIT License","url":"http://www.opensource.org/licenses/mit-license.php"}],"apidoc":{"title":"node-github","name":"node-github","template":{"withCompare":false}},"gitHead":"9fd3e101c1c6cd4f594371e4afbc6198c62e0048","bugs":{"url":"https://github.com/mikedeboer/node-github/issues"},"_id":"github@3.0.0","_shasum":"b42ce6a065b5d54c832a7e457cbdfe68a6630185","_from":".","_npmVersion":"3.10.3","_nodeVersion":"6.5.0","_npmUser":{"name":"kaizensoze","email":"joe@brassafrax.com"},"dist":{"shasum":"b42ce6a065b5d54c832a7e457cbdfe68a6630185","tarball":"https://registry.npmjs.org/github/-/github-3.0.0.tgz"},"maintainers":[{"name":"kaizensoze","email":"joe@brassafrax.com"},{"name":"mikedeboer","email":"info@mikedeboer.nl"}],"_npmOperationalInternal":{"host":"packages-12-west.internal.npmjs.com","tmp":"tmp/github-3.0.0.tgz_1473097000255_0.5698200918268412"},"directories":{}},"3.1.0":{"name":"github","version":"3.1.0","description":"NodeJS wrapper for the GitHub API","author":{"name":"Mike de Boer","email":"info@mikedeboer.nl"},"contributors":[{"name":"Mike de Boer","email":"info@mikedeboer.nl"},{"name":"Fabian Jakobs","email":"fabian@c9.io"},{"name":"Joe Gallo","email":"joe@brassafrax.com"}],"homepage":"https://github.com/mikedeboer/node-github","repository":{"type":"git","url":"git+https://github.com/mikedeboer/node-github.git"},"engine":{"node":">=0.4.0"},"dependencies":{"follow-redirects":"0.0.7","https-proxy-agent":"^1.0.0","mime":"^1.2.11"},"devDependencies":{"mocha":"~1.13.0"},"main":"lib","scripts":{"test":"mocha"},"license":"MIT","licenses":[{"type":"The MIT License","url":"http://www.opensource.org/licenses/mit-license.php"}],"apidoc":{"title":"node-github","name":"node-github","template":{"withCompare":false}},"gitHead":"4624343a7b41276e2966e671ff62511bca77ca2f","bugs":{"url":"https://github.com/mikedeboer/node-github/issues"},"_id":"github@3.1.0","_shasum":"ec90323017b25d1a6af6aa815fc9fbee697d0e96","_from":".","_npmVersion":"3.10.3","_nodeVersion":"6.5.0","_npmUser":{"name":"kaizensoze","email":"joe@brassafrax.com"},"dist":{"shasum":"ec90323017b25d1a6af6aa815fc9fbee697d0e96","tarball":"https://registry.npmjs.org/github/-/github-3.1.0.tgz"},"maintainers":[{"name":"kaizensoze","email":"joe@brassafrax.com"},{"name":"mikedeboer","email":"info@mikedeboer.nl"}],"_npmOperationalInternal":{"host":"packages-16-east.internal.npmjs.com","tmp":"tmp/github-3.1.0.tgz_1473991473782_0.8246812040451914"},"directories":{}},"3.1.1":{"name":"github","version":"3.1.1","description":"NodeJS wrapper for the GitHub API","author":{"name":"Mike de Boer","email":"info@mikedeboer.nl"},"contributors":[{"name":"Mike de Boer","email":"info@mikedeboer.nl"},{"name":"Fabian Jakobs","email":"fabian@c9.io"},{"name":"Joe Gallo","email":"joe@brassafrax.com"}],"homepage":"https://github.com/mikedeboer/node-github","repository":{"type":"git","url":"git+https://github.com/mikedeboer/node-github.git"},"engine":{"node":">=0.4.0"},"dependencies":{"follow-redirects":"0.0.7","https-proxy-agent":"^1.0.0","mime":"^1.2.11"},"devDependencies":{"mocha":"~1.13.0"},"main":"lib","scripts":{"test":"mocha"},"license":"MIT","licenses":[{"type":"The MIT License","url":"http://www.opensource.org/licenses/mit-license.php"}],"apidoc":{"title":"node-github","name":"node-github","template":{"withCompare":false}},"gitHead":"f9ce1e2711a816d43f332d90f376ad2df9da265a","bugs":{"url":"https://github.com/mikedeboer/node-github/issues"},"_id":"github@3.1.1","_shasum":"775273fe3466d869b054b673a479ddc724d6313b","_from":".","_npmVersion":"3.10.7","_nodeVersion":"6.6.0","_npmUser":{"name":"kaizensoze","email":"joe@brassafrax.com"},"dist":{"shasum":"775273fe3466d869b054b673a479ddc724d6313b","tarball":"https://registry.npmjs.org/github/-/github-3.1.1.tgz"},"maintainers":[{"name":"kaizensoze","email":"joe@brassafrax.com"},{"name":"mikedeboer","email":"info@mikedeboer.nl"}],"_npmOperationalInternal":{"host":"packages-12-west.internal.npmjs.com","tmp":"tmp/github-3.1.1.tgz_1474733837183_0.13402567035518587"},"directories":{}},"4.0.0":{"name":"github","version":"4.0.0","description":"NodeJS wrapper for the GitHub API","author":{"name":"Mike de Boer","email":"info@mikedeboer.nl"},"contributors":[{"name":"Mike de Boer","email":"info@mikedeboer.nl"},{"name":"Fabian Jakobs","email":"fabian@c9.io"},{"name":"Joe Gallo","email":"joe@brassafrax.com"}],"homepage":"https://github.com/mikedeboer/node-github","repository":{"type":"git","url":"git+https://github.com/mikedeboer/node-github.git"},"engine":{"node":">=0.4.0"},"dependencies":{"follow-redirects":"0.0.7","https-proxy-agent":"^1.0.0","mime":"^1.2.11"},"devDependencies":{"mocha":"~1.13.0"},"main":"lib","scripts":{"test":"mocha"},"license":"MIT","licenses":[{"type":"The MIT License","url":"http://www.opensource.org/licenses/mit-license.php"}],"apidoc":{"title":"node-github","name":"node-github","template":{"withCompare":false}},"gitHead":"aeb558369cbe2efef5e4143c0cce101b7116103d","bugs":{"url":"https://github.com/mikedeboer/node-github/issues"},"_id":"github@4.0.0","_shasum":"50bcb2a947ff7c6964f6469d93280715d53c23b8","_from":".","_npmVersion":"3.10.7","_nodeVersion":"6.7.0","_npmUser":{"name":"kaizensoze","email":"joe@brassafrax.com"},"dist":{"shasum":"50bcb2a947ff7c6964f6469d93280715d53c23b8","tarball":"https://registry.npmjs.org/github/-/github-4.0.0.tgz"},"maintainers":[{"name":"kaizensoze","email":"joe@brassafrax.com"},{"name":"mikedeboer","email":"info@mikedeboer.nl"}],"_npmOperationalInternal":{"host":"packages-16-east.internal.npmjs.com","tmp":"tmp/github-4.0.0.tgz_1475783428847_0.7329088693950325"},"directories":{}},"4.1.0":{"name":"github","version":"4.1.0","description":"NodeJS wrapper for the GitHub API","author":{"name":"Mike de Boer","email":"info@mikedeboer.nl"},"contributors":[{"name":"Mike de Boer","email":"info@mikedeboer.nl"},{"name":"Fabian Jakobs","email":"fabian@c9.io"},{"name":"Joe Gallo","email":"joe@brassafrax.com"}],"homepage":"https://github.com/mikedeboer/node-github","repository":{"type":"git","url":"git+https://github.com/mikedeboer/node-github.git"},"engine":{"node":">=0.4.0"},"dependencies":{"follow-redirects":"0.0.7","https-proxy-agent":"^1.0.0","mime":"^1.2.11"},"devDependencies":{"mocha":"~1.13.0"},"main":"lib","scripts":{"test":"mocha"},"license":"MIT","licenses":[{"type":"The MIT License","url":"http://www.opensource.org/licenses/mit-license.php"}],"apidoc":{"title":"node-github","name":"node-github","template":{"withCompare":false}},"gitHead":"e874ce5908324010ebd2180d98fa40270b26afbd","bugs":{"url":"https://github.com/mikedeboer/node-github/issues"},"_id":"github@4.1.0","_shasum":"b2fcc37073bdc88477fe9801036786a963883071","_from":".","_npmVersion":"3.10.7","_nodeVersion":"6.7.0","_npmUser":{"name":"kaizensoze","email":"joe@brassafrax.com"},"dist":{"shasum":"b2fcc37073bdc88477fe9801036786a963883071","tarball":"https://registry.npmjs.org/github/-/github-4.1.0.tgz"},"maintainers":[{"name":"kaizensoze","email":"joe@brassafrax.com"},{"name":"mikedeboer","email":"info@mikedeboer.nl"}],"_npmOperationalInternal":{"host":"packages-16-east.internal.npmjs.com","tmp":"tmp/github-4.1.0.tgz_1475948129818_0.031588923651725054"},"directories":{}},"5.0.0":{"name":"github","version":"5.0.0","description":"NodeJS wrapper for the GitHub API","author":{"name":"Mike de Boer","email":"info@mikedeboer.nl"},"contributors":[{"name":"Mike de Boer","email":"info@mikedeboer.nl"},{"name":"Fabian Jakobs","email":"fabian@c9.io"},{"name":"Joe Gallo","email":"joe@brassafrax.com"}],"homepage":"https://github.com/mikedeboer/node-github","repository":{"type":"git","url":"git+https://github.com/mikedeboer/node-github.git"},"engine":{"node":">=0.4.0"},"dependencies":{"follow-redirects":"0.0.7","https-proxy-agent":"^1.0.0","mime":"^1.2.11"},"devDependencies":{"mocha":"~1.13.0"},"main":"lib","scripts":{"test":"mocha"},"license":"MIT","licenses":[{"type":"The MIT License","url":"http://www.opensource.org/licenses/mit-license.php"}],"apidoc":{"title":"node-github","name":"node-github","template":{"withCompare":false}},"gitHead":"d5d6143980c6197cc6de2b1344cc1d7595b351c6","bugs":{"url":"https://github.com/mikedeboer/node-github/issues"},"_id":"github@5.0.0","_shasum":"646cdb8999a129860ab03bfb58caa71c1dc5cbec","_from":".","_npmVersion":"3.10.7","_nodeVersion":"6.7.0","_npmUser":{"name":"kaizensoze","email":"joe@brassafrax.com"},"dist":{"shasum":"646cdb8999a129860ab03bfb58caa71c1dc5cbec","tarball":"https://registry.npmjs.org/github/-/github-5.0.0.tgz"},"maintainers":[{"name":"kaizensoze","email":"joe@brassafrax.com"},{"name":"mikedeboer","email":"info@mikedeboer.nl"}],"_npmOperationalInternal":{"host":"packages-16-east.internal.npmjs.com","tmp":"tmp/github-5.0.0.tgz_1476030346775_0.3714703810401261"},"directories":{}},"5.0.1":{"name":"github","version":"5.0.1","description":"NodeJS wrapper for the GitHub API","author":{"name":"Mike de Boer","email":"info@mikedeboer.nl"},"contributors":[{"name":"Mike de Boer","email":"info@mikedeboer.nl"},{"name":"Fabian Jakobs","email":"fabian@c9.io"},{"name":"Joe Gallo","email":"joe@brassafrax.com"}],"homepage":"https://github.com/mikedeboer/node-github","repository":{"type":"git","url":"git+https://github.com/mikedeboer/node-github.git"},"engine":{"node":">=0.4.0"},"dependencies":{"follow-redirects":"0.0.7","https-proxy-agent":"^1.0.0","mime":"^1.2.11"},"devDependencies":{"mocha":"~1.13.0"},"main":"lib","scripts":{"test":"mocha"},"license":"MIT","licenses":[{"type":"The MIT License","url":"http://www.opensource.org/licenses/mit-license.php"}],"apidoc":{"title":"node-github","name":"node-github","version":"5.0.1","template":{"withCompare":true}},"gitHead":"2bb2a1405d3495263eab01d89135bd9e6910584a","bugs":{"url":"https://github.com/mikedeboer/node-github/issues"},"_id":"github@5.0.1","_shasum":"120a6c0991070eba75da6c6b0c31687b08bb323d","_from":".","_npmVersion":"3.10.7","_nodeVersion":"6.7.0","_npmUser":{"name":"kaizensoze","email":"joe@brassafrax.com"},"dist":{"shasum":"120a6c0991070eba75da6c6b0c31687b08bb323d","tarball":"https://registry.npmjs.org/github/-/github-5.0.1.tgz"},"maintainers":[{"name":"kaizensoze","email":"joe@brassafrax.com"},{"name":"mikedeboer","email":"info@mikedeboer.nl"}],"_npmOperationalInternal":{"host":"packages-16-east.internal.npmjs.com","tmp":"tmp/github-5.0.1.tgz_1476142713642_0.2538417505566031"},"directories":{}},"5.1.0":{"name":"github","version":"5.1.0","description":"NodeJS wrapper for the GitHub API","author":{"name":"Mike de Boer","email":"info@mikedeboer.nl"},"contributors":[{"name":"Mike de Boer","email":"info@mikedeboer.nl"},{"name":"Fabian Jakobs","email":"fabian@c9.io"},{"name":"Joe Gallo","email":"joe@brassafrax.com"}],"homepage":"https://github.com/mikedeboer/node-github","repository":{"type":"git","url":"git+https://github.com/mikedeboer/node-github.git"},"engine":{"node":">=0.4.0"},"dependencies":{"follow-redirects":"0.0.7","https-proxy-agent":"^1.0.0","mime":"^1.2.11"},"devDependencies":{"mocha":"~1.13.0"},"main":"lib","scripts":{"test":"mocha"},"license":"MIT","licenses":[{"type":"The MIT License","url":"http://www.opensource.org/licenses/mit-license.php"}],"apidoc":{"title":"node-github","name":"node-github","version":"5.1.0","template":{"withCompare":true}},"gitHead":"14fb3a050cd1fc9907679104cc8b59a825892784","bugs":{"url":"https://github.com/mikedeboer/node-github/issues"},"_id":"github@5.1.0","_shasum":"9427282b0f7c832ab99c9b4744e621c0dde57beb","_from":".","_npmVersion":"3.10.7","_nodeVersion":"6.7.0","_npmUser":{"name":"kaizensoze","email":"joe@brassafrax.com"},"dist":{"shasum":"9427282b0f7c832ab99c9b4744e621c0dde57beb","tarball":"https://registry.npmjs.org/github/-/github-5.1.0.tgz"},"maintainers":[{"name":"kaizensoze","email":"joe@brassafrax.com"},{"name":"mikedeboer","email":"info@mikedeboer.nl"}],"_npmOperationalInternal":{"host":"packages-16-east.internal.npmjs.com","tmp":"tmp/github-5.1.0.tgz_1476146521177_0.5131021977867931"},"directories":{}},"5.2.0":{"name":"github","version":"5.2.0","description":"NodeJS wrapper for the GitHub API","author":{"name":"Mike de Boer","email":"info@mikedeboer.nl"},"contributors":[{"name":"Mike de Boer","email":"info@mikedeboer.nl"},{"name":"Fabian Jakobs","email":"fabian@c9.io"},{"name":"Joe Gallo","email":"joe@brassafrax.com"}],"homepage":"https://github.com/mikedeboer/node-github","repository":{"type":"git","url":"git+https://github.com/mikedeboer/node-github.git"},"engine":{"node":">=0.4.0"},"dependencies":{"follow-redirects":"0.0.7","https-proxy-agent":"^1.0.0","mime":"^1.2.11"},"devDependencies":{"mocha":"~1.13.0"},"main":"lib","scripts":{"test":"mocha"},"license":"MIT","licenses":[{"type":"The MIT License","url":"http://www.opensource.org/licenses/mit-license.php"}],"apidoc":{"title":"node-github","name":"node-github","version":"5.2.0","template":{"withCompare":true}},"gitHead":"f7e4eeda44001df3cd2bf3ad8f77e67dec06a7c4","bugs":{"url":"https://github.com/mikedeboer/node-github/issues"},"_id":"github@5.2.0","_shasum":"70f90804ea085963969667e3b67c9730d7d05e8d","_from":".","_npmVersion":"3.10.7","_nodeVersion":"6.7.0","_npmUser":{"name":"kaizensoze","email":"joe@brassafrax.com"},"dist":{"shasum":"70f90804ea085963969667e3b67c9730d7d05e8d","tarball":"https://registry.npmjs.org/github/-/github-5.2.0.tgz"},"maintainers":[{"name":"kaizensoze","email":"joe@brassafrax.com"},{"name":"mikedeboer","email":"info@mikedeboer.nl"}],"_npmOperationalInternal":{"host":"packages-16-east.internal.npmjs.com","tmp":"tmp/github-5.2.0.tgz_1476300621241_0.25628379033878446"},"directories":{}},"5.2.1":{"name":"github","version":"5.2.1","description":"NodeJS wrapper for the GitHub API","author":{"name":"Mike de Boer","email":"info@mikedeboer.nl"},"contributors":[{"name":"Mike de Boer","email":"info@mikedeboer.nl"},{"name":"Fabian Jakobs","email":"fabian@c9.io"},{"name":"Joe Gallo","email":"joe@brassafrax.com"}],"homepage":"https://github.com/mikedeboer/node-github","repository":{"type":"git","url":"git+https://github.com/mikedeboer/node-github.git"},"engine":{"node":">=0.4.0"},"dependencies":{"follow-redirects":"0.0.7","https-proxy-agent":"^1.0.0","mime":"^1.2.11"},"devDependencies":{"mocha":"~1.13.0"},"main":"lib","scripts":{"test":"mocha"},"license":"MIT","licenses":[{"type":"The MIT License","url":"http://www.opensource.org/licenses/mit-license.php"}],"apidoc":{"title":"node-github","name":"node-github","version":"5.2.1","template":{"withCompare":true}},"gitHead":"466efb9fbc203be5c8b3a286185de0e1bcad142b","bugs":{"url":"https://github.com/mikedeboer/node-github/issues"},"_id":"github@5.2.1","_shasum":"864155d82fa28202bf91be023acf836d699be447","_from":".","_npmVersion":"3.10.8","_nodeVersion":"6.8.0","_npmUser":{"name":"kaizensoze","email":"joe@brassafrax.com"},"dist":{"shasum":"864155d82fa28202bf91be023acf836d699be447","tarball":"https://registry.npmjs.org/github/-/github-5.2.1.tgz"},"maintainers":[{"name":"kaizensoze","email":"joe@brassafrax.com"},{"name":"mikedeboer","email":"info@mikedeboer.nl"}],"_npmOperationalInternal":{"host":"packages-16-east.internal.npmjs.com","tmp":"tmp/github-5.2.1.tgz_1476404693565_0.9363397508859634"},"directories":{}},"5.2.2":{"name":"github","version":"5.2.2","description":"NodeJS wrapper for the GitHub API","author":{"name":"Mike de Boer","email":"info@mikedeboer.nl"},"contributors":[{"name":"Mike de Boer","email":"info@mikedeboer.nl"},{"name":"Fabian Jakobs","email":"fabian@c9.io"},{"name":"Joe Gallo","email":"joe@brassafrax.com"}],"homepage":"https://github.com/mikedeboer/node-github","repository":{"type":"git","url":"git+https://github.com/mikedeboer/node-github.git"},"engine":{"node":">=0.4.0"},"dependencies":{"follow-redirects":"0.0.7","https-proxy-agent":"^1.0.0","mime":"^1.2.11"},"devDependencies":{"mocha":"~1.13.0"},"main":"lib","scripts":{"test":"mocha"},"license":"MIT","licenses":[{"type":"The MIT License","url":"http://www.opensource.org/licenses/mit-license.php"}],"apidoc":{"title":"node-github","name":"node-github","version":"5.2.2","template":{"withCompare":true}},"gitHead":"b5cbaf3c5c519104abcfb0a70458537382748fd5","bugs":{"url":"https://github.com/mikedeboer/node-github/issues"},"_id":"github@5.2.2","_shasum":"eaa0ef2a12ce3d8ff1ba3f2fc425fb3f089dad6e","_from":".","_npmVersion":"3.10.8","_nodeVersion":"6.8.0","_npmUser":{"name":"kaizensoze","email":"joe@brassafrax.com"},"dist":{"shasum":"eaa0ef2a12ce3d8ff1ba3f2fc425fb3f089dad6e","tarball":"https://registry.npmjs.org/github/-/github-5.2.2.tgz"},"maintainers":[{"name":"kaizensoze","email":"joe@brassafrax.com"},{"name":"mikedeboer","email":"info@mikedeboer.nl"}],"_npmOperationalInternal":{"host":"packages-16-east.internal.npmjs.com","tmp":"tmp/github-5.2.2.tgz_1476489534531_0.7644605971872807"},"directories":{}}},"maintainers":[{"name":"kaizensoze","email":"joe@brassafrax.com"},{"name":"mikedeboer","email":"info@mikedeboer.nl"}],"author":{"name":"Mike de Boer","email":"info@mikedeboer.nl"},"repository":{"type":"git","url":"git+https://github.com/mikedeboer/node-github.git"},"description":"NodeJS wrapper for the GitHub API","time":{"modified":"2016-10-14T23:58:56.248Z","created":"2010-12-19T14:51:58.332Z","0.0.1":"2010-12-19T14:51:58.332Z","0.0.2":"2010-12-19T14:51:58.332Z","0.0.3":"2010-12-19T14:51:58.332Z","0.0.4":"2010-12-19T14:51:58.332Z","0.0.5":"2011-02-27T10:14:18.065Z","0.0.6":"2011-04-13T12:53:24.806Z","0.0.7":"2011-10-27T09:00:45.425Z","0.0.8":"2012-04-05T09:04:30.998Z","0.1.0":"2012-04-05T11:15:53.580Z","0.1.1":"2012-04-15T22:05:01.047Z","0.1.2":"2012-05-23T12:14:35.850Z","0.1.3":"2012-05-24T13:06:37.102Z","0.1.4":"2012-07-25T22:14:18.702Z","0.1.5":"2012-09-12T19:53:55.740Z","0.1.6":"2012-10-03T14:31:27.087Z","0.1.7":"2012-10-22T16:44:22.594Z","0.1.8":"2013-01-06T16:54:16.862Z","0.1.9":"2013-06-07T17:43:07.191Z","0.1.10":"2013-06-13T16:05:55.507Z","0.1.11":"2013-09-30T17:41:28.959Z","0.1.12":"2013-10-01T09:39:44.341Z","0.1.13":"2014-02-03T11:06:23.738Z","0.1.14":"2014-02-17T11:26:05.087Z","0.1.15":"2014-03-26T12:34:58.652Z","0.1.16":"2014-04-10T09:52:26.550Z","0.1.17":"2014-06-17T09:24:39.259Z","0.2.0":"2014-06-17T13:34:31.016Z","0.2.1":"2014-07-03T16:55:18.980Z","0.2.2":"2014-08-27T20:26:43.223Z","0.2.3":"2014-11-18T10:53:46.374Z","0.2.4":"2015-04-19T15:59:52.495Z","1.1.0":"2016-05-30T18:39:10.556Z","1.1.1":"2016-06-06T00:53:11.781Z","1.1.2":"2016-06-08T09:14:36.104Z","1.2.0":"2016-06-20T02:12:31.317Z","1.2.1":"2016-06-21T05:20:30.651Z","1.3.0":"2016-06-21T07:38:36.469Z","1.4.0":"2016-06-22T05:24:17.554Z","2.0.0":"2016-06-26T02:02:38.575Z","2.0.1":"2016-06-28T14:44:41.565Z","2.1.0":"2016-06-30T21:02:41.520Z","2.2.0":"2016-07-12T19:54:27.755Z","2.3.0":"2016-07-24T21:29:56.453Z","2.4.0":"2016-07-28T20:54:36.367Z","2.4.1":"2016-08-09T21:43:35.815Z","2.5.1":"2016-08-17T16:58:35.953Z","2.5.2":"2016-08-25T20:41:39.971Z","2.6.0":"2016-08-30T19:04:43.810Z","3.0.0":"2016-09-05T17:36:42.371Z","3.1.0":"2016-09-16T02:04:35.352Z","3.1.1":"2016-09-24T16:17:19.255Z","4.0.0":"2016-10-06T19:50:31.508Z","4.1.0":"2016-10-08T17:35:30.524Z","5.0.0":"2016-10-09T16:25:47.456Z","5.0.1":"2016-10-10T23:38:34.388Z","5.1.0":"2016-10-11T00:42:01.891Z","5.2.0":"2016-10-12T19:30:22.190Z","5.2.1":"2016-10-14T00:24:54.758Z","5.2.2":"2016-10-14T23:58:56.248Z"},"users":{"thejh":true,"fgribreau":true,"kubakubula":true,"fritx":true,"iwill":true,"fanchangyong":true,"sbruchmann":true,"chrisyipw":true,"greggman":true,"mswanson1524":true,"patmoore":true,"mr.raindrop":true,"calebgomer":true,"sergiodxa":true,"heckj":true,"jwhitmarsh":true,"brentonhouse":true,"womjoy":true,"haeck":true,"roka":true,"kulakowka":true,"iamveen":true,"danielhuisman":true,"simplyianm":true,"beaulebens":true,"phoenix-xsy":true,"webs":true,"jhliberty":true,"itonyyo":true,"moimikey":true,"itsananderson":true,"leonardorb":true,"karlbateman":true,"kontrax":true,"folletto":true,"dongguangming":true,"hirle":true,"xieranmaya":true,"scaffrey":true,"monsterkodi":true,"johnnyzheng":true,"drazisil":true,"philkunz":true,"rehf27":true,"eserozvataf":true,"timdp":true,"crusaderltd":true,"thomas.miele":true,"netweb":true,"foto":true,"willin":true,"jensnilsson":true,"cantidio":true,"bmavus":true,"jamling":true,"croogie":true,"jedfonner":true,"imkitchen":true,"szymex73":true,"rocket0191":true,"stoe":true,"sqrtthree":true,"ttionya":true},"readme":"**NOTE: The `node-github` npm package is deprecated. You want the `github` npm package (see Installation).**\n\n# Node-github\n\n[![npm](https://img.shields.io/npm/v/github.svg)](https://www.npmjs.com/package/github)\n<span class=\"badge-gratipay\"><a href=\"https://gratipay.com/node-github/\"><img src=\"https://img.shields.io/badge/gratipay-donate-yellow.svg\" alt=\"Gratipay donate button\" /></a></span>\n\nA Node.js wrapper for GitHub API.\n\n## Installation\n\nInstall via npm.\n\n```bash\n$ npm install github\n```\n\nor\n\nInstall via git clone\n\n```bash\n$ git clone https://github.com/mikedeboer/node-github.git\n$ cd node-github\n$ npm install\n```\n\n## Documentation\n\nClient API: [https://mikedeboer.github.io/node-github/](https://mikedeboer.github.io/node-github/)  \nGitHub API: [https://developer.github.com/v3/](https://developer.github.com/v3/)\n\n## Example\n\nGet all followers for user \"defunkt\":\n```javascript\nvar GitHubApi = require(\"github\");\n\nvar github = new GitHubApi({\n    // optional args\n    debug: true,\n    protocol: \"https\",\n    host: \"github.my-GHE-enabled-company.com\", // should be api.github.com for GitHub\n    pathPrefix: \"/api/v3\", // for some GHEs; none for GitHub\n    headers: {\n        \"user-agent\": \"My-Cool-GitHub-App\" // GitHub is happy with a unique user agent\n    },\n    Promise: require('bluebird'),\n    followRedirects: false, // default: true; there's currently an issue with non-get redirects, so allow ability to disable follow-redirects\n    timeout: 5000\n});\n\n// TODO: optional authentication here depending on desired endpoints. See below in README.\n\ngithub.users.getFollowingForUser({\n    // optional:\n    // headers: {\n    //     \"cookie\": \"blahblah\"\n    // },\n    user: \"defunkt\"\n}, function(err, res) {\n    console.log(JSON.stringify(res));\n});\n```\n\n## Pagination\n\nThere are a few pagination-related methods: \n\n```\nhasNextPage(link)\nhasPreviousPage(link)\nhasFirstPage(link)\nhasLastPage(link)\n\ngetNextPage(link, headers, callback)\ngetPreviousPage(link, headers, callback)\ngetFirstPage(link, headers, callback)\ngetLastPage(link, headers, callback)\n\nNOTE: link is the response object or the contents of the Link header\n```\n\nSee [here](https://github.com/mikedeboer/node-github/blob/master/examples/paginationCustomHeaders.js) and [here](https://github.com/mikedeboer/node-github/blob/master/examples/getStarred.js) for examples.\n\n## Authentication\n\nMost GitHub API calls don't require authentication. As a rule of thumb: If you can see the information by visiting the site without being logged in, you don't have to be authenticated to retrieve the same information through the API. Of course calls, which change data or read sensitive information have to be authenticated.\n\nYou need the GitHub user name and the API key for authentication. The API key can be found in the user's _Account Settings_.\n\n```javascript\n// basic\ngithub.authenticate({\n    type: \"basic\",\n    username: USERNAME,\n    password: PASSWORD\n});\n\n// oauth\ngithub.authenticate({\n    type: \"oauth\",\n    token: AUTH_TOKEN\n});\n\n// oauth key/secret (to get a token)\ngithub.authenticate({\n    type: \"oauth\",\n    key: CLIENT_ID,\n    secret: CLIENT_SECRET\n})\n\n// user token\ngithub.authenticate({\n    type: \"token\",\n    token: \"userToken\",\n});\n\n// integration (jwt)\ngithub.authenticate({\n    type: \"integration\",\n    token: \"jwt\",\n});\n```\n\nNote: `authenticate` is synchronous because it only stores the\ncredentials for the next request.\n\n### Creating a token for your application\n[Create a new authorization](https://developer.github.com/v3/oauth_authorizations/#create-a-new-authorization).\n\n1. Use github.authenticate() to authenticate with GitHub using your username / password.\n2. Create an application token programmatically with the scopes you need and, if you use two-factor authentication send the `X-GitHub-OTP` header with the one-time-password you get on your token device.\n\n```javascript\ngithub.authorization.create({\n    scopes: [\"user\", \"public_repo\", \"repo\", \"repo:status\", \"gist\"],\n    note: \"what this auth is for\",\n    note_url: \"http://url-to-this-auth-app\",\n    headers: {\n        \"X-GitHub-OTP\": \"two-factor-code\"\n    }\n}, function(err, res) {\n    if (res.token) {\n        //save and use res.token as in the Oauth process above from now on\n    }\n});\n```\n\n## Create test auth file\n\nCreate test auth file for running tests/examples.\n\n```bash\n$ > testAuth.json\n{\n    \"token\": \"<TOKEN>\"\n}\n```\n\n## Tests\n\nRun all tests\n\n```bash\n$ npm test\n```\n\nOr run a specific test\n\n```bash\n$ npm test test/issuesTest.js\n```\n\n## Preview APIs\n\nAccept headers for the preview APIs should be taken care of behind the scenes, but in the event a preview endpoint isn't working, see [here](https://github.com/mikedeboer/node-github/blob/master/examples/getReactionsForIssue.js) for an example on how to add the required custom accept header.\n\nFor updates on endpoints under preview, see https://developer.github.com/changes/.\n\n| Preview API         | Accept header val                               |\n| ------------------- | ----------------------------------------------- |\n| Deployment          | application/vnd.github.ant-man-preview+json     |\n| Git signing         | application/vnd.github.cryptographer-preview    |\n| Imports             | application/vnd.github.barred-rock-preview      |\n| Integrations        | application/vnd.github.machine-man-preview      |\n| License             | application/vnd.github.drax-preview+json        |\n| Migrations          | application/vnd.github.wyandotte-preview+json   |\n| Pages               | application/vnd.github.mister-fantastic-preview |\n| Pre-receive         | application/vnd.github.eye-scream-preview       |\n| Projects            | application/vnd.github.inertia-preview+json     |\n| Protected Branches  | application/vnd.github.loki-preview+json        |\n| Pull Request Squash | application/vnd.github.polaris-preview          |\n| Reactions           | application/vnd.github.squirrel-girl-preview    |\n| Repository Traffic  | application/vnd.github.spiderman-preview        |\n| Timeline            | application/vnd.github.mockingbird-preview      |\n\n## Dev notes\n\nWhen updating routes.json, you'll want to update the generated docs/tests:\n\n```bash\n$ node lib/generate.js\n```\n\nTo update the apidoc for github pages:\n\n```bash\n$ npm install apidoc -g\n$ apidoc -i doc/ -o apidoc/\n```\n\nJust a reminder, since an ad-hoc filter was added to the apidoc, don't overwrite index.html, main.js.\n\n## LICENSE\n\nMIT license. See the LICENSE file for details.\n","readmeFilename":"README.md","homepage":"https://github.com/mikedeboer/node-github","contributors":[{"name":"Mike de Boer","email":"info@mikedeboer.nl"},{"name":"Fabian Jakobs","email":"fabian@c9.io"},{"name":"Joe Gallo","email":"joe@brassafrax.com"}],"bugs":{"url":"https://github.com/mikedeboer/node-github/issues"},"license":"MIT","_attachments":{},"_etag":"\"2FRJXEBJPN86BZSJVSGCLYZ0Y\"","_cached":true}