{"_id":"jsdoctypeparser","_rev":"34-6ea47894410e25d2f4dd8c4375dcfc86","name":"jsdoctypeparser","description":"Strict JsDoc type expression parser.","dist-tags":{"latest":"2.0.0-alpha-8"},"versions":{"0.0.0":{"name":"jsdoctypeparser","description":"Strict JsDoc type expression parser","version":"0.0.0","author":{"name":"Orga Chem","email":"orga.chem.job@gmail.com"},"keywords":["jsdoc","parser"],"repository":{"type":"git","url":"git://github.com/OrgaChem/jsdoc-strict-type-parser.git"},"bugs":{"mail":"orga.chem.job@gmail.com","url":"https://github.com/OrgaChem/jsdoc-strict-type-parser/issues"},"directories":{"test":"test"},"main":"lib/index.js","scripts":{"test":"node test/run.js"},"licenses":[{"type":"MIT","url":"http://orgachem.mit-license.org/"}],"gitHead":"a50d4c5cfa3eca783d762f9b533521681bea9f10","dependencies":{},"devDependencies":{"nodeunit":"~0.8.0","benchmark":"~1.0.0"},"license":"MIT","_id":"jsdoctypeparser@0.0.0","dist":{"shasum":"779b730580c5df67538a1b267962b430677e1b95","tarball":"https://registry.npmjs.org/jsdoctypeparser/-/jsdoctypeparser-0.0.0.tgz"},"_from":".","_npmVersion":"1.2.11","_npmUser":{"name":"orgachem","email":"orga.chem.job@gmail.com"},"maintainers":[{"name":"orgachem","email":"orga.chem.job@gmail.com"}]},"0.0.1":{"name":"jsdoctypeparser","description":"Strict JsDoc type expression parser","version":"0.0.1","author":{"name":"Orga Chem","email":"orga.chem.job@gmail.com"},"keywords":["jsdoc","parser"],"repository":{"type":"git","url":"git://github.com/OrgaChem/jsdoc-strict-type-parser.git"},"bugs":{"mail":"orga.chem.job@gmail.com","url":"https://github.com/OrgaChem/jsdoc-strict-type-parser/issues"},"directories":{"test":"test"},"main":"lib/index.js","scripts":{"test":"node test/run.js"},"licenses":[{"type":"MIT","url":"http://orgachem.mit-license.org/"}],"gitHead":"a50d4c5cfa3eca783d762f9b533521681bea9f10","dependencies":{},"devDependencies":{"nodeunit":"~0.8.0","benchmark":"~1.0.0"},"license":"MIT","_id":"jsdoctypeparser@0.0.1","dist":{"shasum":"c688bc1a6890636c607617a430bd83a88b2d35f6","tarball":"https://registry.npmjs.org/jsdoctypeparser/-/jsdoctypeparser-0.0.1.tgz"},"_from":".","_npmVersion":"1.2.11","_npmUser":{"name":"orgachem","email":"orga.chem.job@gmail.com"},"maintainers":[{"name":"orgachem","email":"orga.chem.job@gmail.com"}]},"0.0.2":{"name":"jsdoctypeparser","description":"Strict JsDoc type expression parser","version":"0.0.2","author":{"name":"Orga Chem","email":"orga.chem.job@gmail.com"},"keywords":["jsdoc","parser"],"repository":{"type":"git","url":"git://github.com/OrgaChem/jsdoc-strict-type-parser.git"},"bugs":{"mail":"orga.chem.job@gmail.com","url":"https://github.com/OrgaChem/jsdoc-strict-type-parser/issues"},"directories":{"test":"test"},"main":"lib/index.js","scripts":{"test":"node test/run.js"},"dependencies":{},"devDependencies":{"nodeunit":"~0.8.0","benchmark":"~1.0.0"},"license":"MIT","_id":"jsdoctypeparser@0.0.2","dist":{"shasum":"8962878bc374eb8bf4482fe24c2b5afc7af51e18","tarball":"https://registry.npmjs.org/jsdoctypeparser/-/jsdoctypeparser-0.0.2.tgz"},"_from":".","_npmVersion":"1.2.11","_npmUser":{"name":"orgachem","email":"orga.chem.job@gmail.com"},"maintainers":[{"name":"orgachem","email":"orga.chem.job@gmail.com"}]},"1.0.0":{"name":"jsdoctypeparser","description":"Strict JsDoc type expression parser","version":"1.0.0","author":{"name":"Orga Chem","email":"orga.chem.job@gmail.com"},"keywords":["jsdoc","parser"],"repository":{"type":"git","url":"git://github.com/OrgaChem/jsdoc-strict-type-parser.git"},"bugs":{"mail":"orga.chem.job@gmail.com","url":"https://github.com/OrgaChem/jsdoc-strict-type-parser/issues"},"directories":{"test":"test"},"main":"lib/index.js","scripts":{"test":"node test/run.js"},"dependencies":{},"devDependencies":{"nodeunit":"~0.8.0","benchmark":"~1.0.0"},"license":"MIT","_id":"jsdoctypeparser@1.0.0","dist":{"shasum":"6516fe76926a6aab5c4c7917a382afef6b07ae2b","tarball":"https://registry.npmjs.org/jsdoctypeparser/-/jsdoctypeparser-1.0.0.tgz"},"_from":".","_npmVersion":"1.2.18","_npmUser":{"name":"orgachem","email":"orga.chem.job@gmail.com"},"maintainers":[{"name":"orgachem","email":"orga.chem.job@gmail.com"}]},"1.0.1":{"name":"jsdoctypeparser","description":"Strict JsDoc type expression parser","version":"1.0.1","author":{"name":"Orga Chem","email":"orga.chem.job@gmail.com"},"keywords":["jsdoc","type expression","parser"],"repository":{"type":"git","url":"git://github.com/OrgaChem/jsdoc-strict-type-parser.git"},"bugs":{"mail":"orga.chem.job@gmail.com","url":"https://github.com/OrgaChem/jsdoc-strict-type-parser/issues"},"directories":{"test":"test"},"main":"lib/index.js","scripts":{"test":"node test/run.js"},"dependencies":{},"devDependencies":{"nodeunit":"~0.8.0","benchmark":"~1.0.0"},"license":"MIT","_id":"jsdoctypeparser@1.0.1","dist":{"shasum":"3d66491042bec3355aba0c2549ef198374f95c69","tarball":"https://registry.npmjs.org/jsdoctypeparser/-/jsdoctypeparser-1.0.1.tgz"},"_from":".","_npmVersion":"1.2.18","_npmUser":{"name":"orgachem","email":"orga.chem.job@gmail.com"},"maintainers":[{"name":"orgachem","email":"orga.chem.job@gmail.com"}]},"1.0.2":{"name":"jsdoctypeparser","description":"Strict JsDoc type expression parser","version":"1.0.2","author":{"name":"Orga Chem","email":"orga.chem.job@gmail.com"},"keywords":["jsdoc","type expression","parser"],"repository":{"type":"git","url":"git://github.com/OrgaChem/jsdoctypeparser.git"},"bugs":{"mail":"orga.chem.job@gmail.com","url":"https://github.com/OrgaChem/jsdoctypeparser/issues"},"directories":{"test":"test"},"main":"lib/index.js","scripts":{"test":"node test/run.js"},"dependencies":{},"devDependencies":{"nodeunit":"~0.8.0","benchmark":"~1.0.0"},"license":"MIT","_id":"jsdoctypeparser@1.0.2","dist":{"shasum":"4c5e35176a3d744214b214ee44b96626735cd990","tarball":"https://registry.npmjs.org/jsdoctypeparser/-/jsdoctypeparser-1.0.2.tgz"},"_from":".","_npmVersion":"1.2.18","_npmUser":{"name":"orgachem","email":"orga.chem.job@gmail.com"},"maintainers":[{"name":"orgachem","email":"orga.chem.job@gmail.com"}]},"1.0.3":{"name":"jsdoctypeparser","description":"Strict JsDoc type expression parser","version":"1.0.3","author":{"name":"Orga Chem","email":"orga.chem.job@gmail.com"},"keywords":["jsdoc","type expression","parser"],"repository":{"type":"git","url":"git://github.com/OrgaChem/jsdoctypeparser.git"},"bugs":{"mail":"orga.chem.job@gmail.com","url":"https://github.com/OrgaChem/jsdoctypeparser/issues"},"directories":{"test":"test"},"main":"lib/index.js","scripts":{"test":"node test/run.js"},"dependencies":{},"devDependencies":{"nodeunit":"~0.8.0","benchmark":"~1.0.0"},"license":"MIT","_id":"jsdoctypeparser@1.0.3","dist":{"shasum":"56bb159960aeb54d247db86c06a416a66c3e17df","tarball":"https://registry.npmjs.org/jsdoctypeparser/-/jsdoctypeparser-1.0.3.tgz"},"_from":".","_npmVersion":"1.2.18","_npmUser":{"name":"orgachem","email":"orga.chem.job@gmail.com"},"maintainers":[{"name":"orgachem","email":"orga.chem.job@gmail.com"}]},"1.1.0":{"name":"jsdoctypeparser","description":"Strict JsDoc type expression parser.","version":"1.1.0","author":{"name":"Orga Chem","email":"orga.chem.job@gmail.com"},"keywords":["jsdoc","type expression","parser"],"repository":{"type":"git","url":"git://github.com/OrgaChem/jsdoctypeparser.git"},"bugs":{"mail":"orga.chem.job@gmail.com","url":"https://github.com/OrgaChem/jsdoctypeparser/issues"},"directories":{"test":"test"},"main":"lib/index.js","scripts":{"test":"node test/run.js"},"dependencies":{},"devDependencies":{"nodeunit":"~0.8.0","benchmark":"~1.0.0"},"license":"MIT","_id":"jsdoctypeparser@1.1.0","dist":{"shasum":"5e22b35d428a7b04a56c5277444eee49afbca775","tarball":"https://registry.npmjs.org/jsdoctypeparser/-/jsdoctypeparser-1.1.0.tgz"},"_from":".","_npmVersion":"1.2.18","_npmUser":{"name":"orgachem","email":"orga.chem.job@gmail.com"},"maintainers":[{"name":"orgachem","email":"orga.chem.job@gmail.com"}]},"1.1.1":{"name":"jsdoctypeparser","description":"Strict JsDoc type expression parser.","version":"1.1.1","author":{"name":"Orga Chem","email":"orga.chem.job@gmail.com"},"keywords":["jsdoc","type expression","parser"],"repository":{"type":"git","url":"git://github.com/OrgaChem/jsdoctypeparser.git"},"bugs":{"mail":"orga.chem.job@gmail.com","url":"https://github.com/OrgaChem/jsdoctypeparser/issues"},"directories":{"test":"test"},"main":"lib/index.js","scripts":{"test":"node test/run.js"},"dependencies":{},"devDependencies":{"nodeunit":"~0.8.0","benchmark":"~1.0.0"},"license":"MIT","_id":"jsdoctypeparser@1.1.1","dist":{"shasum":"63d81c716336863065249b576fb1b5ac9febf108","tarball":"https://registry.npmjs.org/jsdoctypeparser/-/jsdoctypeparser-1.1.1.tgz"},"_from":".","_npmVersion":"1.2.18","_npmUser":{"name":"orgachem","email":"orga.chem.job@gmail.com"},"maintainers":[{"name":"orgachem","email":"orga.chem.job@gmail.com"}]},"1.1.2":{"name":"jsdoctypeparser","description":"Strict JsDoc type expression parser.","version":"1.1.2","author":{"name":"Kuniwak","email":"orga.chem.job@gmail.com"},"keywords":["jsdoc","type expression","parser"],"repository":{"type":"git","url":"git://github.com/Kuniwak/jsdoctypeparser.git"},"bugs":{"url":"https://github.com/Kuniwak/jsdoctypeparser/issues"},"directories":{"test":"test"},"main":"lib/index.js","scripts":{"test":"node test/run.js"},"dependencies":{},"devDependencies":{"nodeunit":"~0.8.0","benchmark":"~1.0.0"},"license":"MIT","homepage":"https://github.com/Kuniwak/jsdoctypeparser","_id":"jsdoctypeparser@1.1.2","dist":{"shasum":"0d9520d028484283b8baace1974f270d754a051d","tarball":"https://registry.npmjs.org/jsdoctypeparser/-/jsdoctypeparser-1.1.2.tgz"},"_from":".","_npmVersion":"1.4.3","_npmUser":{"name":"orgachem","email":"orga.chem.job@gmail.com"},"maintainers":[{"name":"orgachem","email":"orga.chem.job@gmail.com"}]},"1.1.3":{"name":"jsdoctypeparser","description":"Strict JsDoc type expression parser.","version":"1.1.3","author":{"name":"Kuniwak","email":"orga.chem.job@gmail.com"},"keywords":["jsdoc","type expression","parser"],"repository":{"type":"git","url":"git://github.com/Kuniwak/jsdoctypeparser.git"},"bugs":{"url":"https://github.com/Kuniwak/jsdoctypeparser/issues"},"directories":{"test":"test"},"main":"lib/index.js","scripts":{"test":"node test/run.js"},"dependencies":{},"devDependencies":{"nodeunit":"~0.8.0","benchmark":"~1.0.0"},"license":"MIT","homepage":"https://github.com/Kuniwak/jsdoctypeparser","_id":"jsdoctypeparser@1.1.3","dist":{"shasum":"456fc307b770d2e79de61a756b7f69c8ef929cf3","tarball":"https://registry.npmjs.org/jsdoctypeparser/-/jsdoctypeparser-1.1.3.tgz"},"_from":".","_npmVersion":"1.4.3","_npmUser":{"name":"orgachem","email":"orga.chem.job@gmail.com"},"maintainers":[{"name":"orgachem","email":"orga.chem.job@gmail.com"}]},"1.1.4":{"name":"jsdoctypeparser","description":"Strict JsDoc type expression parser.","version":"1.1.4","author":{"name":"Kuniwak","email":"orga.chem.job@gmail.com"},"keywords":["jsdoc","type expression","parser"],"repository":{"type":"git","url":"git://github.com/Kuniwak/jsdoctypeparser.git"},"bugs":{"url":"https://github.com/Kuniwak/jsdoctypeparser/issues"},"directories":{"test":"test"},"main":"lib/index.js","scripts":{"test":"node test/run.js"},"dependencies":{},"devDependencies":{"nodeunit":"~0.8.0","benchmark":"~1.0.0"},"license":"MIT","homepage":"https://github.com/Kuniwak/jsdoctypeparser","_id":"jsdoctypeparser@1.1.4","dist":{"shasum":"ae89167a4fa3f263560e47e3951747e8312858e3","tarball":"https://registry.npmjs.org/jsdoctypeparser/-/jsdoctypeparser-1.1.4.tgz"},"_from":".","_npmVersion":"1.4.3","_npmUser":{"name":"orgachem","email":"orga.chem.job@gmail.com"},"maintainers":[{"name":"orgachem","email":"orga.chem.job@gmail.com"}]},"1.2.0":{"name":"jsdoctypeparser","description":"Strict JsDoc type expression parser.","version":"1.2.0","author":{"name":"Kuniwak","email":"orga.chem.job@gmail.com"},"keywords":["jsdoc","type expression","parser"],"repository":{"type":"git","url":"git://github.com/Kuniwak/jsdoctypeparser.git"},"bugs":{"url":"https://github.com/Kuniwak/jsdoctypeparser/issues"},"directories":{"test":"test"},"main":"lib/index.js","scripts":{"prepublidh":"npm run build","pretest":"npm run lint","test":"mocha test","lint":"eslint lib test && jscs lib test","build":"gulp build"},"devDependencies":{"benchmark":"~1.0.0","chai":"^2.2.0","eslint":"^0.20.0","gulp":"^3.8.11","gulp-notify":"^2.2.0","gulp-peg":"^0.1.2","gulp-plumber":"^0.6.6","jscs":"^1.13.1","mocha":"^2.2.4"},"license":"MIT","dependencies":{"lodash":"^3.7.0"},"gitHead":"5444d4dab68e9670ff97bd27993da8a28aad4b2b","homepage":"https://github.com/Kuniwak/jsdoctypeparser","_id":"jsdoctypeparser@1.2.0","_shasum":"e7dedc153a11849ffc5141144ae86a7ef0c25392","_from":".","_npmVersion":"2.7.4","_nodeVersion":"0.12.2","_npmUser":{"name":"orgachem","email":"orga.chem.job@gmail.com"},"maintainers":[{"name":"orgachem","email":"orga.chem.job@gmail.com"}],"dist":{"shasum":"e7dedc153a11849ffc5141144ae86a7ef0c25392","tarball":"https://registry.npmjs.org/jsdoctypeparser/-/jsdoctypeparser-1.2.0.tgz"}},"2.0.0-alpha":{"name":"jsdoctypeparser","description":"Strict JsDoc type expression parser.","version":"2.0.0-alpha","author":{"name":"Kuniwak","email":"orga.chem.job@gmail.com"},"keywords":["jsdoc","type expression","parser"],"repository":{"type":"git","url":"git://github.com/Kuniwak/jsdoctypeparser.git"},"bugs":{"url":"https://github.com/Kuniwak/jsdoctypeparser/issues"},"directories":{"test":"test"},"main":"index.js","scripts":{"prepublidh":"npm run build","pretest":"npm run lint","test":"mocha tests","lint":"eslint lib tests && jscs lib tests","build":"gulp build"},"devDependencies":{"benchmark":"~1.0.0","chai":"^2.2.0","eslint":"^0.20.0","gulp":"^3.8.11","gulp-debug":"^2.0.1","gulp-peg":"^0.1.2","gulp-plumber":"^0.6.6","jscs":"^1.13.1","mocha":"^2.2.4"},"license":"MIT","dependencies":{"lodash":"^3.7.0"},"gitHead":"339be5e26932d92920f576a766f7b941f1641fac","homepage":"https://github.com/Kuniwak/jsdoctypeparser#readme","_id":"jsdoctypeparser@2.0.0-alpha","_shasum":"418e3e98da1957c91c4a1d7b02f5aa8311cb579b","_from":".","_npmVersion":"2.13.2","_nodeVersion":"2.5.0","_npmUser":{"name":"orgachem","email":"orga.chem.job@gmail.com"},"maintainers":[{"name":"orgachem","email":"orga.chem.job@gmail.com"}],"dist":{"shasum":"418e3e98da1957c91c4a1d7b02f5aa8311cb579b","tarball":"https://registry.npmjs.org/jsdoctypeparser/-/jsdoctypeparser-2.0.0-alpha.tgz"}},"2.0.0-alpha-2":{"name":"jsdoctypeparser","description":"Strict JsDoc type expression parser.","version":"2.0.0-alpha-2","author":{"name":"Kuniwak","email":"orga.chem.job@gmail.com"},"keywords":["jsdoc","type expression","parser"],"repository":{"type":"git","url":"git://github.com/Kuniwak/jsdoctypeparser.git"},"bugs":{"url":"https://github.com/Kuniwak/jsdoctypeparser/issues"},"directories":{"test":"test"},"main":"index.js","scripts":{"prepublidh":"npm run build","pretest":"npm run lint","test":"mocha tests","lint":"eslint lib tests && jscs lib tests","build":"gulp build"},"devDependencies":{"benchmark":"~1.0.0","chai":"^2.2.0","eslint":"^0.20.0","gulp":"^3.8.11","gulp-debug":"^2.0.1","gulp-peg":"^0.1.2","gulp-plumber":"^0.6.6","jscs":"^1.13.1","mocha":"^2.2.4"},"license":"MIT","dependencies":{"lodash":"^3.7.0"},"gitHead":"a8131a9e705624f02cdc1095617dd2ec3bec5581","homepage":"https://github.com/Kuniwak/jsdoctypeparser#readme","_id":"jsdoctypeparser@2.0.0-alpha-2","_shasum":"636540b88385873effcdafdb2903e3fb5051990d","_from":".","_npmVersion":"2.13.2","_nodeVersion":"2.5.0","_npmUser":{"name":"orgachem","email":"orga.chem.job@gmail.com"},"maintainers":[{"name":"orgachem","email":"orga.chem.job@gmail.com"}],"dist":{"shasum":"636540b88385873effcdafdb2903e3fb5051990d","tarball":"https://registry.npmjs.org/jsdoctypeparser/-/jsdoctypeparser-2.0.0-alpha-2.tgz"}},"2.0.0-alpha-3":{"name":"jsdoctypeparser","description":"Strict JsDoc type expression parser.","version":"2.0.0-alpha-3","author":{"name":"Kuniwak","email":"orga.chem.job@gmail.com"},"keywords":["jsdoc","type expression","parser"],"repository":{"type":"git","url":"git://github.com/Kuniwak/jsdoctypeparser.git"},"bugs":{"url":"https://github.com/Kuniwak/jsdoctypeparser/issues"},"directories":{"test":"test"},"main":"index.js","scripts":{"prepublidh":"npm run build","pretest":"npm run lint","test":"mocha tests","lint":"eslint lib tests && jscs lib tests","build":"gulp build"},"devDependencies":{"benchmark":"~1.0.0","chai":"^2.2.0","eslint":"^0.20.0","gulp":"^3.8.11","gulp-debug":"^2.0.1","gulp-peg":"^0.1.2","gulp-plumber":"^0.6.6","jscs":"^1.13.1","mocha":"^2.2.4"},"license":"MIT","dependencies":{"lodash":"^3.7.0"},"gitHead":"0aef9cd4fbfcede3c5caf1ca44573b99352be93a","homepage":"https://github.com/Kuniwak/jsdoctypeparser#readme","_id":"jsdoctypeparser@2.0.0-alpha-3","_shasum":"2a20ac38f258cc7d6c23b8d7074b181e35f712be","_from":".","_npmVersion":"2.13.2","_nodeVersion":"2.5.0","_npmUser":{"name":"orgachem","email":"orga.chem.job@gmail.com"},"maintainers":[{"name":"orgachem","email":"orga.chem.job@gmail.com"}],"dist":{"shasum":"2a20ac38f258cc7d6c23b8d7074b181e35f712be","tarball":"https://registry.npmjs.org/jsdoctypeparser/-/jsdoctypeparser-2.0.0-alpha-3.tgz"}},"2.0.0-alpha-4":{"name":"jsdoctypeparser","description":"Strict JsDoc type expression parser.","version":"2.0.0-alpha-4","author":{"name":"Kuniwak","email":"orga.chem.job@gmail.com"},"keywords":["jsdoc","type expression","parser"],"repository":{"type":"git","url":"git://github.com/Kuniwak/jsdoctypeparser.git"},"bugs":{"url":"https://github.com/Kuniwak/jsdoctypeparser/issues"},"directories":{"test":"test"},"main":"index.js","scripts":{"prepublidh":"npm run build","pretest":"npm run lint","test":"mocha tests","lint":"eslint lib tests && jscs lib tests","build":"gulp build"},"devDependencies":{"chai":"^2.2.0","eslint":"^0.20.0","gulp":"^3.8.11","gulp-debug":"^2.0.1","gulp-peg":"^0.1.2","gulp-plumber":"^0.6.6","jscs":"^1.13.1","mocha":"^2.2.4"},"license":"MIT","dependencies":{"lodash":"^3.7.0"},"gitHead":"79bdf7544915a5b9b8aeaf0cb3006dc922490079","homepage":"https://github.com/Kuniwak/jsdoctypeparser#readme","_id":"jsdoctypeparser@2.0.0-alpha-4","_shasum":"633ea8d56e0449e46523a8b83074595c8695f233","_from":".","_npmVersion":"2.13.2","_nodeVersion":"2.5.0","_npmUser":{"name":"orgachem","email":"orga.chem.job@gmail.com"},"maintainers":[{"name":"orgachem","email":"orga.chem.job@gmail.com"}],"dist":{"shasum":"633ea8d56e0449e46523a8b83074595c8695f233","tarball":"https://registry.npmjs.org/jsdoctypeparser/-/jsdoctypeparser-2.0.0-alpha-4.tgz"}},"2.0.0-alpha-5":{"name":"jsdoctypeparser","description":"Strict JsDoc type expression parser.","version":"2.0.0-alpha-5","author":{"name":"Kuniwak","email":"orga.chem.job@gmail.com"},"keywords":["jsdoc","type expression","parser"],"repository":{"type":"git","url":"git://github.com/Kuniwak/jsdoctypeparser.git"},"bugs":{"url":"https://github.com/Kuniwak/jsdoctypeparser/issues"},"directories":{"test":"test"},"main":"index.js","scripts":{"prepublidh":"npm run build","pretest":"npm run lint","test":"mocha tests","lint":"eslint lib tests && jscs lib tests","build":"gulp build"},"devDependencies":{"chai":"^2.2.0","eslint":"^0.20.0","gulp":"^3.8.11","gulp-debug":"^2.0.1","gulp-peg":"^0.1.2","gulp-plumber":"^0.6.6","gulp-util":"^3.0.6","gulp-watch":"^4.3.5","jscs":"^1.13.1","mocha":"^2.2.4"},"license":"MIT","dependencies":{"lodash":"^3.7.0"},"gitHead":"5d2faf049e4480c2254330eb6f20911c6b155a95","homepage":"https://github.com/Kuniwak/jsdoctypeparser#readme","_id":"jsdoctypeparser@2.0.0-alpha-5","_shasum":"faf276e41e9ce6d60538c293d4ad16142819d5b5","_from":".","_npmVersion":"2.13.2","_nodeVersion":"2.5.0","_npmUser":{"name":"orgachem","email":"orga.chem.job@gmail.com"},"maintainers":[{"name":"orgachem","email":"orga.chem.job@gmail.com"}],"dist":{"shasum":"faf276e41e9ce6d60538c293d4ad16142819d5b5","tarball":"https://registry.npmjs.org/jsdoctypeparser/-/jsdoctypeparser-2.0.0-alpha-5.tgz"}},"2.0.0-alpha-6":{"name":"jsdoctypeparser","description":"Strict JsDoc type expression parser.","version":"2.0.0-alpha-6","author":{"name":"Kuniwak","email":"orga.chem.job@gmail.com"},"keywords":["jsdoc","type expression","parser"],"repository":{"type":"git","url":"git://github.com/Kuniwak/jsdoctypeparser.git"},"bugs":{"url":"https://github.com/Kuniwak/jsdoctypeparser/issues"},"directories":{"test":"test"},"main":"index.js","scripts":{"prepublidh":"npm-run-all build","pretest":"npm-run-all lint build","test":"mocha tests","lint":"eslint lib tests","clean":"rimraf ./peg_lib","postclean":"mkdirp ./peg_lib","prebuild":"npm-run-all clean","build":"pegjs --cache ./peg_src/jsdoctype.pegjs ./peg_lib/jsdoctype.js"},"devDependencies":{"chai":"^2.2.0","eslint":"^0.20.0","mkdirp":"^0.5.1","mocha":"^2.2.4","npm-run-all":"^2.1.0","pegjs":"^0.9.0","rimraf":"^2.5.2"},"license":"MIT","dependencies":{},"gitHead":"acc72244a33627af97ad79612d0e4b72bd56dea9","homepage":"https://github.com/Kuniwak/jsdoctypeparser#readme","_id":"jsdoctypeparser@2.0.0-alpha-6","_shasum":"f337b320f50998f2d3e2502dc951cb5cdf5b5021","_from":".","_npmVersion":"3.3.12","_nodeVersion":"5.5.0","_npmUser":{"name":"orgachem","email":"orga.chem.job@gmail.com"},"maintainers":[{"name":"orgachem","email":"orga.chem.job@gmail.com"}],"dist":{"shasum":"f337b320f50998f2d3e2502dc951cb5cdf5b5021","tarball":"https://registry.npmjs.org/jsdoctypeparser/-/jsdoctypeparser-2.0.0-alpha-6.tgz"},"_npmOperationalInternal":{"host":"packages-12-west.internal.npmjs.com","tmp":"tmp/jsdoctypeparser-2.0.0-alpha-6.tgz_1463316430017_0.33556425268761814"}},"2.0.0-alpha-7":{"name":"jsdoctypeparser","description":"Strict JsDoc type expression parser.","version":"2.0.0-alpha-7","author":{"name":"Kuniwak","email":"orga.chem.job@gmail.com"},"keywords":["jsdoc","type expression","parser"],"repository":{"type":"git","url":"git://github.com/Kuniwak/jsdoctypeparser.git"},"bugs":{"url":"https://github.com/Kuniwak/jsdoctypeparser/issues"},"directories":{"test":"test"},"main":"index.js","scripts":{"prepublidh":"npm-run-all build","pretest":"npm-run-all lint build","test":"mocha tests","lint":"eslint lib tests","clean":"rimraf ./peg_lib","postclean":"mkdirp ./peg_lib","prebuild":"npm-run-all clean","build":"pegjs --cache ./peg_src/jsdoctype.pegjs ./peg_lib/jsdoctype.js"},"devDependencies":{"chai":"^2.2.0","eslint":"^0.20.0","mkdirp":"^0.5.1","mocha":"^2.2.4","npm-run-all":"^2.1.0","pegjs":"^0.9.0","rimraf":"^2.5.2"},"license":"MIT","dependencies":{},"gitHead":"b40fd851e52d7ffa8aff51377eec881c7f593c3a","homepage":"https://github.com/Kuniwak/jsdoctypeparser#readme","_id":"jsdoctypeparser@2.0.0-alpha-7","_shasum":"6cb5330e8be3cffe6c506b88325071c7505f79fa","_from":".","_npmVersion":"3.3.12","_nodeVersion":"5.5.0","_npmUser":{"name":"orgachem","email":"orga.chem.job@gmail.com"},"maintainers":[{"name":"orgachem","email":"orga.chem.job@gmail.com"}],"dist":{"shasum":"6cb5330e8be3cffe6c506b88325071c7505f79fa","tarball":"https://registry.npmjs.org/jsdoctypeparser/-/jsdoctypeparser-2.0.0-alpha-7.tgz"},"_npmOperationalInternal":{"host":"packages-16-east.internal.npmjs.com","tmp":"tmp/jsdoctypeparser-2.0.0-alpha-7.tgz_1463328212448_0.5041669465135783"}},"2.0.0-alpha-8":{"name":"jsdoctypeparser","description":"Strict JsDoc type expression parser.","version":"2.0.0-alpha-8","author":{"name":"Kuniwak","email":"orga.chem.job@gmail.com"},"keywords":["jsdoc","type expression","parser"],"repository":{"type":"git","url":"git://github.com/Kuniwak/jsdoctypeparser.git"},"bugs":{"url":"https://github.com/Kuniwak/jsdoctypeparser/issues"},"directories":{"test":"test"},"main":"index.js","scripts":{"prepublidh":"npm-run-all build","pretest":"npm-run-all lint build","test":"mocha tests","lint":"eslint lib tests","clean":"rimraf ./peg_lib","postclean":"mkdirp ./peg_lib","prebuild":"npm-run-all clean","build":"pegjs --cache ./peg_src/jsdoctype.pegjs ./peg_lib/jsdoctype.js"},"devDependencies":{"chai":"^2.2.0","eslint":"^0.20.0","mkdirp":"^0.5.1","mocha":"^2.2.4","npm-run-all":"^2.1.0","pegjs":"^0.9.0","rimraf":"^2.5.2"},"license":"MIT","dependencies":{},"gitHead":"2b711a3e4acf34096560948d35b16aea62716a97","homepage":"https://github.com/Kuniwak/jsdoctypeparser#readme","_id":"jsdoctypeparser@2.0.0-alpha-8","_shasum":"baf137fb8e2a558810adcf19d2d2a2f680e90a5f","_from":".","_npmVersion":"3.3.12","_nodeVersion":"5.5.0","_npmUser":{"name":"orgachem","email":"orga.chem.job@gmail.com"},"maintainers":[{"name":"orgachem","email":"orga.chem.job@gmail.com"}],"dist":{"shasum":"baf137fb8e2a558810adcf19d2d2a2f680e90a5f","tarball":"https://registry.npmjs.org/jsdoctypeparser/-/jsdoctypeparser-2.0.0-alpha-8.tgz"},"_npmOperationalInternal":{"host":"packages-12-west.internal.npmjs.com","tmp":"tmp/jsdoctypeparser-2.0.0-alpha-8.tgz_1463328655489_0.4895655282307416"}}},"readme":"jsdoctypeparser\n===============\n\n[![Build Status](https://travis-ci.org/Kuniwak/jsdoctypeparser.svg?branch=master)](https://travis-ci.org/Kuniwak/jsdoctypeparser)\n[![NPM version](https://badge.fury.io/js/jsdoctypeparser.svg)](http://badge.fury.io/js/jsdoctypeparser)\n\nThe parser can parse:\n\n* [JSDoc type expressions](http://usejsdoc.org/tags-type.html)\n  * `foo.bar`, `String[]`\n* [Closure Compiler type expressions](https://developers.google.com/closure/compiler/docs/js-for-compiler)\n  * `Array<string>`, `function(arg1, arg2): ret`\n* [JSDuck type definitions](https://github.com/senchalabs/jsduck/wiki/Type-Definitions)\n  * `Boolean/\"top\"/\"bottom\"`\n* Complex type expressions\n  * `Array<Array<string>>`, `function(function(Function))`\n\n\nLive demo\n---------\n\nThe [live demo](http://kuniwak.github.io/jsdoctypeparser/) is available.\n\n\nUsage\n-----\n\n### Parsing\n\n```javascript\nvar parse = require('jsdoctypeparser').parse;\n\nvar ast = parse('Array<MyClass>');\n```\n\nThe `ast` becomes:\n\n```json\n{\n  \"type\": \"GENERIC\",\n  \"subject\": {\n    \"type\": \"NAME\",\n    \"name\": \"Array\"\n  },\n  \"objects\": [\n    {\n      \"type\": \"NAME\",\n      \"name\": \"MyClass\"\n    }\n  ],\n  \"meta\": {\n    \"syntax\": \"ANGLE_BRACKET\"\n  }\n}\n```\n\nSee the [AST specifications](https://github.com/Kuniwak/jsdoctypeparser/blob/update-readme/README.md#ast-specifications).\n\n\n### Publishing\n\nWe can stringify the AST nodes by using `publish`.\n\n```javascript\nvar publish = require('jsdoctypeparser').publish;\n\nvar ast = {\n  type: 'GENERIC',\n  subject: {\n    type: 'NAME',\n    name: 'Array'\n  },\n  objects: [\n    {\n      type: 'NAME',\n      name: 'MyClass'\n    }\n  ]\n};\n\nvar string = publish(ast);\n```\n\nThe `string` becomes:\n\n```json\n\"Array<MyClass>\"\n```\n\n\n#### Custom publishing\n\nWe can change the stringification strategy by using the 2nd parameter of `publish(node, publisher)`.\nThe `publisher` MUST have handlers for all node types (see `lib/NodeType.js`).\n\nAnd we can override default behavior by using `createDefaultPublisher`.\n\n\n```javascript\nconst {publish, createDefaultPublisher} = require('jsdoctypeparser');\n\nconst ast = {\n  type: 'NAME',\n  name: 'MyClass',\n};\n\nconst customPublisher = createDefaultPublisher();\ncustomPublisher.NAME = (node, pub) => \n  `<a href=\"./types/${node.name}.html\">${node.name}</a>`;\n\nconst string = publish(ast, customPublisher);\n```\n\nThe `string` becomes:\n\n```html\n<a href=\"./types/MyClass.html\">MyClass</a>\n```\n\n\n### Traversing\n\nWe can traverse the AST by using `traverse`.\nThis function takes 3 parameters (a node and an onEnter handler, an onLeave handler).\nThe handlers take a visiting node.\n\n```javascript\nconst {parse, traverse} = require('jsdoctypeparser');\nconst ast = parse('Array<{ key1: function(), key2: A.B.C }>');\n\nfunciton onEnter(node) {\n  console.log('enter', node.type);\n}\n\nfunciton onLeave(node) {\n  console.log('leave', node.type);\n}\n\ntraverse(ast, onEnter, onLeave);\n```\n\nThe output will be:\n\n```\nenter GENERIC\nenter RECORD\nenter RECORD_ENTRY\nenter FUNCTION\nleave FUNCTION\nleave RECORD_ENTRY\nenter RECORD_ENTRY\nenter MEMBER\nenter MEMBER\nenter NAME\nleave NAME\nleave MEMBER\nleave MEMBER\nleave RECORD_ENTRY\nleave RECORD\nleave GENERIC\n```\n\n\nAST Specifications\n------------------\n\n### `NAME`\n\nExample:\n\n```javascript\n/**\n * @type {name}\n */\n```\n\nStructure:\n\n```javascript\n{\n  \"type\": \"NAME\",\n  \"name\": string\n}\n```\n\n\n### `MEMBER`\n\nExample:\n\n```javascript\n/**\n * @type {owner.name}\n * @type {superOwner.owner.name}\n */\n```\n\nStructure:\n\n```javascript\n{\n  \"type\": \"MEMBER\",\n  \"name\": string,\n  \"owner\": node\n}\n```\n\n\n### `INNER_MEMBER`\n\nExample:\n\n```javascript\n/**\n * @type {owner~name}\n */\n```\n\nStructure:\n\n```javascript\n{\n  \"type\": \"INNER_MEMBER\",\n  \"name\": string,\n  \"owner\": node\n}\n```\n\n\n\n### `INSTANCE_MEMBER`\n\nExample:\n\n```javascript\n/**\n * @type {owner#name}\n */\n```\n\nStructure:\n\n```javascript\n{\n  \"type\": \"INSTANCE_MEMBER\",\n  \"name\": string,\n  \"owner\": node\n}\n```\n\n\n### `UNION`\n\nExample:\n\n```javascript\n/**\n * @type {left|right}\n * @type {(left|right)}\n * @type {left/right}\n */\n```\n\nStructure:\n\n```javascript\n{\n  \"type\": \"UNION\",\n  \"left\": node,\n  \"right\": node,\n  \"meta\": {\n    \"syntax\": (\"PIPE\" or \"SLASH\")\n  }\n}\n```\n\n\n### `RECORD`\n\nExample:\n\n```javascript\n/**\n * @type {{}}\n * @type {{ key: value }}\n * @type {{ key: value, anyKey }}\n */\n```\n\nStructure:\n\n```javascript\n{\n  \"type\": \"RECORD\",\n  \"entries\": [\n    recordEntryNode,\n    recordEntryNode,\n    ...\n  ]\n}\n```\n\n\n### `RECORD_ENTRY`\n\nStructure:\n\n```javascript\n{\n  \"type\": \"RECORD_ENTRY\",\n  \"key\": string,\n  \"value\": node (or null)\n}\n```\n\n\n### `GENERIC`\n\nExample:\n\n```javascript\n/**\n * @type {Subject<Object, Object>}\n * @type {Object[]}\n */\n```\n\nStructure:\n\n```javascript\n{\n  \"type\": \"GENERIC\",\n  \"subject\": node,\n  \"objects\": [\n    node,\n    node,\n    ...\n  ],\n  \"meta\": {\n    \"syntax\": (\"ANGLE_BRACKET\" or \"ANGLE_BRACKET_WITH_DOT\" or \"SQUARE_BRACKET\")\n  }\n}\n```\n\n\n### `FUNCTION`\n\nExample:\n\n```javascript\n/**\n * @type {function()}\n * @type {function(param, param): return}\n * @type {function(this: Context)}\n * @type {function(new: Class)}\n */\n```\n\nStructure:\n\n```javascript\n{\n  \"type\": \"FUNCTION\",\n  \"params\": [\n    node,\n    node,\n    ...\n  ],\n  \"returns\": node (or null),\n  \"new\": node (or null),\n  \"this\": node (or null)\n}\n```\n\n\n### `OPTIONAL`\n\nExample:\n\n```javascript\n/**\n * @type {Optional=}\n */\n```\n\nStructure:\n\n```javascript\n{\n  \"type\": \"OPTIONAL\",\n  \"value\": node,\n  \"meta\": {\n    \"syntax\": (\"PREFIX_EQUALS_SIGN\" or \"SUFFIX_EQUALS_SIGN\")\n  }\n}\n```\n\n\n### `NULLABLE`\n\nExample:\n\n```javascript\n/**\n * @type {?Nullable}\n */\n```\n\nStructure:\n\n```javascript\n{\n  \"type\": \"NULLABLE\",\n  \"value\": node,\n  \"meta\": {\n    \"syntax\": (\"PREFIX_QUESTION_MARK\" or \"SUFFIX_QUESTION_MARK\")\n  }\n}\n```\n\n\n### `NOT_NULLABLE`\n\nExample:\n\n```javascript\n/**\n * @type {!NotNullable}\n */\n```\n\nStructure:\n\n```javascript\n{\n  \"type\": \"NOT_NULLABLE\",\n  \"value\": node,\n  \"meta\": {\n    \"syntax\": (\"PREFIX_BANG\" or \"SUFFIX_BANG\")\n  }\n}\n```\n\n\n### `VARIADIC`\n\nExample:\n\n```javascript\n/**\n * @type {...Variadic}\n * @type {Variadic...}\n * @type {...}\n */\n```\n\nStructure:\n\n```javascript\n{\n  \"type\": \"VARIADIC\",\n  \"value\": node (or null),\n  \"meta\": {\n    \"syntax\": (\"PREFIX_DOTS\" or \"SUFFIX_DOTS\" or \"ONLY_DOTS\")\n  }\n}\n```\n\n\n### `MODULE`\n\nExample:\n\n```javascript\n/**\n * @type {module:path/to/file.Module}\n */\n```\n\nStructure:\n\n```javascript\n{\n  \"type\": \"MODULE\",\n  \"value\": node\n}\n```\n\n\n### `FILE_PATH`\n\nExample:\n\n```javascript\n/**\n * @type {module:path/to/file.Module}\n *               ^^^^^^^^^^^^\n */\n```\n\nStructure:\n\n```javascript\n{\n  \"type\": \"FILE_PATH\",\n  \"path\": string\n}\n```\n\n\n### `EXTERNAL`\n\nExample:\n\n```javascript\n/**\n * @type {external:External}\n */\n```\n\nStructure:\n\n```javascript\n{\n  \"type\": \"EXTERNAL\",\n  \"value\": node\n}\n```\n\n\n### `STRING_VALUE`\n\nExample:\n\n```javascript\n/**\n * @type {\"abc\"}\n * @type {\"can\\\"escape\"}\n */\n```\n\nStructure:\n\n```javascript\n{\n  \"type\": \"STRING_VALUE\",\n  \"string\": string\n}\n```\n\n\n### `NUMBER_VALUE`\n\nExample:\n\n```javascript\n/**\n * @type {123}\n * @type {0b11}\n * @type {0o77}\n * @type {0xff}\n */\n```\n\nStructure:\n\n```javascript\n{\n  \"type\": \"NUMBER_VALUE\",\n  \"number\": string\n}\n```\n\n\n### `ANY`\n\nExample:\n\n```javascript\n/**\n * @type {*}\n */\n```\n\nStructure:\n\n```javascript\n{\n  \"type\": \"ANY\"\n}\n```\n\n\n### `UNKNOWN`\n\nExample:\n\n```javascript\n/**\n * @type {?}\n */\n```\n\nStructure:\n\n```javascript\n{\n  \"type\": \"UNKNOWN\"\n}\n```\n\n\n### `PARENTHESIS`\n\nExample:\n\n```javascript\n/**\n * @type {(Foo)}\n */\n```\n\nStructure:\n\n```javascript\n{\n  \"type\": \"PARENTHESIS\",\n  \"value\": node\n}\n```\n\n\n\n### Others\n\nWe can use a parenthesis to change operator orders.\n\n```javascript\n/**\n * @type {(module:path/to/file.js).foo}\n */\n```\n\n\nLicense\n-------\n\n[This script licensed under the MIT](http://kuniwak.mit-license.org).\n","maintainers":[{"name":"orgachem","email":"orga.chem.job@gmail.com"}],"time":{"modified":"2016-05-15T16:10:55.961Z","created":"2013-04-07T12:11:14.434Z","0.0.0":"2013-04-07T12:11:16.599Z","0.0.1":"2013-04-07T13:02:41.862Z","0.0.2":"2013-04-07T13:23:51.886Z","1.0.0":"2013-04-10T03:17:15.206Z","1.0.1":"2013-04-10T11:58:52.356Z","1.0.2":"2013-04-11T20:57:38.737Z","1.0.3":"2013-04-11T21:48:04.581Z","1.1.0":"2013-04-18T18:05:02.445Z","1.1.1":"2013-04-18T22:25:49.753Z","1.1.2":"2014-11-02T15:09:36.798Z","1.1.3":"2014-11-03T16:05:15.096Z","1.1.4":"2014-12-16T01:07:15.111Z","1.2.0":"2015-05-11T03:06:34.808Z","2.0.0-alpha":"2015-08-05T15:41:37.623Z","2.0.0-alpha-2":"2015-08-06T05:13:24.978Z","2.0.0-alpha-3":"2015-08-23T13:57:06.429Z","2.0.0-alpha-4":"2015-08-23T14:16:23.387Z","2.0.0-alpha-5":"2015-08-26T10:50:21.871Z","2.0.0-alpha-6":"2016-05-15T12:47:10.512Z","2.0.0-alpha-7":"2016-05-15T16:03:36.061Z","2.0.0-alpha-8":"2016-05-15T16:10:55.961Z"},"author":{"name":"Kuniwak","email":"orga.chem.job@gmail.com"},"repository":{"type":"git","url":"git://github.com/Kuniwak/jsdoctypeparser.git"},"homepage":"https://github.com/Kuniwak/jsdoctypeparser#readme","keywords":["jsdoc","type expression","parser"],"bugs":{"url":"https://github.com/Kuniwak/jsdoctypeparser/issues"},"license":"MIT","readmeFilename":"README.md","_attachments":{},"_etag":"\"5MQKQMJJ6T51I4MS7UIYWFB7F\"","_cached":true}