{"_id":"align-text","_rev":"9-1444349f3a5c207ded205a0dc1cccb80","name":"align-text","description":"Align the text in a string.","dist-tags":{"latest":"0.1.4"},"versions":{"0.1.0":{"name":"align-text","description":"Align the text in a string.","version":"0.1.0","homepage":"https://github.com/jonschlinkert/align-text","author":{"name":"Jon Schlinkert","url":"https://github.com/jonschlinkert"},"repository":{"type":"git","url":"git://github.com/jonschlinkert/align-text.git"},"bugs":{"url":"https://github.com/jonschlinkert/align-text/issues"},"license":{"type":"MIT","url":"https://github.com/jonschlinkert/align-text/blob/master/LICENSE"},"files":["index.js"],"main":"index.js","engines":{"node":">=0.10.0"},"scripts":{"test":"mocha"},"dependencies":{"kind-of":"^1.1.0","longest":"^1.0.0","repeat-string":"^1.5.0"},"devDependencies":{"mocha":"*","should":"*"},"_id":"align-text@0.1.0","_shasum":"f6f56827796073f8d4cd76f09013dfa932e7d4de","_from":".","_npmVersion":"2.5.1","_nodeVersion":"0.12.0","_npmUser":{"name":"jonschlinkert","email":"github@sellside.com"},"maintainers":[{"name":"jonschlinkert","email":"github@sellside.com"}],"dist":{"shasum":"f6f56827796073f8d4cd76f09013dfa932e7d4de","tarball":"https://registry.npmjs.org/align-text/-/align-text-0.1.0.tgz"},"directories":{}},"0.1.1":{"name":"align-text","description":"Align the text in a string.","version":"0.1.1","homepage":"https://github.com/jonschlinkert/align-text","author":{"name":"Jon Schlinkert","url":"https://github.com/jonschlinkert"},"repository":{"type":"git","url":"git://github.com/jonschlinkert/align-text.git"},"bugs":{"url":"https://github.com/jonschlinkert/align-text/issues"},"license":{"type":"MIT","url":"https://github.com/jonschlinkert/align-text/blob/master/LICENSE"},"files":["index.js"],"main":"index.js","engines":{"node":">=0.10.0"},"scripts":{"test":"mocha"},"dependencies":{"kind-of":"^1.1.0","longest":"^1.0.0","repeat-string":"^1.5.0"},"devDependencies":{"mocha":"*","should":"*"},"keywords":["align","align-center","alignment","center","center-align","indent","pad","padding","right","right-align","text","typography"],"gitHead":"a9e730143b6232af063e0a0f436364ebe9151ede","_id":"align-text@0.1.1","_shasum":"576a56ded8fca0a9840c05064a0e93f35771b29f","_from":".","_npmVersion":"2.5.1","_nodeVersion":"0.12.0","_npmUser":{"name":"jonschlinkert","email":"github@sellside.com"},"maintainers":[{"name":"jonschlinkert","email":"github@sellside.com"}],"dist":{"shasum":"576a56ded8fca0a9840c05064a0e93f35771b29f","tarball":"https://registry.npmjs.org/align-text/-/align-text-0.1.1.tgz"},"directories":{}},"0.1.2":{"name":"align-text","description":"Align the text in a string.","version":"0.1.2","homepage":"https://github.com/jonschlinkert/align-text","author":{"name":"Jon Schlinkert","url":"https://github.com/jonschlinkert"},"repository":{"type":"git","url":"git://github.com/jonschlinkert/align-text.git"},"bugs":{"url":"https://github.com/jonschlinkert/align-text/issues"},"license":"MIT","files":["index.js"],"main":"index.js","engines":{"node":">=0.10.0"},"scripts":{"test":"mocha"},"dependencies":{"kind-of":"^2.0.0","longest":"^1.0.1","repeat-string":"^1.5.2"},"devDependencies":{"mocha":"*","should":"*","word-wrap":"^1.0.3"},"keywords":["align","align-center","alignment","center","center-align","indent","pad","padding","right","right-align","text","typography"],"gitHead":"b6149117f9d494fa5e31241b7d211e8f24b6c351","_id":"align-text@0.1.2","_shasum":"a926fa1550d23d75336fca03b6746a685739353a","_from":".","_npmVersion":"2.10.1","_nodeVersion":"0.12.4","_npmUser":{"name":"jonschlinkert","email":"github@sellside.com"},"maintainers":[{"name":"jonschlinkert","email":"github@sellside.com"}],"dist":{"shasum":"a926fa1550d23d75336fca03b6746a685739353a","tarball":"https://registry.npmjs.org/align-text/-/align-text-0.1.2.tgz"},"directories":{}},"0.1.3":{"name":"align-text","description":"Align the text in a string.","version":"0.1.3","homepage":"https://github.com/jonschlinkert/align-text","author":{"name":"Jon Schlinkert","url":"https://github.com/jonschlinkert"},"repository":{"type":"git","url":"git://github.com/jonschlinkert/align-text.git"},"bugs":{"url":"https://github.com/jonschlinkert/align-text/issues"},"license":"MIT","files":["index.js"],"main":"index.js","engines":{"node":">=0.10.0"},"scripts":{"test":"mocha"},"dependencies":{"kind-of":"^2.0.0","longest":"^1.0.1","repeat-string":"^1.5.2"},"devDependencies":{"mocha":"*","should":"*","word-wrap":"^1.0.3"},"keywords":["align","align-center","alignment","center","center-align","indent","pad","padding","right","right-align","text","typography"],"gitHead":"11c2e834ff2c63f9844bddf189fea5cab921e44d","_id":"align-text@0.1.3","_shasum":"72db3983872eec2313919c9426a993a41afe93f7","_from":".","_npmVersion":"2.10.1","_nodeVersion":"0.12.4","_npmUser":{"name":"jonschlinkert","email":"github@sellside.com"},"maintainers":[{"name":"jonschlinkert","email":"github@sellside.com"}],"dist":{"shasum":"72db3983872eec2313919c9426a993a41afe93f7","tarball":"https://registry.npmjs.org/align-text/-/align-text-0.1.3.tgz"},"directories":{}},"0.1.4":{"name":"align-text","description":"Align the text in a string.","version":"0.1.4","homepage":"https://github.com/jonschlinkert/align-text","author":{"name":"Jon Schlinkert","url":"https://github.com/jonschlinkert"},"repository":{"type":"git","url":"git://github.com/jonschlinkert/align-text.git"},"bugs":{"url":"https://github.com/jonschlinkert/align-text/issues"},"license":"MIT","files":["index.js"],"main":"index.js","engines":{"node":">=0.10.0"},"scripts":{"test":"mocha"},"dependencies":{"kind-of":"^3.0.2","longest":"^1.0.1","repeat-string":"^1.5.2"},"devDependencies":{"mocha":"*","should":"*","word-wrap":"^1.0.3"},"keywords":["align","align-center","alignment","center","center-align","indent","pad","padding","right","right-align","text","typography"],"gitHead":"7f08e823a54c6bda319d875895813537a66a4c5e","_id":"align-text@0.1.4","_shasum":"0cd90a561093f35d0a99256c22b7069433fad117","_from":".","_npmVersion":"3.6.0","_nodeVersion":"5.5.0","_npmUser":{"name":"shinnn","email":"snnskwtnb@gmail.com"},"maintainers":[{"name":"jonschlinkert","email":"github@sellside.com"},{"name":"shinnn","email":"snnskwtnb@gmail.com"}],"dist":{"shasum":"0cd90a561093f35d0a99256c22b7069433fad117","tarball":"https://registry.npmjs.org/align-text/-/align-text-0.1.4.tgz"},"_npmOperationalInternal":{"host":"packages-9-west.internal.npmjs.com","tmp":"tmp/align-text-0.1.4.tgz_1454377856920_0.9624228512402624"},"directories":{}}},"readme":"# align-text [![NPM version](https://badge.fury.io/js/align-text.svg)](http://badge.fury.io/js/align-text)  [![Build Status](https://travis-ci.org/jonschlinkert/align-text.svg)](https://travis-ci.org/jonschlinkert/align-text)\n\n> Align the text in a string.\n\n**Examples**\n\nAlign text values in an array:\n\n```js\nalign([1, 2, 3, 100]);\n//=> ['  1', '  2', '  3', '100']\n```\n\nOr [do stuff like this](./example.js):\n\n[![screen shot 2015-06-09 at 2 08 34 am](https://cloud.githubusercontent.com/assets/383994/8051597/7b716fbc-0e4c-11e5-9aef-4493fd22db58.png)](./example.js)\n\nVisit [the example](./example.js) to see how this works.\n\n## Install\n\nInstall with [npm](https://www.npmjs.com/)\n\n```sh\n$ npm i align-text --save\n```\n\n## Usage\n\n```js\nvar align = require('align-text');\nalign(text, callback_function_or_integer);\n```\n\n**Params**\n\n* `text` can be a **string or array**. If a string is passed, a string will be returned. If an array is passed, an array will be returned.\n* `callback|integer`: if an integer, the text will be indented by that amount. If a function, it must return an integer representing the amount of leading indentation to use as `align` loops over each line.\n\n**Example**\n\n```js\nalign(text, 4);\n```\n\nWould align:\n\n```\nabc\nabc\nabc\n```\n\nTo:\n\n```\n    abc\n    abc\n    abc\n```\n\n## callback\n\n### params\n\nThe callback is used to determine the indentation of each line and gets the following params:\n\n* `len` the length of the \"current\" line\n* `longest` the length of the longest line\n* `line` the current line (string) being aligned\n* `lines` the array of all lines\n\n### return\n\nThe callback may return:\n\n* an integer that represents the number of spaces to use for padding,\n* or an object with the following properties:\n  - `indent`: **{Number}** the amount of indentation to use. Default is `0` when an object is returned.\n  - `character`: **{String}** the character to use for indentation. Default is `''` (empty string) when an object is returned.\n  - `prefix`: **{String}** leading characters to use at the beginning of each line. `''` (empty string) when an object is returned.\n\n**Integer example:**\n\n```js\n// calculate half the difference between the length\n// of the current line and the longest line\nfunction centerAlign(len, longest, line, lines) {\n  return Math.floor((longest - len) / 2);\n}\n```\n\n**Object example:**\n\n```js\nfunction centerAlign(len, longest, line, lines) {\n  return {\n    character: '\\t',\n    indent: Math.floor((longest - len) / 2),\n    prefix: '~ ',\n  }\n}\n```\n\n## Usage examples\n\n### Center align\n\nUsing the `centerAlign` function from above:\n\n```js\nalign(text, centerAlign);\n```\n\nWould align this text:\n\n```js\nLorem ipsum dolor sit amet\nconsectetur adipiscin\nelit, sed do eiusmod tempor incididun\nut labore et dolor\nmagna aliqua. Ut enim ad mini\nveniam, quis\n```\n\nResulting in this:\n\n```\n     Lorem ipsum dolor sit amet,\n        consectetur adipiscing\nelit, sed do eiusmod tempor incididunt\n         ut labore et dolore\n    magna aliqua. Ut enim ad minim\n             veniam, quis\n```\n\n**Customize**\n\nIf you wanted to add more padding on the left, just pass the number in the callback.\n\nFor example, to add 4 spaces before every line:\n\n```js\nfunction centerAlign(len, longest, line, lines) {\n  return 4 + Math.floor((longest - len) / 2);\n}\n```\n\nWould result in:\n\n```\n         Lorem ipsum dolor sit amet,\n            consectetur adipiscing\n    elit, sed do eiusmod tempor incididunt\n             ut labore et dolore\n        magna aliqua. Ut enim ad minim\n                 veniam, quis\n```\n\n### Bullets\n\n```js\nalign(text, function (len, max, line, lines) {\n  return {prefix: ' - '};\n});\n```\n\nWould return:\n\n```\n- Lorem ipsum dolor sit amet,\n- consectetur adipiscing\n- elit, sed do eiusmod tempor incididunt\n- ut labore et dolore\n- magna aliqua. Ut enim ad minim\n- veniam, quis\n```\n\n### Different indent character\n\n```js\nalign(text, function (len, max, line, lines) {\n  return { \n    indent: Math.floor((max - len) / 2), \n    character: '~', \n  };\n});\n```\n\nWould return\n\n```\n~~~~~Lorem ipsum dolor sit amet,\n~~~~~~~~consectetur adipiscing\nelit, sed do eiusmod tempor incididunt\n~~~~~~~~~ut labore et dolore\n~~~~magna aliqua. Ut enim ad minim\n~~~~~~~~~~~~~veniam, quis\n```\n\n## Related projects\n\n* [center-align](https://github.com/jonschlinkert/center-align): Center-align the text in a string.\n* [justify](https://github.com/bahamas10/node-justify): Left or right (or both) justify text using a custom width and character\n* [longest](https://github.com/jonschlinkert/longest): Get the longest item in an array.\n* [right-align](https://github.com/jonschlinkert/right-align): Right-align the text in a string.\n* [repeat-string](https://github.com/jonschlinkert/repeat-string): Repeat the given string n times. Fastest implementation for repeating a string.\n* [word-wrap](https://github.com/jonschlinkert/word-wrap): Wrap words to a specified length.\n\n## Running tests\n\nInstall dev dependencies:\n\n```sh\n$ npm i -d && npm test\n```\n\n## Contributing\n\nPull requests and stars are always welcome. For bugs and feature requests, [please create an issue](https://github.com/jonschlinkert/align-text/issues/new)\n\n## Author\n\n**Jon Schlinkert**\n\n+ [github/jonschlinkert](https://github.com/jonschlinkert)\n+ [twitter/jonschlinkert](http://twitter.com/jonschlinkert)\n\n## License\n\nCopyright © 2015 [Jon Schlinkert](https://github.com/jonschlinkert)\nReleased under the MIT license.\n\n***\n\n_This file was generated by [verb-cli](https://github.com/assemble/verb-cli) on June 09, 2015._\n","maintainers":[{"name":"doowb","email":"brian.woodward@gmail.com"},{"name":"jonschlinkert","email":"github@sellside.com"},{"name":"shinnn","email":"snnskwtnb@gmail.com"}],"time":{"modified":"2016-07-06T12:39:30.475Z","created":"2015-03-08T01:03:18.899Z","0.1.0":"2015-03-08T01:03:18.899Z","0.1.1":"2015-03-08T01:25:47.262Z","0.1.2":"2015-06-09T06:23:28.614Z","0.1.3":"2015-06-09T06:25:00.237Z","0.1.4":"2016-02-02T01:50:57.618Z"},"homepage":"https://github.com/jonschlinkert/align-text","repository":{"type":"git","url":"git://github.com/jonschlinkert/align-text.git"},"author":{"name":"Jon Schlinkert","url":"https://github.com/jonschlinkert"},"bugs":{"url":"https://github.com/jonschlinkert/align-text/issues"},"license":"MIT","readmeFilename":"README.md","keywords":["align","align-center","alignment","center","center-align","indent","pad","padding","right","right-align","text","typography"],"_attachments":{},"_etag":"\"6U1PVZY7JDI2KFXIR8L6TW18T\"","_cached":true}