{"_id":"center-align","_rev":"8-8687e8fa21d0bd8ab57661d12dda5dc7","name":"center-align","description":"Center-align the text in a string.","dist-tags":{"latest":"0.1.3"},"versions":{"0.1.0":{"name":"center-align","description":"Right-align the text in a string.","version":"0.1.0","homepage":"https://github.com/jonschlinkert/center-align","author":{"name":"Jon Schlinkert","url":"https://github.com/jonschlinkert"},"repository":{"type":"git","url":"git://github.com/jonschlinkert/center-align.git"},"bugs":{"url":"https://github.com/jonschlinkert/center-align/issues"},"license":{"type":"MIT","url":"https://github.com/jonschlinkert/center-align/blob/master/LICENSE"},"files":["index.js"],"main":"index.js","engines":{"node":">=0.10.0"},"scripts":{"test":"mocha"},"dependencies":{"align-text":"^0.1.0"},"devDependencies":{"mocha":"^2.2.0","should":"*"},"keywords":["align","align-center","center","center-align","right","right-align","text","typography"],"_id":"center-align@0.1.0","_shasum":"98bb4753243d9ca024425752eed55678fdae0f50","_from":".","_npmVersion":"2.5.1","_nodeVersion":"0.12.0","_npmUser":{"name":"jonschlinkert","email":"github@sellside.com"},"maintainers":[{"name":"jonschlinkert","email":"github@sellside.com"}],"dist":{"shasum":"98bb4753243d9ca024425752eed55678fdae0f50","tarball":"https://registry.npmjs.org/center-align/-/center-align-0.1.0.tgz"},"directories":{}},"0.1.1":{"name":"center-align","description":"Center-align the text in a string.","version":"0.1.1","homepage":"https://github.com/jonschlinkert/center-align","author":{"name":"Jon Schlinkert","url":"https://github.com/jonschlinkert"},"repository":{"type":"git","url":"git://github.com/jonschlinkert/center-align.git"},"bugs":{"url":"https://github.com/jonschlinkert/center-align/issues"},"license":{"type":"MIT","url":"https://github.com/jonschlinkert/center-align/blob/master/LICENSE"},"files":["index.js"],"main":"index.js","engines":{"node":">=0.10.0"},"scripts":{"test":"mocha"},"dependencies":{"align-text":"^0.1.0"},"devDependencies":{"mocha":"^2.2.0","should":"*"},"keywords":["align","align-center","center","center-align","right","right-align","text","typography"],"gitHead":"b50640baaab413835ff0a6c97cacf503e8d38491","_id":"center-align@0.1.1","_shasum":"54d204bfa61b3fefb786cfd8482f7c4e090231cd","_from":".","_npmVersion":"2.5.1","_nodeVersion":"0.12.0","_npmUser":{"name":"jonschlinkert","email":"github@sellside.com"},"maintainers":[{"name":"jonschlinkert","email":"github@sellside.com"}],"dist":{"shasum":"54d204bfa61b3fefb786cfd8482f7c4e090231cd","tarball":"https://registry.npmjs.org/center-align/-/center-align-0.1.1.tgz"},"directories":{}},"0.1.2":{"name":"center-align","description":"Center-align the text in a string.","version":"0.1.2","homepage":"https://github.com/jonschlinkert/center-align","author":{"name":"Jon Schlinkert","url":"https://github.com/jonschlinkert"},"repository":{"type":"git","url":"git+https://github.com/jonschlinkert/center-align.git"},"bugs":{"url":"https://github.com/jonschlinkert/center-align/issues"},"license":"MIT","files":["index.js","utils.js"],"main":"index.js","engines":{"node":">=0.10.0"},"scripts":{"test":"mocha"},"dependencies":{"align-text":"^0.1.0","lazy-cache":"^0.2.4"},"devDependencies":{"mocha":"^2.2.0"},"keywords":["align","align-center","center","center-align","right","right-align","text","typography"],"verb":{"related":{"description":"","list":["align-text","right-align","justified","word-wrap"]}},"gitHead":"b3af961dcbe6072aaa94503585a16434234c0a8b","_id":"center-align@0.1.2","_shasum":"74fa8540fc19b26aae6edc7e031cd6993d495ba0","_from":".","_npmVersion":"2.14.7","_nodeVersion":"4.2.1","_npmUser":{"name":"jonschlinkert","email":"github@sellside.com"},"maintainers":[{"name":"doowb","email":"brian.woodward@gmail.com"},{"name":"jonschlinkert","email":"github@sellside.com"}],"dist":{"shasum":"74fa8540fc19b26aae6edc7e031cd6993d495ba0","tarball":"https://registry.npmjs.org/center-align/-/center-align-0.1.2.tgz"},"directories":{}},"0.1.3":{"name":"center-align","description":"Center-align the text in a string.","version":"0.1.3","homepage":"https://github.com/jonschlinkert/center-align","author":{"name":"Jon Schlinkert","url":"https://github.com/jonschlinkert"},"repository":{"type":"git","url":"git+https://github.com/jonschlinkert/center-align.git"},"bugs":{"url":"https://github.com/jonschlinkert/center-align/issues"},"license":"MIT","files":["index.js","utils.js"],"main":"index.js","engines":{"node":">=0.10.0"},"scripts":{"test":"mocha"},"dependencies":{"align-text":"^0.1.3","lazy-cache":"^1.0.3"},"devDependencies":{"mocha":"^2.2.0"},"keywords":["align","align-center","center","center-align","right","right-align","text","typography"],"verb":{"related":{"description":"","list":["align-text","right-align","justified","word-wrap"]}},"gitHead":"5c5fab5012fceaa3e21a00162958c0ed11109419","_id":"center-align@0.1.3","_shasum":"aa0d32629b6ee972200411cbd4461c907bc2b7ad","_from":".","_npmVersion":"3.3.12","_nodeVersion":"5.3.0","_npmUser":{"name":"jonschlinkert","email":"github@sellside.com"},"maintainers":[{"name":"doowb","email":"brian.woodward@gmail.com"},{"name":"jonschlinkert","email":"github@sellside.com"}],"dist":{"shasum":"aa0d32629b6ee972200411cbd4461c907bc2b7ad","tarball":"https://registry.npmjs.org/center-align/-/center-align-0.1.3.tgz"},"_npmOperationalInternal":{"host":"packages-9-west.internal.npmjs.com","tmp":"tmp/center-align-0.1.3.tgz_1454366538829_0.9471865000668913"},"directories":{}}},"readme":"# center-align [![NPM version](https://badge.fury.io/js/center-align.svg)](http://badge.fury.io/js/center-align)\n\n> Center-align the text in a string.\n\nInstall with [npm](https://www.npmjs.com/)\n\n```sh\n$ npm i center-align --save\n```\n\n## Usage\n\n```js\nvar centerAlign = require('center-align');\n```\n\n**Example**\n\nIf used on the following:\n\n```\nLorem ipsum dolor sit amet,\nconsectetur adipiscing\nelit, sed do eiusmod tempor incididunt\nut labore et dolore\nmagna aliqua. Ut enim ad minim\nveniam, quis\n```\n\nThe result would be:\n\n```\n     Lorem ipsum dolor sit amet,\n        consectetur adipiscing\nelit, sed do eiusmod tempor incididunt\n         ut labore et dolore\n    magna aliqua. Ut enim ad minim\n             veniam, quis\n```\n\n## Related projects\n\n* [align-text](https://www.npmjs.com/package/align-text): Align the text in a string. | [homepage](https://github.com/jonschlinkert/align-text)\n* [justified](https://www.npmjs.com/package/justified): Wrap words to a specified length and justified the text. | [homepage](https://github.com/jonschlinkert/justified)\n* [right-align](https://www.npmjs.com/package/right-align): Right-align the text in a string. | [homepage](https://github.com/jonschlinkert/right-align)\n* [word-wrap](https://www.npmjs.com/package/word-wrap): Wrap words to a specified length. | [homepage](https://github.com/jonschlinkert/word-wrap)\n\n## Running tests\n\nInstall dev dependencies:\n\n```sh\n$ npm i -d && npm test\n```\n\n## Contributing\n\nPull requests and stars are always welcome. For bugs and feature requests, [please create an issue](https://github.com/jonschlinkert/center-align/issues/new).\n\n## Author\n\n**Jon Schlinkert**\n\n+ [github/jonschlinkert](https://github.com/jonschlinkert)\n+ [twitter/jonschlinkert](http://twitter.com/jonschlinkert)\n\n## License\n\nCopyright © 2015 Jon Schlinkert\nReleased under the MIT license.\n\n***\n\n_This file was generated by [verb-cli](https://github.com/assemble/verb-cli) on October 27, 2015._","maintainers":[{"name":"doowb","email":"brian.woodward@gmail.com"},{"name":"jonschlinkert","email":"github@sellside.com"}],"time":{"modified":"2016-02-01T22:42:21.133Z","created":"2015-03-08T01:11:49.677Z","0.1.0":"2015-03-08T01:11:49.677Z","0.1.1":"2015-03-08T01:23:26.759Z","0.1.2":"2015-10-27T09:28:24.840Z","0.1.3":"2016-02-01T22:42:21.133Z"},"homepage":"https://github.com/jonschlinkert/center-align","keywords":["align","align-center","center","center-align","right","right-align","text","typography"],"repository":{"type":"git","url":"git+https://github.com/jonschlinkert/center-align.git"},"author":{"name":"Jon Schlinkert","url":"https://github.com/jonschlinkert"},"bugs":{"url":"https://github.com/jonschlinkert/center-align/issues"},"license":"MIT","readmeFilename":"README.md","users":{"bcoe":true},"_attachments":{},"_etag":"\"89Q3E4NN2XOUT6RXCOYZYGJPN\"","_cached":true}