{"_id":"front-matter","_rev":"60-0fa844c5a919c9719e0103d75288c020","name":"front-matter","description":"Extract YAML front matter from a string","dist-tags":{"latest":"2.1.0"},"versions":{"0.0.1":{"author":{"name":"Jason Campbell","email":"jason@js.la","url":"http://twitter.com/jxson"},"name":"front-matter","description":"Extract YAML front matter from strings","version":"0.0.1","homepage":"https://github.com/jxson/front-matter","repository":{"type":"git","url":"git://github.com/jxson/front-matter.git"},"main":"index.js","scripts":{"test":"blah"},"engines":{"node":"~0.6.10"},"dependencies":{"yamlparser":"0.0.2"},"devDependencies":{},"optionalDependencies":{},"_npmUser":{"name":"jxson","email":"jason@greatergood.cc"},"_id":"front-matter@0.0.1","_engineSupported":true,"_npmVersion":"1.1.1","_nodeVersion":"v0.6.11","_defaultsLoaded":true,"dist":{"shasum":"cf6008ce2172d867601fbfc5fab6ff4515aec814","tarball":"https://registry.npmjs.org/front-matter/-/front-matter-0.0.1.tgz"},"maintainers":[{"name":"jxson","email":"jason@greatergood.cc"}],"directories":{}},"0.0.2":{"author":{"name":"Jason Campbell","email":"jason@js.la","url":"http://twitter.com/jxson"},"name":"front-matter","description":"Extract YAML front matter from strings","version":"0.0.2","homepage":"https://github.com/jxson/front-matter","repository":{"type":"git","url":"git://github.com/jxson/front-matter.git"},"main":"index.js","scripts":{"test":"blah"},"engines":{"node":">=0.6.10"},"dependencies":{"yamlparser":"0.0.2"},"devDependencies":{},"optionalDependencies":{},"_npmUser":{"name":"jxson","email":"jason@greatergood.cc"},"_id":"front-matter@0.0.2","_engineSupported":true,"_npmVersion":"1.1.1","_nodeVersion":"v0.6.11","_defaultsLoaded":true,"dist":{"shasum":"89476c83abba3f22e983af168e949645571acbe1","tarball":"https://registry.npmjs.org/front-matter/-/front-matter-0.0.2.tgz"},"maintainers":[{"name":"jxson","email":"jason@greatergood.cc"}],"directories":{}},"0.0.3":{"author":{"name":"Jason Campbell","email":"jason@js.la","url":"http://twitter.com/jxson"},"name":"front-matter","description":"Extract YAML front matter from strings","version":"0.0.3","homepage":"https://github.com/jxson/front-matter","repository":{"type":"git","url":"git://github.com/jxson/front-matter.git"},"main":"index.js","scripts":{"test":"blah"},"engines":{"node":">=0.6.10"},"dependencies":{"yamlparser":"0.0.2"},"devDependencies":{},"optionalDependencies":{},"_id":"front-matter@0.0.3","dist":{"shasum":"64bb87d44792863d84dbf3906db77b2f8110cde6","tarball":"https://registry.npmjs.org/front-matter/-/front-matter-0.0.3.tgz"},"_npmVersion":"1.1.62","_npmUser":{"name":"jxson","email":"jason@js.la"},"maintainers":[{"name":"jxson","email":"jason@greatergood.cc"}],"directories":{}},"0.1.0":{"author":{"name":"Jason Campbell","email":"jason@js.la","url":"http://twitter.com/jxson"},"name":"front-matter","description":"Extract YAML front matter from strings","keywords":["yaml","front matter","meta data"],"license":"MIT","version":"0.1.0","homepage":"https://github.com/jxson/front-matter","bugs":"https://github.com/jxson/front-matter/issues","repository":{"type":"git","url":"git://github.com/jxson/front-matter.git"},"main":"index.js","scripts":{"test":"mocha tests/ --reporter tap"},"engines":{"node":">=0.6.10"},"dependencies":{"yaml-js":"0.0.5"},"devDependencies":{"chai":"1.4.2","mocha":"1.7.4"},"_id":"front-matter@0.1.0","dist":{"shasum":"21a201c43390738aa4bf220d691a77b5f28a8333","tarball":"https://registry.npmjs.org/front-matter/-/front-matter-0.1.0.tgz"},"_npmVersion":"1.1.66","_npmUser":{"name":"jxson","email":"jason@js.la"},"maintainers":[{"name":"jxson","email":"jason@greatergood.cc"}],"directories":{}},"0.1.1":{"author":{"name":"Jason Campbell","email":"jason@js.la","url":"http://twitter.com/jxson"},"name":"front-matter","description":"Extract YAML front matter from strings","keywords":["yaml","front matter","meta data"],"license":"MIT","version":"0.1.1","homepage":"https://github.com/jxson/front-matter","bugs":"https://github.com/jxson/front-matter/issues","repository":{"type":"git","url":"git://github.com/jxson/front-matter.git"},"main":"index.js","scripts":{"test":"mocha tests/ --reporter tap"},"engines":{"node":">=0.6.10"},"dependencies":{"yaml-js":"0.0.5"},"devDependencies":{"chai":"1.4.2","mocha":"1.7.4"},"_id":"front-matter@0.1.1","dist":{"shasum":"f695b22e16f8bf714d51ce3043b37fe254d8b992","tarball":"https://registry.npmjs.org/front-matter/-/front-matter-0.1.1.tgz"},"_npmVersion":"1.1.71","_npmUser":{"name":"jxson","email":"jason@js.la"},"maintainers":[{"name":"jxson","email":"jason@greatergood.cc"}],"directories":{}},"0.1.2":{"author":{"name":"Jason Campbell","email":"jason@js.la","url":"http://twitter.com/jxson"},"name":"front-matter","description":"Extract YAML front matter from strings","keywords":["yaml","front matter","meta data"],"license":"MIT","version":"0.1.2","homepage":"https://github.com/jxson/front-matter","bugs":"https://github.com/jxson/front-matter/issues","repository":{"type":"git","url":"git://github.com/jxson/front-matter.git"},"main":"index.js","scripts":{"test":"mocha tests/ --reporter tap"},"engines":{"node":">=0.6.10"},"dependencies":{"yaml-js":"0.0.5"},"devDependencies":{"chai":"1.4.2","mocha":"1.7.4"},"_id":"front-matter@0.1.2","dist":{"shasum":"6a55d31f769a946c1801b80af0cd83b38326354e","tarball":"https://registry.npmjs.org/front-matter/-/front-matter-0.1.2.tgz"},"_from":".","_npmVersion":"1.2.14","_npmUser":{"name":"jxson","email":"jason@js.la"},"maintainers":[{"name":"jxson","email":"jason@greatergood.cc"}],"directories":{}},"0.1.3":{"author":{"name":"Jason Campbell","email":"jason@js.la","url":"http://twitter.com/jxson"},"name":"front-matter","description":"Extract YAML front matter from strings","keywords":["yaml","front matter","meta data"],"license":"MIT","version":"0.1.3","homepage":"https://github.com/jxson/front-matter","bugs":"https://github.com/jxson/front-matter/issues","repository":{"type":"git","url":"git://github.com/jxson/front-matter.git"},"main":"index.js","scripts":{"test":"mocha tests/ --reporter spec"},"engines":{"node":">=0.6.10"},"dependencies":{"yaml-js":"0.0.7"},"devDependencies":{"chai":"1.4.2","mocha":"1.7.4"},"_id":"front-matter@0.1.3","dist":{"shasum":"9e396a2b37aa7e63fc2ceca3dd8d930b72aa0ec2","tarball":"https://registry.npmjs.org/front-matter/-/front-matter-0.1.3.tgz"},"_from":".","_npmVersion":"1.2.2","_npmUser":{"name":"jxson","email":"jason@js.la"},"maintainers":[{"name":"jxson","email":"jason@greatergood.cc"}],"directories":{}},"0.1.4":{"author":{"name":"Jason Campbell","email":"jason@js.la","url":"http://twitter.com/jxson"},"name":"front-matter","description":"Extract YAML front matter from strings","keywords":["yaml","front matter","meta data"],"license":"MIT","version":"0.1.4","homepage":"https://github.com/jxson/front-matter","bugs":{"url":"https://github.com/jxson/front-matter/issues"},"repository":{"type":"git","url":"git://github.com/jxson/front-matter.git"},"main":"index.js","scripts":{"test":"mocha tests/ --reporter spec"},"engines":{"node":">=0.6.10"},"dependencies":{"yaml-js":"0.0.7"},"devDependencies":{"chai":"1.4.2","mocha":"1.7.4"},"_id":"front-matter@0.1.4","dist":{"shasum":"e6fb708572c8470bfb709287becaa6d40cb67878","tarball":"https://registry.npmjs.org/front-matter/-/front-matter-0.1.4.tgz"},"_from":".","_npmVersion":"1.3.11","_npmUser":{"name":"jxson","email":"jason@js.la"},"maintainers":[{"name":"jxson","email":"jason@greatergood.cc"}],"directories":{}},"0.1.5":{"author":{"name":"Jason Campbell","email":"jason@js.la","url":"http://twitter.com/jxson"},"name":"front-matter","description":"Extract YAML front matter from strings","keywords":["yaml","front matter","meta data"],"license":"MIT","version":"0.1.5","homepage":"https://github.com/jxson/front-matter","bugs":{"url":"https://github.com/jxson/front-matter/issues"},"repository":{"type":"git","url":"git://github.com/jxson/front-matter.git"},"main":"index.js","scripts":{"test":"mocha tests/ --reporter spec"},"engines":{"node":">=0.6.10"},"dependencies":{"yaml-js":"0.0.7"},"devDependencies":{"chai":"1.4.2","mocha":"1.7.4"},"contributors":[{"name":"Jason Campbell","email":"jason@js.la","url":"http://twitter.com/jxson"},{"name":"Jordan Santell","email":"jsantell@gmail.com","url":"https://github.com/jsantell"},{"name":"Kai Davenport","email":"kaiyadavenport@gmail.com","url":"https://github.com/binocarlos"},{"name":"Jean-Philippe Monette","email":"contact@jpmonette.net","url":"https://github.com/jpmonette"},{"name":"Marc-André Arseneault","email":"marc-andre@arsnl.ca","url":"https://github.com/arsnl"}],"_id":"front-matter@0.1.5","dist":{"shasum":"4e105d81d7ebf6a1bdb65f7415c71061d0eefd22","tarball":"https://registry.npmjs.org/front-matter/-/front-matter-0.1.5.tgz"},"_from":".","_npmVersion":"1.3.11","_npmUser":{"name":"jxson","email":"jason@js.la"},"maintainers":[{"name":"jxson","email":"jason@greatergood.cc"}],"directories":{}},"0.2.0":{"author":{"name":"Jason Campbell","email":"jason@js.la","url":"http://twitter.com/jxson"},"name":"front-matter","description":"Extract YAML front matter from strings","keywords":["yaml","front matter","meta data"],"license":"MIT","version":"0.2.0","homepage":"https://github.com/jxson/front-matter","bugs":{"url":"https://github.com/jxson/front-matter/issues"},"repository":{"type":"git","url":"git://github.com/jxson/front-matter.git"},"main":"index.js","scripts":{"test":"mocha tests/*-test.js --reporter spec"},"engines":{"node":">=0.6.10"},"dependencies":{"yaml-js":"0.0.7"},"devDependencies":{"mocha":"~1.17.0"},"contributors":[{"name":"Jason Campbell","email":"jason@js.la","url":"http://twitter.com/jxson"},{"name":"Jordan Santell","email":"jsantell@gmail.com","url":"https://github.com/jsantell"},{"name":"Kai Davenport","email":"kaiyadavenport@gmail.com","url":"https://github.com/binocarlos"},{"name":"Jean-Philippe Monette","email":"contact@jpmonette.net","url":"https://github.com/jpmonette"},{"name":"Marc-André Arseneault","email":"marc-andre@arsnl.ca","url":"https://github.com/arsnl"},{"name":"Bret Comnes","email":"bcomnes@gmail.com","url":"http://bret.io"}],"_id":"front-matter@0.2.0","dist":{"shasum":"85d8eefcce42bfbf01830f893523fabbb1d78553","tarball":"https://registry.npmjs.org/front-matter/-/front-matter-0.2.0.tgz"},"_from":".","_npmVersion":"1.3.21","_npmUser":{"name":"jxson","email":"jason@js.la"},"maintainers":[{"name":"jxson","email":"jason@js.la"}],"directories":{}},"0.2.1":{"author":{"name":"Jason Campbell","email":"jason@js.la","url":"http://twitter.com/jxson"},"name":"front-matter","description":"Extract YAML front matter from strings","keywords":["yaml","front matter","meta data"],"license":"MIT","version":"0.2.1","homepage":"https://github.com/jxson/front-matter","bugs":{"url":"https://github.com/jxson/front-matter/issues"},"repository":{"type":"git","url":"git://github.com/jxson/front-matter.git"},"main":"index.js","scripts":{"test":"mocha tests/*-test.js"},"engines":{"node":">=0.6.10"},"dependencies":{"yaml-js":"^0.1.0"},"devDependencies":{"mocha":"^2.1.0"},"contributors":[{"name":"Jason Campbell","email":"jason@js.la","url":"http://twitter.com/jxson"},{"name":"Jordan Santell","email":"jsantell@gmail.com","url":"https://github.com/jsantell"},{"name":"Kai Davenport","email":"kaiyadavenport@gmail.com","url":"https://github.com/binocarlos"},{"name":"Jean-Philippe Monette","email":"contact@jpmonette.net","url":"https://github.com/jpmonette"},{"name":"Marc-André Arseneault","email":"marc-andre@arsnl.ca","url":"https://github.com/arsnl"},{"name":"Bret Comnes","email":"bcomnes@gmail.com","url":"http://bret.io"}],"gitHead":"2ec63a168df13b43273a50a6538764000bfd1b89","_id":"front-matter@0.2.1","_shasum":"718730c4b2ba4f2eea33fe1f211df29c371bb9a9","_from":".","_npmVersion":"2.1.10","_nodeVersion":"0.10.33","_npmUser":{"name":"jxson","email":"jasoncampbell@google.com"},"maintainers":[{"name":"jxson","email":"jason@greatergood.cc"}],"dist":{"shasum":"718730c4b2ba4f2eea33fe1f211df29c371bb9a9","tarball":"https://registry.npmjs.org/front-matter/-/front-matter-0.2.1.tgz"},"directories":{}},"0.2.2":{"author":{"name":"Jason Campbell","email":"jason@js.la","url":"http://twitter.com/jxson"},"name":"front-matter","description":"Extract YAML front matter from strings","keywords":["yaml","front matter","meta data"],"license":"MIT","version":"0.2.2","homepage":"https://github.com/jxson/front-matter","bugs":{"url":"https://github.com/jxson/front-matter/issues"},"repository":{"type":"git","url":"git://github.com/jxson/front-matter.git"},"main":"index.js","scripts":{"test":"mocha tests/*-test.js"},"engines":{"node":">=0.6.10"},"dependencies":{"yaml-js":"^0.1.0"},"devDependencies":{"mocha":"^2.1.0"},"contributors":[{"name":"Jason Campbell","email":"jason@js.la","url":"http://twitter.com/jxson"},{"name":"Jordan Santell","email":"jsantell@gmail.com","url":"https://github.com/jsantell"},{"name":"Kai Davenport","email":"kaiyadavenport@gmail.com","url":"https://github.com/binocarlos"},{"name":"Jean-Philippe Monette","email":"contact@jpmonette.net","url":"https://github.com/jpmonette"},{"name":"Marc-André Arseneault","email":"marc-andre@arsnl.ca","url":"https://github.com/arsnl"},{"name":"Bret Comnes","email":"bcomnes@gmail.com","url":"http://bret.io"}],"gitHead":"32d1e1bae181d55b6bf6734ce2d63a4b49a16507","_id":"front-matter@0.2.2","_shasum":"e022cec3523314fac48df60faafd836f2fe2b975","_from":".","_npmVersion":"2.6.0","_nodeVersion":"0.10.36","_npmUser":{"name":"jxson","email":"jasoncampbell@google.com"},"maintainers":[{"name":"jxson","email":"jason@greatergood.cc"}],"dist":{"shasum":"e022cec3523314fac48df60faafd836f2fe2b975","tarball":"https://registry.npmjs.org/front-matter/-/front-matter-0.2.2.tgz"},"directories":{}},"0.2.3":{"author":{"name":"Jason Campbell","email":"jason@js.la","url":"http://twitter.com/jxson"},"name":"front-matter","description":"Extract YAML front matter from strings","keywords":["yaml","front matter","meta data"],"license":"MIT","version":"0.2.3","homepage":"https://github.com/jxson/front-matter","bugs":{"url":"https://github.com/jxson/front-matter/issues"},"repository":{"type":"git","url":"git://github.com/jxson/front-matter.git"},"main":"index.js","scripts":{"test":"mocha tests/*-test.js"},"engines":{"node":">=0.6.10"},"dependencies":{"yaml-js":"^0.1.0"},"devDependencies":{"mocha":"^2.1.0"},"contributors":[{"name":"Jason Campbell","email":"jason@js.la","url":"http://twitter.com/jxson"},{"name":"Jordan Santell","email":"jsantell@gmail.com","url":"https://github.com/jsantell"},{"name":"Kai Davenport","email":"kaiyadavenport@gmail.com","url":"https://github.com/binocarlos"},{"name":"Jean-Philippe Monette","email":"contact@jpmonette.net","url":"https://github.com/jpmonette"},{"name":"Marc-André Arseneault","email":"marc-andre@arsnl.ca","url":"https://github.com/arsnl"},{"name":"Bret Comnes","email":"bcomnes@gmail.com","url":"http://bret.io"}],"gitHead":"2bd84a2db901a7cdde6a43548b53f32c82b2db02","_id":"front-matter@0.2.3","_shasum":"48fbaa2de1856ca475b5d38dff0b2d6d125196db","_from":".","_npmVersion":"2.6.0","_nodeVersion":"0.10.36","_npmUser":{"name":"jxson","email":"jasoncampbell@google.com"},"maintainers":[{"name":"jxson","email":"jason@greatergood.cc"}],"dist":{"shasum":"48fbaa2de1856ca475b5d38dff0b2d6d125196db","tarball":"https://registry.npmjs.org/front-matter/-/front-matter-0.2.3.tgz"},"directories":{}},"1.0.0":{"author":{"name":"Jason Campbell","email":"jason@js.la","url":"http://twitter.com/jxson"},"name":"front-matter","description":"Extract YAML front matter from a string","keywords":["yaml","front matter","meta data"],"license":"MIT","version":"1.0.0","homepage":"https://github.com/jxson/front-matter","bugs":{"url":"https://github.com/jxson/front-matter/issues"},"repository":{"type":"git","url":"git://github.com/jxson/front-matter.git"},"main":"index.js","scripts":{"test":"make test"},"dependencies":{"yaml-js":"^0.1.0"},"devDependencies":{"coveralls":"^2.11.2","istanbul":"^0.3.6","tape":"^3.5.0"},"contributors":[{"name":"Jason Campbell","email":"jason@js.la","url":"http://twitter.com/jxson"},{"name":"Jordan Santell","email":"jsantell@gmail.com","url":"https://github.com/jsantell"},{"name":"Kai Davenport","email":"kaiyadavenport@gmail.com","url":"https://github.com/binocarlos"},{"name":"Jean-Philippe Monette","email":"contact@jpmonette.net","url":"https://github.com/jpmonette"},{"name":"Marc-André Arseneault","email":"marc-andre@arsnl.ca","url":"https://github.com/arsnl"},{"name":"Bret Comnes","email":"bcomnes@gmail.com","url":"http://bret.io"}],"gitHead":"bca74246aa6fe92515a8a2631e0895a51c74b94d","_id":"front-matter@1.0.0","_shasum":"f1b15b60de1aac757e5bec04f0e0751c069ef53d","_from":".","_npmVersion":"2.6.0","_nodeVersion":"0.10.36","_npmUser":{"name":"jxson","email":"jasoncampbell@google.com"},"maintainers":[{"name":"jxson","email":"jason@greatergood.cc"}],"dist":{"shasum":"f1b15b60de1aac757e5bec04f0e0751c069ef53d","tarball":"https://registry.npmjs.org/front-matter/-/front-matter-1.0.0.tgz"},"directories":{}},"2.0.0":{"author":{"name":"Jason Campbell","email":"jason@js.la","url":"http://twitter.com/jxson"},"name":"front-matter","description":"Extract YAML front matter from a string","keywords":["yaml","front matter","meta data"],"license":"MIT","version":"2.0.0","homepage":"https://github.com/jxson/front-matter","bugs":{"url":"https://github.com/jxson/front-matter/issues"},"repository":{"type":"git","url":"git://github.com/jxson/front-matter.git"},"main":"index.js","scripts":{"test":"make test"},"dependencies":{"yaml-js":"^0.1.0"},"devDependencies":{"coveralls":"^2.11.2","istanbul":"^0.3.6","tape":"^3.5.0"},"contributors":[{"name":"Jason Campbell","email":"jason@js.la","url":"http://twitter.com/jxson"},{"name":"Jordan Santell","email":"jsantell@gmail.com","url":"https://github.com/jsantell"},{"name":"Kai Davenport","email":"kaiyadavenport@gmail.com","url":"https://github.com/binocarlos"},{"name":"Jean-Philippe Monette","email":"contact@jpmonette.net","url":"https://github.com/jpmonette"},{"name":"Marc-André Arseneault","email":"marc-andre@arsnl.ca","url":"https://github.com/arsnl"},{"name":"Bret Comnes","email":"bcomnes@gmail.com","url":"http://bret.io"}],"gitHead":"2cb3439a9773ed5a330bad584d5ec30f7317b211","_id":"front-matter@2.0.0","_shasum":"28b881abe7c907f5b442764427de78b704407477","_from":".","_npmVersion":"2.11.3","_nodeVersion":"0.12.7","_npmUser":{"name":"jxson","email":"jasoncampbell@google.com"},"dist":{"shasum":"28b881abe7c907f5b442764427de78b704407477","tarball":"https://registry.npmjs.org/front-matter/-/front-matter-2.0.0.tgz"},"maintainers":[{"name":"jxson","email":"jason@greatergood.cc"}],"directories":{}},"2.0.1":{"author":{"name":"Jason Campbell","email":"jason@js.la","url":"http://twitter.com/jxson"},"name":"front-matter","description":"Extract YAML front matter from a string","keywords":["yaml","front matter","meta data"],"license":"MIT","version":"2.0.1","homepage":"https://github.com/jxson/front-matter","bugs":{"url":"https://github.com/jxson/front-matter/issues"},"repository":{"type":"git","url":"git://github.com/jxson/front-matter.git"},"main":"index.js","scripts":{"test":"make test"},"dependencies":{"js-yaml":"^3.4.6"},"devDependencies":{"coveralls":"^2.11.2","istanbul":"^0.3.6","tape":"^3.5.0"},"contributors":[{"name":"Jason Campbell","email":"jason@js.la","url":"http://twitter.com/jxson"},{"name":"Jordan Santell","email":"jsantell@gmail.com","url":"https://github.com/jsantell"},{"name":"Kai Davenport","email":"kaiyadavenport@gmail.com","url":"https://github.com/binocarlos"},{"name":"Jean-Philippe Monette","email":"contact@jpmonette.net","url":"https://github.com/jpmonette"},{"name":"Marc-André Arseneault","email":"marc-andre@arsnl.ca","url":"https://github.com/arsnl"},{"name":"Bret Comnes","email":"bcomnes@gmail.com","url":"http://bret.io"}],"gitHead":"6fb1dfdf713cad9baa4d1a6506b9ba11f9e13d59","_id":"front-matter@2.0.1","_shasum":"26d1b0db40ee871aa13b4c31e969c300fc07d315","_from":".","_npmVersion":"2.11.3","_nodeVersion":"0.12.7","_npmUser":{"name":"jxson","email":"jasoncampbell@google.com"},"dist":{"shasum":"26d1b0db40ee871aa13b4c31e969c300fc07d315","tarball":"https://registry.npmjs.org/front-matter/-/front-matter-2.0.1.tgz"},"maintainers":[{"name":"jxson","email":"jason@greatergood.cc"}],"directories":{}},"2.0.2":{"author":{"name":"Jason Campbell","email":"jason@js.la","url":"http://twitter.com/jxson"},"name":"front-matter","description":"Extract YAML front matter from a string","keywords":["yaml","front matter","meta data"],"license":"MIT","version":"2.0.2","homepage":"https://github.com/jxson/front-matter","bugs":{"url":"https://github.com/jxson/front-matter/issues"},"repository":{"type":"git","url":"git://github.com/jxson/front-matter.git"},"main":"index.js","scripts":{"test":"make test"},"dependencies":{"js-yaml":"^3.4.6"},"devDependencies":{"coveralls":"^2.11.2","istanbul":"^0.3.6","tape":"^3.5.0"},"contributors":[{"name":"Jason Campbell","email":"jason@js.la","url":"http://twitter.com/jxson"},{"name":"Jordan Santell","email":"jsantell@gmail.com","url":"https://github.com/jsantell"},{"name":"Kai Davenport","email":"kaiyadavenport@gmail.com","url":"https://github.com/binocarlos"},{"name":"Jean-Philippe Monette","email":"contact@jpmonette.net","url":"https://github.com/jpmonette"},{"name":"Marc-André Arseneault","email":"marc-andre@arsnl.ca","url":"https://github.com/arsnl"},{"name":"Bret Comnes","email":"bcomnes@gmail.com","url":"http://bret.io"}],"gitHead":"083d38a2bb35882677f913c5025507ac1c3dddbf","_id":"front-matter@2.0.2","_shasum":"0bf4180b8b21959afab2334bee08b660ddcf23e0","_from":".","_npmVersion":"2.14.2","_nodeVersion":"4.0.0","_npmUser":{"name":"jxson","email":"jasoncampbell@google.com"},"maintainers":[{"name":"jxson","email":"jason@greatergood.cc"}],"dist":{"shasum":"0bf4180b8b21959afab2334bee08b660ddcf23e0","tarball":"https://registry.npmjs.org/front-matter/-/front-matter-2.0.2.tgz"},"directories":{}},"2.0.3":{"author":{"name":"Jason Campbell","email":"jason@js.la","url":"http://twitter.com/jxson"},"name":"front-matter","description":"Extract YAML front matter from a string","keywords":["yaml","front matter","meta data"],"license":"MIT","version":"2.0.3","homepage":"https://github.com/jxson/front-matter","bugs":{"url":"https://github.com/jxson/front-matter/issues"},"repository":{"type":"git","url":"git://github.com/jxson/front-matter.git"},"main":"index.js","scripts":{"test":"make test"},"dependencies":{"js-yaml":"^3.4.6"},"devDependencies":{"coveralls":"^2.11.6","istanbul":"^0.3.6","tape":"^4.4.0"},"contributors":[{"name":"Jason Campbell","email":"jason@js.la","url":"http://twitter.com/jxson"},{"name":"Jordan Santell","email":"jsantell@gmail.com","url":"https://github.com/jsantell"},{"name":"Kai Davenport","email":"kaiyadavenport@gmail.com","url":"https://github.com/binocarlos"},{"name":"Jean-Philippe Monette","email":"contact@jpmonette.net","url":"https://github.com/jpmonette"},{"name":"Marc-André Arseneault","email":"marc-andre@arsnl.ca","url":"https://github.com/arsnl"},{"name":"Bret Comnes","email":"bcomnes@gmail.com","url":"http://bret.io"}],"gitHead":"f7895e275c5b7b3ccc783e7305ed6b1d7c200926","_id":"front-matter@2.0.3","_shasum":"c0f69c04c5a810be9c918cb797379596780476a8","_from":".","_npmVersion":"3.3.12","_nodeVersion":"5.1.1","_npmUser":{"name":"jxson","email":"jasoncampbell@google.com"},"dist":{"shasum":"c0f69c04c5a810be9c918cb797379596780476a8","tarball":"https://registry.npmjs.org/front-matter/-/front-matter-2.0.3.tgz"},"maintainers":[{"name":"jxson","email":"jason@greatergood.cc"}],"directories":{}},"2.0.4":{"author":{"name":"Jason Campbell","email":"jason@js.la","url":"http://twitter.com/jxson"},"name":"front-matter","description":"Extract YAML front matter from a string","keywords":["yaml","front matter","meta data"],"license":"MIT","version":"2.0.4","homepage":"https://github.com/jxson/front-matter","bugs":{"url":"https://github.com/jxson/front-matter/issues"},"repository":{"type":"git","url":"git://github.com/jxson/front-matter.git"},"main":"index.js","scripts":{"test":"make test"},"dependencies":{"js-yaml":"^3.4.6"},"devDependencies":{"coveralls":"^2.11.6","istanbul":"^0.3.6","tape":"^4.4.0"},"contributors":[{"name":"Jason Campbell","email":"jason@js.la","url":"http://twitter.com/jxson"},{"name":"Jordan Santell","email":"jsantell@gmail.com","url":"https://github.com/jsantell"},{"name":"Kai Davenport","email":"kaiyadavenport@gmail.com","url":"https://github.com/binocarlos"},{"name":"Jean-Philippe Monette","email":"contact@jpmonette.net","url":"https://github.com/jpmonette"},{"name":"Marc-André Arseneault","email":"marc-andre@arsnl.ca","url":"https://github.com/arsnl"},{"name":"Bret Comnes","email":"bcomnes@gmail.com","url":"http://bret.io"}],"gitHead":"c4c30ca2eb955acb41f0ae8928cef9b2c29b88a9","_id":"front-matter@2.0.4","_shasum":"52b8dcb957ef5271c2ed0c7a1be5d11251fc37ac","_from":".","_npmVersion":"3.3.12","_nodeVersion":"5.1.1","_npmUser":{"name":"jxson","email":"jasoncampbell@google.com"},"dist":{"shasum":"52b8dcb957ef5271c2ed0c7a1be5d11251fc37ac","tarball":"https://registry.npmjs.org/front-matter/-/front-matter-2.0.4.tgz"},"maintainers":[{"name":"jxson","email":"jason@greatergood.cc"}],"directories":{}},"2.0.5":{"author":{"name":"Jason Campbell","email":"jason@js.la","url":"http://twitter.com/jxson"},"name":"front-matter","description":"Extract YAML front matter from a string","keywords":["yaml","front matter","meta data"],"license":"MIT","version":"2.0.5","homepage":"https://github.com/jxson/front-matter","bugs":{"url":"https://github.com/jxson/front-matter/issues"},"repository":{"type":"git","url":"git://github.com/jxson/front-matter.git"},"main":"index.js","scripts":{"test":"make test"},"dependencies":{"js-yaml":"^3.4.6"},"devDependencies":{"coveralls":"^2.11.6","istanbul":"^0.3.6","tape":"^4.4.0"},"contributors":[{"name":"Jason Campbell","email":"jason@js.la","url":"http://twitter.com/jxson"},{"name":"Jordan Santell","email":"jsantell@gmail.com","url":"https://github.com/jsantell"},{"name":"Kai Davenport","email":"kaiyadavenport@gmail.com","url":"https://github.com/binocarlos"},{"name":"Jean-Philippe Monette","email":"contact@jpmonette.net","url":"https://github.com/jpmonette"},{"name":"Marc-André Arseneault","email":"marc-andre@arsnl.ca","url":"https://github.com/arsnl"},{"name":"Bret Comnes","email":"bcomnes@gmail.com","url":"http://bret.io"}],"gitHead":"9be0506d9e2058cac4c7667c93a6e7d76c17122a","_id":"front-matter@2.0.5","_shasum":"c034e66a5614b06ae1686285ce1c1089c5a298d2","_from":".","_npmVersion":"3.3.12","_nodeVersion":"5.1.1","_npmUser":{"name":"jxson","email":"jasoncampbell@google.com"},"dist":{"shasum":"c034e66a5614b06ae1686285ce1c1089c5a298d2","tarball":"https://registry.npmjs.org/front-matter/-/front-matter-2.0.5.tgz"},"maintainers":[{"name":"jxson","email":"jason@greatergood.cc"}],"directories":{}},"2.0.6":{"author":{"name":"Jason Campbell","email":"jason@js.la","url":"http://twitter.com/jxson"},"name":"front-matter","description":"Extract YAML front matter from a string","keywords":["yaml","front matter","meta data"],"license":"MIT","version":"2.0.6","homepage":"https://github.com/jxson/front-matter","bugs":{"url":"https://github.com/jxson/front-matter/issues"},"repository":{"type":"git","url":"git://github.com/jxson/front-matter.git"},"main":"index.js","scripts":{"test":"make test"},"dependencies":{"js-yaml":"^3.4.6"},"devDependencies":{"coveralls":"^2.11.6","istanbul":"^0.3.6","tape":"^4.4.0"},"contributors":[{"name":"Jason Campbell","email":"jason@js.la","url":"http://twitter.com/jxson"},{"name":"Jordan Santell","email":"jsantell@gmail.com","url":"https://github.com/jsantell"},{"name":"Kai Davenport","email":"kaiyadavenport@gmail.com","url":"https://github.com/binocarlos"},{"name":"Jean-Philippe Monette","email":"contact@jpmonette.net","url":"https://github.com/jpmonette"},{"name":"Marc-André Arseneault","email":"marc-andre@arsnl.ca","url":"https://github.com/arsnl"},{"name":"Bret Comnes","email":"bcomnes@gmail.com","url":"http://bret.io"}],"gitHead":"33496f07ba82d10aa2d9f91ada51b48f8905e82a","_id":"front-matter@2.0.6","_shasum":"cc055445aaafe9acb092bec982b58ab7aa1dae77","_from":".","_npmVersion":"3.3.12","_nodeVersion":"5.1.1","_npmUser":{"name":"jxson","email":"jasoncampbell@google.com"},"dist":{"shasum":"cc055445aaafe9acb092bec982b58ab7aa1dae77","tarball":"https://registry.npmjs.org/front-matter/-/front-matter-2.0.6.tgz"},"maintainers":[{"name":"jxson","email":"jason@greatergood.cc"}],"_npmOperationalInternal":{"host":"packages-9-west.internal.npmjs.com","tmp":"tmp/front-matter-2.0.6.tgz_1455175661647_0.48288202518597245"},"directories":{}},"2.0.7":{"author":{"name":"Jason Campbell","email":"jason@js.la","url":"http://twitter.com/jxson"},"name":"front-matter","description":"Extract YAML front matter from a string","keywords":["yaml","front matter","meta data"],"license":"MIT","version":"2.0.7","homepage":"https://github.com/jxson/front-matter","bugs":{"url":"https://github.com/jxson/front-matter/issues"},"repository":{"type":"git","url":"git://github.com/jxson/front-matter.git"},"main":"index.js","scripts":{"test":"make test"},"dependencies":{"js-yaml":"^3.4.6"},"devDependencies":{"brfs":"^1.4.3","coveralls":"^2.11.6","istanbul":"^0.3.6","standard":"^6.0.4","standard-format":"^2.1.0","tape":"^4.4.0","zuul":"^3.10.1"},"contributors":[{"name":"Jason Campbell","email":"jason@js.la","url":"http://twitter.com/jxson"},{"name":"Jordan Santell","email":"jsantell@gmail.com","url":"https://github.com/jsantell"},{"name":"Kai Davenport","email":"kaiyadavenport@gmail.com","url":"https://github.com/binocarlos"},{"name":"Jean-Philippe Monette","email":"contact@jpmonette.net","url":"https://github.com/jpmonette"},{"name":"Marc-André Arseneault","email":"marc-andre@arsnl.ca","url":"https://github.com/arsnl"},{"name":"Bret Comnes","email":"bcomnes@gmail.com","url":"http://bret.io"}],"gitHead":"580fab1777f6bd2ea0a81f0cc1fa0768a535d4a2","_id":"front-matter@2.0.7","_shasum":"0c35a4019a7ff6661559f7b0c68992e7ee3ae0fc","_from":".","_npmVersion":"3.3.12","_nodeVersion":"5.1.1","_npmUser":{"name":"jxson","email":"jasoncampbell@google.com"},"dist":{"shasum":"0c35a4019a7ff6661559f7b0c68992e7ee3ae0fc","tarball":"https://registry.npmjs.org/front-matter/-/front-matter-2.0.7.tgz"},"maintainers":[{"name":"jxson","email":"jason@greatergood.cc"}],"_npmOperationalInternal":{"host":"packages-12-west.internal.npmjs.com","tmp":"tmp/front-matter-2.0.7.tgz_1459912948098_0.9060709457844496"},"directories":{}},"2.0.8":{"author":{"name":"Jason Campbell","email":"jason@js.la","url":"http://twitter.com/jxson"},"name":"front-matter","description":"Extract YAML front matter from a string","keywords":["yaml","front matter","meta data"],"license":"MIT","version":"2.0.8","homepage":"https://github.com/jxson/front-matter","bugs":{"url":"https://github.com/jxson/front-matter/issues"},"repository":{"type":"git","url":"git://github.com/jxson/front-matter.git"},"main":"index.js","scripts":{"test":"make test"},"dependencies":{"js-yaml":"^3.4.6"},"devDependencies":{"brfs":"^1.4.3","coveralls":"^2.11.6","istanbul":"^0.3.6","standard":"^6.0.4","standard-format":"^2.1.0","tape":"^4.4.0","zuul":"^3.10.1"},"contributors":[{"name":"Jason Campbell","email":"jason@js.la","url":"http://twitter.com/jxson"},{"name":"Jordan Santell","email":"jsantell@gmail.com","url":"https://github.com/jsantell"},{"name":"Kai Davenport","email":"kaiyadavenport@gmail.com","url":"https://github.com/binocarlos"},{"name":"Jean-Philippe Monette","email":"contact@jpmonette.net","url":"https://github.com/jpmonette"},{"name":"Marc-André Arseneault","email":"marc-andre@arsnl.ca","url":"https://github.com/arsnl"},{"name":"Bret Comnes","email":"bcomnes@gmail.com","url":"http://bret.io"}],"gitHead":"8a226ea6003a43874b44e149b9d46b02efd66073","_id":"front-matter@2.0.8","_shasum":"bc7f6d7d3ce23c2f0c0b7d8dd2380cc3646861be","_from":".","_npmVersion":"3.8.7","_nodeVersion":"5.11.0","_npmUser":{"name":"jxson","email":"jasoncampbell@google.com"},"dist":{"shasum":"bc7f6d7d3ce23c2f0c0b7d8dd2380cc3646861be","tarball":"https://registry.npmjs.org/front-matter/-/front-matter-2.0.8.tgz"},"maintainers":[{"name":"jxson","email":"jason@greatergood.cc"}],"_npmOperationalInternal":{"host":"packages-16-east.internal.npmjs.com","tmp":"tmp/front-matter-2.0.8.tgz_1463641057127_0.3287660314235836"},"directories":{}},"2.1.0":{"author":{"name":"Jason Campbell","email":"jason@js.la","url":"http://twitter.com/jxson"},"name":"front-matter","description":"Extract YAML front matter from a string","keywords":["yaml","front matter","meta data"],"license":"MIT","version":"2.1.0","homepage":"https://github.com/jxson/front-matter","bugs":{"url":"https://github.com/jxson/front-matter/issues"},"repository":{"type":"git","url":"git://github.com/jxson/front-matter.git"},"main":"index.js","scripts":{"test":"make test"},"dependencies":{"js-yaml":"^3.4.6"},"devDependencies":{"brfs":"^1.4.3","coveralls":"^2.11.6","istanbul":"^0.3.6","standard":"^6.0.4","standard-format":"^2.1.0","tape":"^4.4.0","zuul":"^3.10.1"},"contributors":[{"name":"Jason Campbell","email":"jason@js.la","url":"http://twitter.com/jxson"},{"name":"Jordan Santell","email":"jsantell@gmail.com","url":"https://github.com/jsantell"},{"name":"Kai Davenport","email":"kaiyadavenport@gmail.com","url":"https://github.com/binocarlos"},{"name":"Jean-Philippe Monette","email":"contact@jpmonette.net","url":"https://github.com/jpmonette"},{"name":"Marc-André Arseneault","email":"marc-andre@arsnl.ca","url":"https://github.com/arsnl"},{"name":"Bret Comnes","email":"bcomnes@gmail.com","url":"http://bret.io"}],"gitHead":"d11acb9a13237f10b43b1825c3fab6313c3c1340","_id":"front-matter@2.1.0","_shasum":"0bdff42cbad2b35c07ac7085811789759f9858c0","_from":".","_npmVersion":"3.8.7","_nodeVersion":"5.11.0","_npmUser":{"name":"jxson","email":"jasoncampbell@google.com"},"dist":{"shasum":"0bdff42cbad2b35c07ac7085811789759f9858c0","tarball":"https://registry.npmjs.org/front-matter/-/front-matter-2.1.0.tgz"},"maintainers":[{"name":"jxson","email":"jason@greatergood.cc"}],"_npmOperationalInternal":{"host":"packages-12-west.internal.npmjs.com","tmp":"tmp/front-matter-2.1.0.tgz_1465109456708_0.7205754008609802"},"directories":{}}},"readme":"# front-matter\n[![build][build-img]][build-url]\n[![coverage][coverage-img]][coverage-url]\n[![npm][npm-img]][npm-url]\n[![github][github-img]][github-url]\n\n[![Sauce Test Status](https://saucelabs.com/browser-matrix/front-matter.svg)](https://saucelabs.com/u/front-matter)\n\n> Extract meta data (front-matter) from documents.\n\nThis modules does not do any IO (file loading or reading), only extracting and\nparsing front matter from strings.\n\nThis concept that was originally introduced to me through the [jeykll][jeykll] blogging system and is pretty useful where you want to be able to easily add meta-data to content without the need for a database. YAML is extracted from the the top of a file between matching separators of \"---\" or \"= yaml =\". It will also extract YAML between a separator and \"...\".\n\n<!-- This is part of a long running project I have been working on where I am splitting out internals of [haiku][haiku] into to separate, more useful and shareable modules. If your in need of a static site generator [check it out][haiku]. -->\n\n# Install\n\nWith [npm][npm] do:\n\n    npm install front-matter\n\n# Example\n\nSo you have a file `example.md`:\n\n    ---\n    title: Just hack'n\n    description: Nothing to see here\n    ---\n\n    This is some text about some stuff that happened sometime ago\n\n**NOTE:** As of `front-matter@2.0.0` valid front matter is considered to have\nthe starting separator on the first line.\n\nThen you can do this:\n\n    var fs = require('fs')\n      , fm = require('front-matter')\n\n    fs.readFile('./example.md', 'utf8', function(err, data){\n      if (err) throw err\n\n      var content = fm(data)\n\n      console.log(content)\n    })\n\nAnd end up with an object like this:\n\n    {\n        attributes: {\n            title: 'Just hack\\'n',\n            description: 'Nothing to see here'\n        },\n        body: '\\nThis is some text about some stuff that happened sometime ago',\n        frontmatter: 'title: Just hack\\'n\\ndescription: Nothing to see here'\n    }\n\n# Methods\n\n    var fm = require('front-matter')\n\n## fm(string)\n\nReturn a `content` object with two properties:\n\n* `content.attributes` contains the extracted yaml attributes in json form\n* `content.body` contains the string contents below the yaml separators\n* `content.frontmatter` contains the original yaml string contents\n\n# fm.test(string)\n\nCheck if a string contains a front matter header of \"---\" or \"= yaml =\". Primarily used internally but is useful outside of the module.\n\nReturns `true` or `false`\n\n    fm.test(string) #=> true || false\n\n# Contributing\n\nfront-matter is an OPEN Source Project so please help out by [reporting bugs](http://github.com/jxson/front-matter/issues) or [forking and opening pull](https://github.com/jxson/front-matter) requests when possible.\n\n![standard][standard-img]\n\nAll code is linted/formatted using [standard][standard-url] style, any non-conforming code can be automatically formatted using the the fmt make task: `make fmt`.\n\n## Maintainers\n\n- [Adrian Gimenez](https://github.com/axdg)\n- [Jason Campbell](https://github.com/jxson) - [@jxson](https://twitter.com/jxson)\n\n## Contributors\n\nThis module is awesome because of all the folks who submitted pull requests:\n\n- [Jordan Santell](https://github.com/jsantell) - [@jsantell](https://twitter.com/jsantell)\n- [Jean-Philippe Monette](https://github.com/jpmonette) - [@jpmonette](https://twitter.com/jpmonette)\n- [Kai Davenport](https://github.com/binocarlos)\n- [Marc-André Arseneault](https://github.com/arsnl) - [@im_arsnl](https://twitter.com/im_arsnl)\n- [Bret Comnes](https://github.com/bcomnes) - http://bret.io\n- [Shinnosuke Watanabe](https://github.com/shinnn)\n- [Matt Dickens](https://github.com/mpd106)\n- [Rod Knowlton](https://github.com/codelahoma)\n- [Rich DeLauder](https://github.com/FMJaguar)\n- [Sean Lang](https://github.com/slang800) - http://slang.cx\n- [Benjamin Tan](https://github.com/d10) - https://d10.github.io/\n- [Kenneth Lim](https://github.com/kenlimmj) - https://kenlimmj.com\n- [Cameron Moy](https://github.com/camoy)\n- [Fernando Montoya](https://github.com/montogeek) - https://montogeek.com\n- [Martin Heidegger](https://github.com/martinheidegger)\n- [Leo Liang](https://github.com/aleung)\n\n# LICENSE (MIT)\n\nCopyright (c) Jason Campbell (\"Author\")\n\nPermission is hereby granted, free of charge, to any person obtaining a copy of this software and associated documentation files (the \"Software\"), to deal in the Software without restriction, including without limitation the rights to use, copy, modify, merge, publish, distribute, sublicense, and/or sell copies of the Software, and to permit persons to whom the Software is furnished to do so, subject to the following conditions:\n\nThe above copyright notice and this permission notice shall be included in all copies or substantial portions of the Software.\n\nTHE SOFTWARE IS PROVIDED \"AS IS\", WITHOUT WARRANTY OF ANY KIND, EXPRESS OR IMPLIED, INCLUDING BUT NOT LIMITED TO THE WARRANTIES OF MERCHANTABILITY, FITNESS FOR A PARTICULAR PURPOSE AND NONINFRINGEMENT. IN NO EVENT SHALL THE AUTHORS OR COPYRIGHT HOLDERS BE LIABLE FOR ANY CLAIM, DAMAGES OR OTHER LIABILITY, WHETHER IN AN ACTION OF CONTRACT, TORT OR OTHERWISE, ARISING FROM, OUT OF OR IN CONNECTION WITH THE SOFTWARE OR THE USE OR OTHER DEALINGS IN THE SOFTWARE.\n\n\n[yaml]: http://en.wikipedia.org/wiki/YAML\n[haiku]: http://haiku.io\n[npm]: http://npmjs.org\n[jeykll]: https://github.com/mojombo/jekyll\n[coverage-img]: https://img.shields.io/coveralls/jxson/front-matter.svg\n[coverage-url]: https://coveralls.io/r/jxson/front-matter?branch=master\n[build-img]: https://img.shields.io/travis/jxson/front-matter/master.svg\n[build-url]: http://travis-ci.org/jxson/front-matter\n[npm-img]: https://img.shields.io/npm/dm/front-matter.svg\n[npm-url]: https://npmjs.org/package/standard\n[github-img]: https://img.shields.io/github/stars/jxson/front-matter.svg?style=social&label=Star\n[github-url]: https://github.com/jxson/front-matter/\n[standard-img]: https://cdn.rawgit.com/feross/standard/master/badge.svg\n[standard-url]: http://npmjs.com/package/standard\n","maintainers":[{"name":"jxson","email":"jason@greatergood.cc"}],"time":{"modified":"2016-06-05T06:50:57.202Z","created":"2012-06-25T18:40:14.673Z","0.0.1":"2012-06-25T18:40:16.155Z","0.0.2":"2012-07-16T18:48:03.449Z","0.0.3":"2012-11-27T00:02:18.975Z","0.1.0":"2013-01-16T06:59:24.898Z","0.1.1":"2013-01-28T18:02:45.154Z","0.1.2":"2013-03-22T01:57:56.000Z","0.1.3":"2013-04-25T16:19:54.904Z","0.1.4":"2013-11-27T19:36:01.311Z","0.1.5":"2013-12-20T22:43:29.910Z","0.2.0":"2014-01-21T02:21:41.120Z","0.2.1":"2015-01-12T19:05:57.933Z","0.2.2":"2015-02-27T20:34:21.141Z","0.2.3":"2015-03-01T04:24:46.791Z","1.0.0":"2015-03-02T07:34:14.289Z","2.0.0":"2015-10-20T07:27:53.635Z","2.0.1":"2015-12-04T07:18:55.129Z","2.0.2":"2015-12-30T18:38:11.393Z","2.0.3":"2016-01-03T00:24:08.793Z","2.0.4":"2016-01-03T22:28:12.114Z","2.0.5":"2016-01-04T18:50:17.287Z","2.0.6":"2016-02-11T07:27:43.141Z","2.0.7":"2016-04-06T03:22:28.594Z","2.0.8":"2016-05-19T06:57:41.502Z","2.1.0":"2016-06-05T06:50:57.202Z"},"author":{"name":"Jason Campbell","email":"jason@js.la","url":"http://twitter.com/jxson"},"repository":{"type":"git","url":"git://github.com/jxson/front-matter.git"},"readmeFilename":"README.md","users":{"bret":true,"jeremial":true,"arsnl":true,"borjes":true,"yxqme":true,"nichoth":true,"ahmedelgabri":true,"ambdxtrch":true,"knownasilya":true,"roobottom":true,"xiechao06":true,"ubenzer":true,"wangnan0610":true,"solitary":true},"homepage":"https://github.com/jxson/front-matter","keywords":["yaml","front matter","meta data"],"contributors":[{"name":"Jason Campbell","email":"jason@js.la","url":"http://twitter.com/jxson"},{"name":"Jordan Santell","email":"jsantell@gmail.com","url":"https://github.com/jsantell"},{"name":"Kai Davenport","email":"kaiyadavenport@gmail.com","url":"https://github.com/binocarlos"},{"name":"Jean-Philippe Monette","email":"contact@jpmonette.net","url":"https://github.com/jpmonette"},{"name":"Marc-André Arseneault","email":"marc-andre@arsnl.ca","url":"https://github.com/arsnl"},{"name":"Bret Comnes","email":"bcomnes@gmail.com","url":"http://bret.io"}],"bugs":{"url":"https://github.com/jxson/front-matter/issues"},"license":"MIT","_attachments":{},"_etag":"\"3I04ZQAP1EJOAPS1LBI3JTS8Q\"","_cached":true}