{"_id":"consistent-env","_rev":"7-92b3a546b1bea7e0b5b93ee0a04fe8c3","name":"consistent-env","description":"A reliable way to get env","dist-tags":{"latest":"1.3.0"},"versions":{"1.0.0":{"name":"consistent-env","version":"1.0.0","description":"A reliable way to get env","main":"lib/index.js","scripts":{"test":"apm test","compile":"ucompiler go"},"repository":{"type":"git","url":"https://github.com/steelbrain/consistent-env.git"},"author":{"name":"steelbrain"},"license":"MIT","bugs":{"url":"https://github.com/steelbrain/consistent-env/issues"},"homepage":"https://github.com/steelbrain/consistent-env","keywords":["environment","env"],"devDependencies":{"ucompiler":"^3.1.7","ucompiler-plugin-babel":"^3.1.1","babel-preset-steelbrain":"^1.0.1"},"gitHead":"446ecbfc242de88a9f3d594a1e9425410d51858d","_id":"consistent-env@1.0.0","_shasum":"f9d3741dde1e23c86e1c18d8ce585d0de875ac86","_from":".","_npmVersion":"3.6.0","_nodeVersion":"5.6.0","_npmUser":{"name":"steelbrain","email":"de.steelbrain@gmail.com"},"dist":{"shasum":"f9d3741dde1e23c86e1c18d8ce585d0de875ac86","tarball":"https://registry.npmjs.org/consistent-env/-/consistent-env-1.0.0.tgz"},"maintainers":[{"name":"steelbrain","email":"de.steelbrain@gmail.com"}],"_npmOperationalInternal":{"host":"packages-5-east.internal.npmjs.com","tmp":"tmp/consistent-env-1.0.0.tgz_1455989624512_0.5081488061696291"},"directories":{}},"1.0.1":{"name":"consistent-env","version":"1.0.1","description":"A reliable way to get env","main":"lib/index.js","scripts":{"test":"apm test","compile":"ucompiler go"},"repository":{"type":"git","url":"https://github.com/steelbrain/consistent-env.git"},"author":{"name":"steelbrain"},"license":"MIT","bugs":{"url":"https://github.com/steelbrain/consistent-env/issues"},"homepage":"https://github.com/steelbrain/consistent-env","keywords":["environment","env"],"devDependencies":{"ucompiler":"^3.1.7","ucompiler-plugin-babel":"^3.1.1","babel-preset-steelbrain":"^1.0.1"},"gitHead":"a2c00dd7d98454c5b5d91a505e81900d03b87f2e","_id":"consistent-env@1.0.1","_shasum":"ff909b8022389199b33219f6837c7a68e5d39737","_from":".","_npmVersion":"3.6.0","_nodeVersion":"5.6.0","_npmUser":{"name":"steelbrain","email":"de.steelbrain@gmail.com"},"dist":{"shasum":"ff909b8022389199b33219f6837c7a68e5d39737","tarball":"https://registry.npmjs.org/consistent-env/-/consistent-env-1.0.1.tgz"},"maintainers":[{"name":"steelbrain","email":"de.steelbrain@gmail.com"}],"_npmOperationalInternal":{"host":"packages-9-west.internal.npmjs.com","tmp":"tmp/consistent-env-1.0.1.tgz_1456183310358_0.981789552140981"},"directories":{}},"1.1.0":{"name":"consistent-env","version":"1.1.0","description":"A reliable way to get env","main":"lib/index.js","scripts":{"test":"apm test","compile":"ucompiler go"},"repository":{"type":"git","url":"git+https://github.com/steelbrain/consistent-env.git"},"author":{"name":"steelbrain"},"license":"MIT","bugs":{"url":"https://github.com/steelbrain/consistent-env/issues"},"homepage":"https://github.com/steelbrain/consistent-env","keywords":["environment","env"],"devDependencies":{"ucompiler":"^3.1.7","ucompiler-plugin-babel":"^3.1.1","babel-preset-steelbrain":"^1.0.1"},"gitHead":"0272d74f4988be136468a87fb153e6444bcd708e","_id":"consistent-env@1.1.0","_shasum":"7e3b23b018ccdabecb0b809052bd70bd533a290b","_from":".","_npmVersion":"3.6.0","_nodeVersion":"5.7.0","_npmUser":{"name":"steelbrain","email":"de.steelbrain@gmail.com"},"dist":{"shasum":"7e3b23b018ccdabecb0b809052bd70bd533a290b","tarball":"https://registry.npmjs.org/consistent-env/-/consistent-env-1.1.0.tgz"},"maintainers":[{"name":"steelbrain","email":"de.steelbrain@gmail.com"}],"_npmOperationalInternal":{"host":"packages-5-east.internal.npmjs.com","tmp":"tmp/consistent-env-1.1.0.tgz_1456599614829_0.8961984170600772"},"directories":{}},"1.1.1":{"name":"consistent-env","version":"1.1.1","description":"A reliable way to get env","main":"lib/index.js","scripts":{"test":"apm test","compile":"ucompiler go"},"repository":{"type":"git","url":"git+https://github.com/steelbrain/consistent-env.git"},"author":{"name":"steelbrain"},"license":"MIT","bugs":{"url":"https://github.com/steelbrain/consistent-env/issues"},"homepage":"https://github.com/steelbrain/consistent-env","keywords":["environment","env"],"devDependencies":{"ucompiler":"^3.1.7","ucompiler-plugin-babel":"^3.1.1","babel-preset-steelbrain":"^1.0.1"},"gitHead":"c6a885f36299a27aca3d7d4fd59ef8d9e3dcad0e","_id":"consistent-env@1.1.1","_shasum":"6487797a230f92fc43a87271d8938da051069b66","_from":".","_npmVersion":"3.6.0","_nodeVersion":"5.7.1","_npmUser":{"name":"steelbrain","email":"de.steelbrain@gmail.com"},"dist":{"shasum":"6487797a230f92fc43a87271d8938da051069b66","tarball":"https://registry.npmjs.org/consistent-env/-/consistent-env-1.1.1.tgz"},"maintainers":[{"name":"steelbrain","email":"de.steelbrain@gmail.com"}],"_npmOperationalInternal":{"host":"packages-12-west.internal.npmjs.com","tmp":"tmp/consistent-env-1.1.1.tgz_1456965909885_0.399609278421849"},"directories":{}},"1.1.2":{"name":"consistent-env","version":"1.1.2","description":"A reliable way to get env","main":"lib/index.js","scripts":{"test":"apm test","compile":"ucompiler go"},"repository":{"type":"git","url":"git+https://github.com/steelbrain/consistent-env.git"},"author":{"name":"steelbrain"},"license":"MIT","bugs":{"url":"https://github.com/steelbrain/consistent-env/issues"},"homepage":"https://github.com/steelbrain/consistent-env","keywords":["environment","env"],"devDependencies":{"ucompiler":"^3.1.7","ucompiler-plugin-babel":"^3.1.1","babel-preset-steelbrain":"^1.0.1"},"gitHead":"0c043b8eb77f79a2ea18dabfd737e21b45baf7d8","_id":"consistent-env@1.1.2","_shasum":"1129b00e924776fced48826955b220584564150e","_from":".","_npmVersion":"3.6.0","_nodeVersion":"5.7.1","_npmUser":{"name":"steelbrain","email":"de.steelbrain@gmail.com"},"dist":{"shasum":"1129b00e924776fced48826955b220584564150e","tarball":"https://registry.npmjs.org/consistent-env/-/consistent-env-1.1.2.tgz"},"maintainers":[{"name":"steelbrain","email":"de.steelbrain@gmail.com"}],"_npmOperationalInternal":{"host":"packages-13-west.internal.npmjs.com","tmp":"tmp/consistent-env-1.1.2.tgz_1457222426955_0.6990285718347877"},"directories":{}},"1.2.0":{"name":"consistent-env","version":"1.2.0","description":"A reliable way to get env","main":"lib/index.js","scripts":{"test":"apm test","compile":"ucompiler go"},"repository":{"type":"git","url":"git+https://github.com/steelbrain/consistent-env.git"},"author":{"name":"steelbrain"},"license":"MIT","bugs":{"url":"https://github.com/steelbrain/consistent-env/issues"},"homepage":"https://github.com/steelbrain/consistent-env","keywords":["environment","env"],"devDependencies":{"ucompiler":"^3.1.7","ucompiler-plugin-babel":"^3.1.1","babel-preset-steelbrain":"^2.0.0"},"gitHead":"a2b543c2af37f5b9fa1315dd11af01fac85a276f","_id":"consistent-env@1.2.0","_shasum":"b3cfca0d1c16ca73938d29e907bda9cfbb092591","_from":".","_npmVersion":"3.8.6","_nodeVersion":"6.1.0","_npmUser":{"name":"steelbrain","email":"de.steelbrain@gmail.com"},"dist":{"shasum":"b3cfca0d1c16ca73938d29e907bda9cfbb092591","tarball":"https://registry.npmjs.org/consistent-env/-/consistent-env-1.2.0.tgz"},"maintainers":[{"name":"steelbrain","email":"de.steelbrain@gmail.com"}],"_npmOperationalInternal":{"host":"packages-12-west.internal.npmjs.com","tmp":"tmp/consistent-env-1.2.0.tgz_1465323814865_0.34397382172755897"},"directories":{}},"1.3.0":{"name":"consistent-env","version":"1.3.0","description":"A reliable way to get env","main":"lib/index.js","scripts":{"test":"(apm test) && (flow check) && (eslint . )","clean":"rm -rf lib","compile":"npm run clean && babel src --out-dir lib","watch":"npm run clean && babel src --out-dir lib --watch"},"repository":{"type":"git","url":"git+https://github.com/steelbrain/consistent-env.git"},"author":{"name":"steelbrain"},"license":"MIT","bugs":{"url":"https://github.com/steelbrain/consistent-env/issues"},"homepage":"https://github.com/steelbrain/consistent-env","keywords":["environment","env"],"devDependencies":{"babel-cli":"^6.11.4","babel-preset-steelbrain":"^4.0.2","eslint-config-steelbrain":"^1.0.4","flow-bin":"^0.30.0","jasmine-fix":"^1.0.1"},"dependencies":{"lodash.uniq":"^4.5.0"},"gitHead":"2c26e020bce65bd5d495557fa6699b7c777146c1","_id":"consistent-env@1.3.0","_shasum":"8737304b1803a18a998c6075c7a09071a1ca926f","_from":".","_npmVersion":"3.10.3","_nodeVersion":"6.3.1","_npmUser":{"name":"steelbrain","email":"i@steelbrain.me"},"dist":{"shasum":"8737304b1803a18a998c6075c7a09071a1ca926f","tarball":"https://registry.npmjs.org/consistent-env/-/consistent-env-1.3.0.tgz"},"maintainers":[{"name":"steelbrain","email":"de.steelbrain@gmail.com"}],"_npmOperationalInternal":{"host":"packages-16-east.internal.npmjs.com","tmp":"tmp/consistent-env-1.3.0.tgz_1472331917374_0.41269060457125306"},"directories":{}}},"readme":"# Consistent-Env\n\n`consistent-env` is an npm module that gives you the correct ENV, consistently. It's especially useful for OSX GUI apps, because due to an OS limitation they are not given proper env variables. This package also caches the result which results in a performance boost when a lot of packages are relying on it, it also doesn't modify the globals so using it in dependencies is safe.\n\n## Installation\n\n```\nnpm install --save consistent-env\n```\n\n## API\n\n```\nmodule.exports = function(): Object<string, string>\nmodule.exports.async = function(): Promise<Object<string, string>>\n```\n\n## FAQ\n\n#### Unable to determine environment\n\nIf you are on OSX and using the System Default ZSH, It has a bug that causes it to live forever, thus triggering timeout\nfor `consistent-env`, to fix it you should install `zsh` using homebrew, we recommend [Rick's Guide](http://rick.cogley.info/post/use-homebrew-zsh-instead-of-the-osx-default/).\n\n## License\n\nThis project is licensed under the terms of MIT License, see the LICENSE file for more info\n","maintainers":[{"name":"steelbrain","email":"de.steelbrain@gmail.com"}],"time":{"modified":"2016-08-27T21:05:18.421Z","created":"2016-02-20T17:33:47.447Z","1.0.0":"2016-02-20T17:33:47.447Z","1.0.1":"2016-02-22T23:21:55.316Z","1.1.0":"2016-02-27T19:00:16.191Z","1.1.1":"2016-03-03T00:45:12.463Z","1.1.2":"2016-03-06T00:00:30.426Z","1.2.0":"2016-06-07T18:23:37.199Z","1.3.0":"2016-08-27T21:05:18.421Z"},"homepage":"https://github.com/steelbrain/consistent-env","keywords":["environment","env"],"repository":{"type":"git","url":"git+https://github.com/steelbrain/consistent-env.git"},"author":{"name":"steelbrain"},"bugs":{"url":"https://github.com/steelbrain/consistent-env/issues"},"license":"MIT","readmeFilename":"README.md","_attachments":{},"_etag":"\"340P7EX5OXJY0PYREHPBGXUXS\""}