{"_id":"jscs-preset-wikimedia","_rev":"2-1d24c64a4c0f8586c3e616fd39359771","name":"jscs-preset-wikimedia","description":"JSCS preset for Wikimedia coding style.","dist-tags":{"latest":"1.0.0"},"versions":{"1.0.0":{"name":"jscs-preset-wikimedia","version":"1.0.0","description":"JSCS preset for Wikimedia coding style.","keywords":["jscs-preset"],"homepage":"https://www.mediawiki.org/wiki/Manual:Coding_conventions/JavaScript","repository":{"type":"git","url":"git+https://github.com/wikimedia/jscs-preset-wikimedia.git"},"bugs":{"url":"https://phabricator.wikimedia.org/maniphest/task/create/?projects=javascript"},"contributors":[{"name":"Timo Tijhof","email":"krinklemail@gmail.com"},{"name":"James D. Forrester","email":"jforrester@wikimedia.org"}],"license":"MIT","main":"./presets/wikimedia.json","scripts":{"test":"mocha"},"devDependencies":{"jscs":"2.4.0","mocha":"2.3.3"},"gitHead":"b178e776c89fd0f062746b40a9af73397de6bbf4","_id":"jscs-preset-wikimedia@1.0.0","_shasum":"fff563342038fc2e8826b7bb7309c3ae3406fc7e","_from":".","_npmVersion":"2.14.7","_nodeVersion":"4.2.1","_npmUser":{"name":"krinkle","email":"krinklemail@gmail.com"},"maintainers":[{"name":"krinkle","email":"krinklemail@gmail.com"}],"dist":{"shasum":"fff563342038fc2e8826b7bb7309c3ae3406fc7e","tarball":"https://registry.npmjs.org/jscs-preset-wikimedia/-/jscs-preset-wikimedia-1.0.0.tgz"},"directories":{}}},"readme":"[![Build Status](https://travis-ci.org/wikimedia/jscs-preset-wikimedia.svg)](https://travis-ci.org/wikimedia/jscs-preset-wikimedia) [![npm](https://img.shields.io/npm/v/jscs-preset-wikimedia.svg?style=flat)](https://www.npmjs.com/package/jscs-preset-wikimedia)\n\n# JSCS preset for Wikimedia\n\n## Usage\n\n<pre>\nnpm install --save-dev jscs-preset-wikimedia\n</pre>\n\nConfigure JSCS with a `.jscsrc` file using the following contents:\n<pre lang=\"json\">\n{\n\t\"preset\": \"wikimedia\"\n}\n</pre>\n\n## Proposing changes\n\nOver time, JSCS implements new rules, alter existing ones, and retire old ones. Changes to the Wikimedia preset should be made as pull requests to this repo, with issues raised [on Phabricator](https://phabricator.wikimedia.org/maniphest/task/create/?projects=javascript).\n\nMajor changes should be discussed [on mediawiki.org](https://www.mediawiki.org/wiki/Manual talk:Coding_conventions/JavaScript) or on the [Wikitech mailing list](https://lists.wikimedia.org/mailman/listinfo/wikitech-l) beforehand.\n\n## Licence\n\nMIT. See [LICENSE](LICENSE).\n","maintainers":[{"name":"jdforrester","email":"jforrester@wikimedia.org"},{"name":"krinkle","email":"krinklemail@gmail.com"}],"time":{"modified":"2015-10-28T07:50:28.789Z","created":"2015-10-28T07:46:05.664Z","1.0.0":"2015-10-28T07:46:05.664Z"},"homepage":"https://www.mediawiki.org/wiki/Manual:Coding_conventions/JavaScript","keywords":["jscs-preset"],"repository":{"type":"git","url":"git+https://github.com/wikimedia/jscs-preset-wikimedia.git"},"contributors":[{"name":"Timo Tijhof","email":"krinklemail@gmail.com"},{"name":"James D. Forrester","email":"jforrester@wikimedia.org"}],"bugs":{"url":"https://phabricator.wikimedia.org/maniphest/task/create/?projects=javascript"},"license":"MIT","readmeFilename":"README.md","_attachments":{},"_etag":"\"1OKKHKRVD9JB5XHNFEEAI9QSR\"","_cached":true}