{"_id":"character-reference-invalid","_rev":"2-c07e41f55236e9ff7bf4ec3a6601ea6c","name":"character-reference-invalid","description":"HTML invalid numeric character reference information","dist-tags":{"latest":"1.0.1"},"versions":{"1.0.0":{"name":"character-reference-invalid","version":"1.0.0","description":"HTML invalid numeric character reference information","license":"MIT","keywords":["html","entity","numeric","character","reference","replacement","invalid","name"],"files":["index.js","index.json"],"repository":{"type":"git","url":"git+https://github.com/wooorm/character-reference-invalid.git"},"author":{"name":"Titus Wormer","email":"tituswormer@gmail.com"},"devDependencies":{"bail":"^1.0.0","browserify":"^11.0.0","eslint":"^1.0.0","esmangle":"^1.0.0","istanbul":"^0.3.0","jscs":"^2.0.0","jscs-jsdoc":"^1.0.0","jsdom":"^6.5.1","mdast":"^2.0.0","mdast-comment-config":"^1.0.0","mdast-github":"^1.0.0","mdast-lint":"^1.0.0","mdast-slug":"^2.0.0","mdast-validate-links":"^1.1.1","mdast-yaml-config":"^1.0.0","tape":"^4.2.0"},"scripts":{"build-md":"mdast . --quiet --frail","build-generate":"node script/generate.js","build-bundle":"browserify index.js --bare -s characterReferenceInvalid > character-reference-invalid.js","build-mangle":"esmangle character-reference-invalid.js > character-reference-invalid.min.js","build":"npm run build-md && npm run build-bundle && npm run build-mangle","lint-api":"eslint .","lint-style":"jscs --reporter inline .","lint":"npm run lint-api && npm run lint-style","test-api":"node test.js","test-coverage":"istanbul cover test.js","test":"npm run build && npm run lint && npm run test-coverage"},"gitHead":"c326fe60a4784a5281ff738007e1417dc62671d7","bugs":{"url":"https://github.com/wooorm/character-reference-invalid/issues"},"homepage":"https://github.com/wooorm/character-reference-invalid#readme","_id":"character-reference-invalid@1.0.0","_shasum":"86345377de252a65553585a1ed3196550884bcb8","_from":".","_npmVersion":"2.14.2","_nodeVersion":"4.0.0","_npmUser":{"name":"wooorm","email":"tituswormer@gmail.com"},"dist":{"shasum":"86345377de252a65553585a1ed3196550884bcb8","tarball":"https://registry.npmjs.org/character-reference-invalid/-/character-reference-invalid-1.0.0.tgz"},"maintainers":[{"name":"wooorm","email":"tituswormer@gmail.com"}],"directories":{}},"1.0.1":{"name":"character-reference-invalid","version":"1.0.1","description":"HTML invalid numeric character reference information","license":"MIT","keywords":["html","entity","numeric","character","reference","replacement","invalid","name"],"files":["index.js","index.json"],"repository":{"type":"git","url":"git+https://github.com/wooorm/character-reference-invalid.git"},"bugs":{"url":"https://github.com/wooorm/character-reference-invalid/issues"},"author":{"name":"Titus Wormer","email":"tituswormer@gmail.com","url":"http://wooorm.com"},"contributors":[{"name":"Titus Wormer","email":"tituswormer@gmail.com","url":"http://wooorm.com"}],"dependencies":{},"devDependencies":{"bail":"^1.0.1","browserify":"^13.0.1","esmangle":"^1.0.1","jsdom":"^9.4.1","nyc":"^7.0.0","remark-cli":"^1.0.0","remark-comment-config":"^4.0.0","remark-github":"^5.0.0","remark-lint":"^4.0.0","remark-validate-links":"^4.0.0","tape":"^4.0.0","xo":"^0.16.0"},"scripts":{"build-md":"remark . --quiet --frail","build-generate":"node script/generate.js","build-bundle":"browserify index.js --bare -s characterEntitiesHTML4 > character-reference-invalid.js","build-mangle":"esmangle character-reference-invalid.js > character-reference-invalid.min.js","build":"npm run build-md && npm run build-bundle && npm run build-mangle","lint":"xo","test-api":"node test","test-coverage":"nyc --reporter lcov tape test.js","test":"npm run build && npm run lint && npm run test-coverage"},"xo":{"space":true,"rules":{"guard-for-in":"off"},"ignores":["character-reference-invalid.js","character-reference-invalid.min.js"]},"remarkConfig":{"output":true,"plugins":["comment-config","github","lint","validate-links"],"settings":{"bullet":"*"}},"gitHead":"9738e34e60ffde166f504cc3083933f27d406ef2","homepage":"https://github.com/wooorm/character-reference-invalid#readme","_id":"character-reference-invalid@1.0.1","_shasum":"cc413afbedb03554c2321fbff9356ec937505eaf","_from":".","_npmVersion":"3.3.6","_nodeVersion":"5.0.0","_npmUser":{"name":"wooorm","email":"tituswormer@gmail.com"},"dist":{"shasum":"cc413afbedb03554c2321fbff9356ec937505eaf","tarball":"https://registry.npmjs.org/character-reference-invalid/-/character-reference-invalid-1.0.1.tgz"},"maintainers":[{"name":"wooorm","email":"tituswormer@gmail.com"}],"_npmOperationalInternal":{"host":"packages-16-east.internal.npmjs.com","tmp":"tmp/character-reference-invalid-1.0.1.tgz_1469352223529_0.347870790399611"},"directories":{}}},"readme":"# character-reference-invalid [![Build Status][travis-badge]][travis] [![Coverage Status][codecov-badge]][codecov]\n\nHTML invalid numeric character reference information.\n\n## Installation\n\n[npm][npm-install]:\n\n```bash\nnpm install character-reference-invalid\n```\n\n## Usage\n\n```js\nconsole.log(characterReferenceInvalid[0x80]); // €\nconsole.log(characterReferenceInvalid[0x89]); // ‰\nconsole.log(characterReferenceInvalid[0x99]); // ™\n```\n\n## API\n\n### `characterReferenceInvalid`\n\nMapping between invalid numeric character reference to replacements.\n\n## Support\n\nSee [html.spec.whatwg.org][html].\n\n## License\n\n[MIT][license] © [Titus Wormer][author]\n\n<!-- Definitions -->\n\n[travis-badge]: https://img.shields.io/travis/wooorm/character-reference-invalid.svg\n\n[travis]: https://travis-ci.org/wooorm/character-reference-invalid\n\n[codecov-badge]: https://img.shields.io/codecov/c/github/wooorm/character-reference-invalid.svg\n\n[codecov]: https://codecov.io/github/wooorm/character-reference-invalid\n\n[npm-install]: https://docs.npmjs.com/cli/install\n\n[license]: LICENSE\n\n[author]: http://wooorm.com\n\n[html]: https://html.spec.whatwg.org/multipage/syntax.html#table-charref-overrides\n","maintainers":[{"name":"wooorm","email":"tituswormer@gmail.com"}],"time":{"modified":"2016-07-24T09:23:45.682Z","created":"2015-09-27T17:46:37.533Z","1.0.0":"2015-09-27T17:46:37.533Z","1.0.1":"2016-07-24T09:23:45.682Z"},"homepage":"https://github.com/wooorm/character-reference-invalid#readme","keywords":["html","entity","numeric","character","reference","replacement","invalid","name"],"repository":{"type":"git","url":"git+https://github.com/wooorm/character-reference-invalid.git"},"author":{"name":"Titus Wormer","email":"tituswormer@gmail.com","url":"http://wooorm.com"},"bugs":{"url":"https://github.com/wooorm/character-reference-invalid/issues"},"license":"MIT","readmeFilename":"readme.md","contributors":[{"name":"Titus Wormer","email":"tituswormer@gmail.com","url":"http://wooorm.com"}],"_attachments":{},"_etag":"\"D55LV408JPKI26G88O68WRBL3\"","_cached":true}