{"_id":"has","_rev":"13-a82d4b9167d55cc71aa6e19734c74cca","name":"has","description":"Object.prototype.hasOwnProperty.call shortcut","dist-tags":{"latest":"1.0.1"},"versions":{"0.0.1":{"name":"has","description":"Object.prototype.hasOwnProperty.call shortcut","version":"0.0.1","homepage":"https://github.com/tarruda/has","author":{"name":"Thiago de Arruda","email":"tpadilha84@gmail.com"},"repository":{"type":"git","url":"git://github.com/tarruda/has.git"},"bugs":{"url":"https://github.com/tarruda/has/issues"},"licenses":[{"type":"MIT","url":"https://github.com/tarruda/has/blob/master/LICENSE-MIT"}],"main":"./src/index","devDependencies":{"chai":"~1.7.2","grunt":"~0.4.1","grunt-contrib-watch":"~0.5.3","grunt-mocha-debug":"~0.0.6","grunt-exec-jshint":"~0.0.0","grunt-release":"~0.5.1","grunt-newer":"~0.5.4"},"engines":{"node":">= 0.8.0"},"_id":"has@0.0.1","dist":{"shasum":"66639c14eaf559f139da2be0e438910ef3fd5b1b","tarball":"https://registry.npmjs.org/has/-/has-0.0.1.tgz"},"_from":".","_npmVersion":"1.3.8","_npmUser":{"name":"tarruda","email":"tpadilha84@gmail.com"},"maintainers":[{"name":"tarruda","email":"tpadilha84@gmail.com"}],"directories":{}},"1.0.0":{"name":"has","description":"Object.prototype.hasOwnProperty.call shortcut","version":"1.0.0","homepage":"https://github.com/tarruda/has","author":{"name":"Thiago de Arruda","email":"tpadilha84@gmail.com"},"repository":{"type":"git","url":"git://github.com/tarruda/has.git"},"bugs":{"url":"https://github.com/tarruda/has/issues"},"licenses":[{"type":"MIT","url":"https://github.com/tarruda/has/blob/master/LICENSE-MIT"}],"main":"./src/index","devDependencies":{"chai":"~1.7.2","mocha":"^1.21.4"},"engines":{"node":">= 0.8.0"},"scripts":{"test":"node_modules/mocha/bin/mocha"},"gitHead":"3113c5ff93ec8befffd9cf23c4dbab7a9d429c20","_id":"has@1.0.0","_shasum":"56c6582d23b40f3a5458f68ba79bc6c4bef203b3","_from":".","_npmVersion":"1.4.28","_npmUser":{"name":"tarruda","email":"tpadilha84@gmail.com"},"maintainers":[{"name":"tarruda","email":"tpadilha84@gmail.com"}],"dist":{"shasum":"56c6582d23b40f3a5458f68ba79bc6c4bef203b3","tarball":"https://registry.npmjs.org/has/-/has-1.0.0.tgz"},"directories":{}},"1.0.1":{"name":"has","description":"Object.prototype.hasOwnProperty.call shortcut","version":"1.0.1","homepage":"https://github.com/tarruda/has","author":{"name":"Thiago de Arruda","email":"tpadilha84@gmail.com"},"repository":{"type":"git","url":"git://github.com/tarruda/has.git"},"bugs":{"url":"https://github.com/tarruda/has/issues"},"licenses":[{"type":"MIT","url":"https://github.com/tarruda/has/blob/master/LICENSE-MIT"}],"main":"./src/index","dependencies":{"function-bind":"^1.0.2"},"devDependencies":{"chai":"~1.7.2","mocha":"^1.21.4"},"engines":{"node":">= 0.8.0"},"scripts":{"test":"node_modules/mocha/bin/mocha"},"gitHead":"535c5c8ed1dc255c9e223829e702548dd514d2a5","_id":"has@1.0.1","_shasum":"8461733f538b0837c9361e39a9ab9e9704dc2f28","_from":".","_npmVersion":"2.11.0","_nodeVersion":"2.2.1","_npmUser":{"name":"tarruda","email":"tpadilha84@gmail.com"},"dist":{"shasum":"8461733f538b0837c9361e39a9ab9e9704dc2f28","tarball":"https://registry.npmjs.org/has/-/has-1.0.1.tgz"},"maintainers":[{"name":"tarruda","email":"tpadilha84@gmail.com"}],"directories":{}}},"readme":"# has\n\n> Object.prototype.hasOwnProperty.call shortcut\n\n## Installation\n\n```sh\nnpm install --save has\n```\n\n## Usage\n\n```js\nvar has = require('has');\n\nhas({}, 'hasOwnProperty'); // false\nhas(Object.prototype, 'hasOwnProperty'); // true\n```\n","maintainers":[{"name":"tarruda","email":"tpadilha84@gmail.com"}],"time":{"modified":"2015-07-24T08:49:30.633Z","created":"2013-10-08T00:54:01.609Z","0.0.1":"2013-10-08T00:54:07.309Z","1.0.0":"2014-10-07T18:41:58.615Z","1.0.1":"2015-07-24T08:49:30.633Z"},"author":{"name":"Thiago de Arruda","email":"tpadilha84@gmail.com"},"repository":{"type":"git","url":"git://github.com/tarruda/has.git"},"users":{"substack":true,"getify":true,"bradleymeck":true,"akiva":true,"rsp":true,"nickeltobias":true,"tobiasnickel":true},"homepage":"https://github.com/tarruda/has","bugs":{"url":"https://github.com/tarruda/has/issues"},"readmeFilename":"README.mkd","_attachments":{},"_etag":"\"8GDX56BDIEY5NIWZDRJ5C1FLH\"","_cached":true}