{"_id":"htmljs-parser","_rev":"33-f43a8075eb30413f30363caae2bc4451","name":"htmljs-parser","description":"An HTML parser recognizes content and string placeholders and allows JavaScript expressions as attribute values","dist-tags":{"latest":"1.6.0"},"versions":{"1.0.0":{"name":"htmljs-parser","description":"An HTML parser recognizes content and string placeholders and allows JavaScript expressions as attribute values","keywords":["HTML","parser","JavaScript","expressions","browser","server","nodejs","template","compiler"],"main":"index.js","scripts":{"test":"mocha --ui bdd --reporter spec ./test"},"repository":{"type":"git","url":"https://github.com/philidem/htmljs-parser.git"},"author":{"name":"Phillip Gates-Idem","email":"phillip.idem@gmail.com"},"maintainers":[{"name":"philidem","email":"phillip.idem@gmail.com"}],"dependencies":{},"devDependencies":{"chai":"^3.2.0","colors":"^1.1.2","jshint":"^2.8.0","mocha":"^2.3.0"},"license":"MIT","publishConfig":{"registry":"https://registry.npmjs.org/"},"version":"1.0.0","gitHead":"47094726c2f331469538e6bb298f13f88abc7313","bugs":{"url":"https://github.com/philidem/htmljs-parser/issues"},"homepage":"https://github.com/philidem/htmljs-parser","_id":"htmljs-parser@1.0.0","_shasum":"5381bed53c3201080277e28a85547a9f2126f6c1","_from":".","_npmVersion":"1.4.28","_npmUser":{"name":"philidem","email":"phillip.idem@gmail.com"},"dist":{"shasum":"5381bed53c3201080277e28a85547a9f2126f6c1","tarball":"https://registry.npmjs.org/htmljs-parser/-/htmljs-parser-1.0.0.tgz"},"directories":{}},"1.0.1":{"name":"htmljs-parser","description":"An HTML parser recognizes content and string placeholders and allows JavaScript expressions as attribute values","keywords":["HTML","parser","JavaScript","expressions","browser","server","nodejs","template","compiler"],"main":"index.js","scripts":{"test":"mocha --ui bdd --reporter spec ./test"},"repository":{"type":"git","url":"git+https://github.com/philidem/htmljs-parser.git"},"author":{"name":"Phillip Gates-Idem","email":"phillip.idem@gmail.com"},"maintainers":[{"name":"philidem","email":"phillip.idem@gmail.com"}],"dependencies":{},"devDependencies":{"chai":"^3.2.0","colors":"^1.1.2","jshint":"^2.8.0","mocha":"^2.3.0"},"license":"MIT","publishConfig":{"registry":"https://registry.npmjs.org/"},"version":"1.0.1","gitHead":"15aae176e5db6323e9f468f32fe3280d094881f5","bugs":{"url":"https://github.com/philidem/htmljs-parser/issues"},"homepage":"https://github.com/philidem/htmljs-parser#readme","_id":"htmljs-parser@1.0.1","_shasum":"bceb2edd6e02a4af2c43baa17599ef471fb4014c","_from":".","_npmVersion":"2.14.7","_nodeVersion":"4.2.1","_npmUser":{"name":"philidem","email":"phillip.idem@gmail.com"},"dist":{"shasum":"bceb2edd6e02a4af2c43baa17599ef471fb4014c","tarball":"https://registry.npmjs.org/htmljs-parser/-/htmljs-parser-1.0.1.tgz"},"directories":{}},"1.0.2":{"name":"htmljs-parser","description":"An HTML parser recognizes content and string placeholders and allows JavaScript expressions as attribute values","keywords":["HTML","parser","JavaScript","expressions","browser","server","nodejs","template","compiler"],"main":"index.js","scripts":{"test":"mocha --ui bdd --reporter spec ./test"},"repository":{"type":"git","url":"git+https://github.com/philidem/htmljs-parser.git"},"author":{"name":"Phillip Gates-Idem","email":"phillip.idem@gmail.com"},"maintainers":[{"name":"philidem","email":"phillip.idem@gmail.com"}],"dependencies":{},"devDependencies":{"chai":"^3.2.0","colors":"^1.1.2","jshint":"^2.8.0","mocha":"^2.3.0"},"license":"MIT","publishConfig":{"registry":"https://registry.npmjs.org/"},"version":"1.0.2","gitHead":"884323b93efe1d0e015ddee1030f42b83d20c4c8","bugs":{"url":"https://github.com/philidem/htmljs-parser/issues"},"homepage":"https://github.com/philidem/htmljs-parser#readme","_id":"htmljs-parser@1.0.2","_shasum":"27e926a41e8fba73b5c0eb2b2a1aaa194d04ec22","_from":".","_npmVersion":"2.14.7","_nodeVersion":"4.2.1","_npmUser":{"name":"philidem","email":"phillip.idem@gmail.com"},"dist":{"shasum":"27e926a41e8fba73b5c0eb2b2a1aaa194d04ec22","tarball":"https://registry.npmjs.org/htmljs-parser/-/htmljs-parser-1.0.2.tgz"},"directories":{}},"1.0.3":{"name":"htmljs-parser","description":"An HTML parser recognizes content and string placeholders and allows JavaScript expressions as attribute values","keywords":["HTML","parser","JavaScript","expressions","browser","server","nodejs","template","compiler"],"main":"index.js","scripts":{"test":"mocha --ui bdd --reporter spec ./test"},"repository":{"type":"git","url":"git+https://github.com/philidem/htmljs-parser.git"},"author":{"name":"Phillip Gates-Idem","email":"phillip.idem@gmail.com"},"maintainers":[{"name":"philidem","email":"phillip.idem@gmail.com"}],"dependencies":{},"devDependencies":{"chai":"^3.2.0","colors":"^1.1.2","jshint":"^2.8.0","mocha":"^2.3.0"},"license":"MIT","publishConfig":{"registry":"https://registry.npmjs.org/"},"version":"1.0.3","gitHead":"c1f8f8f18f3020df69123d152e1231292903970e","bugs":{"url":"https://github.com/philidem/htmljs-parser/issues"},"homepage":"https://github.com/philidem/htmljs-parser#readme","_id":"htmljs-parser@1.0.3","_shasum":"ea720bec0783e42712f039a16501e98d0d761977","_from":".","_npmVersion":"2.14.7","_nodeVersion":"4.2.1","_npmUser":{"name":"philidem","email":"phillip.idem@gmail.com"},"dist":{"shasum":"ea720bec0783e42712f039a16501e98d0d761977","tarball":"https://registry.npmjs.org/htmljs-parser/-/htmljs-parser-1.0.3.tgz"},"directories":{}},"1.0.4":{"name":"htmljs-parser","description":"An HTML parser recognizes content and string placeholders and allows JavaScript expressions as attribute values","keywords":["HTML","parser","JavaScript","expressions","browser","server","nodejs","template","compiler"],"main":"index.js","scripts":{"test":"mocha --ui bdd --reporter spec ./test"},"repository":{"type":"git","url":"git+https://github.com/philidem/htmljs-parser.git"},"author":{"name":"Phillip Gates-Idem","email":"phillip.idem@gmail.com"},"maintainers":[{"name":"philidem","email":"phillip.idem@gmail.com"}],"dependencies":{},"devDependencies":{"chai":"^3.2.0","colors":"^1.1.2","jshint":"^2.8.0","mocha":"^2.3.0"},"license":"MIT","publishConfig":{"registry":"https://registry.npmjs.org/"},"version":"1.0.4","gitHead":"9f06496d48e8cab0e91ad0045c6091589233f6c7","bugs":{"url":"https://github.com/philidem/htmljs-parser/issues"},"homepage":"https://github.com/philidem/htmljs-parser#readme","_id":"htmljs-parser@1.0.4","_shasum":"a0cb0f1a27c992fbedac0604ea9c95cfc1b9b14b","_from":".","_npmVersion":"2.14.9","_nodeVersion":"4.2.1","_npmUser":{"name":"philidem","email":"phillip.idem@gmail.com"},"dist":{"shasum":"a0cb0f1a27c992fbedac0604ea9c95cfc1b9b14b","tarball":"https://registry.npmjs.org/htmljs-parser/-/htmljs-parser-1.0.4.tgz"},"directories":{}},"1.0.5":{"name":"htmljs-parser","description":"An HTML parser recognizes content and string placeholders and allows JavaScript expressions as attribute values","keywords":["HTML","parser","JavaScript","expressions","browser","server","nodejs","template","compiler"],"main":"index.js","scripts":{"test":"mocha --ui bdd --reporter spec ./test"},"repository":{"type":"git","url":"git+https://github.com/philidem/htmljs-parser.git"},"author":{"name":"Phillip Gates-Idem","email":"phillip.idem@gmail.com"},"maintainers":[{"name":"philidem","email":"phillip.idem@gmail.com"}],"dependencies":{},"devDependencies":{"chai":"^3.2.0","colors":"^1.1.2","jshint":"^2.8.0","mocha":"^2.3.0"},"license":"MIT","publishConfig":{"registry":"https://registry.npmjs.org/"},"version":"1.0.5","gitHead":"2a35397b3a950f67478c0bef85ace12f67c0627d","bugs":{"url":"https://github.com/philidem/htmljs-parser/issues"},"homepage":"https://github.com/philidem/htmljs-parser#readme","_id":"htmljs-parser@1.0.5","_shasum":"75e5678d88173a8d1189e022e32375f6c59e4749","_from":".","_npmVersion":"2.14.9","_nodeVersion":"4.2.1","_npmUser":{"name":"philidem","email":"phillip.idem@gmail.com"},"dist":{"shasum":"75e5678d88173a8d1189e022e32375f6c59e4749","tarball":"https://registry.npmjs.org/htmljs-parser/-/htmljs-parser-1.0.5.tgz"},"directories":{}},"1.0.6":{"name":"htmljs-parser","description":"An HTML parser recognizes content and string placeholders and allows JavaScript expressions as attribute values","keywords":["HTML","parser","JavaScript","expressions","browser","server","nodejs","template","compiler"],"main":"index.js","scripts":{"test":"mocha --ui bdd --reporter spec ./test"},"repository":{"type":"git","url":"https://github.com/philidem/htmljs-parser.git"},"author":{"name":"Phillip Gates-Idem","email":"phillip.idem@gmail.com"},"maintainers":[{"name":"philidem","email":"phillip.idem@gmail.com"},{"name":"pnidem","email":"pnidem@gmail.com"}],"dependencies":{},"devDependencies":{"chai":"^3.2.0","colors":"^1.1.2","jshint":"^2.8.0","mocha":"^2.3.0"},"license":"MIT","publishConfig":{"registry":"https://registry.npmjs.org/"},"version":"1.0.6","gitHead":"1fce00cc36b149a3031e5f0f8a432f27d175ed54","bugs":{"url":"https://github.com/philidem/htmljs-parser/issues"},"homepage":"https://github.com/philidem/htmljs-parser","_id":"htmljs-parser@1.0.6","_shasum":"62ae1ba8f3c61f888191b377a6b3facab499e491","_from":".","_npmVersion":"1.4.28","_npmUser":{"name":"pnidem","email":"pnidem@gmail.com"},"dist":{"shasum":"62ae1ba8f3c61f888191b377a6b3facab499e491","tarball":"https://registry.npmjs.org/htmljs-parser/-/htmljs-parser-1.0.6.tgz"},"directories":{}},"1.0.7":{"name":"htmljs-parser","description":"An HTML parser recognizes content and string placeholders and allows JavaScript expressions as attribute values","keywords":["HTML","parser","JavaScript","expressions","browser","server","nodejs","template","compiler"],"main":"index.js","scripts":{"test":"mocha --ui bdd --reporter spec ./test"},"repository":{"type":"git","url":"https://github.com/philidem/htmljs-parser.git"},"author":{"name":"Phillip Gates-Idem","email":"phillip.idem@gmail.com"},"maintainers":[{"name":"philidem","email":"phillip.idem@gmail.com"},{"name":"pnidem","email":"pnidem@gmail.com"}],"dependencies":{},"devDependencies":{"chai":"^3.2.0","colors":"^1.1.2","jshint":"^2.8.0","mocha":"^2.3.0"},"license":"MIT","publishConfig":{"registry":"https://registry.npmjs.org/"},"version":"1.0.7","gitHead":"705d66a9606a4f0bd5ed3f4fc0aa1e569b62b5bc","bugs":{"url":"https://github.com/philidem/htmljs-parser/issues"},"homepage":"https://github.com/philidem/htmljs-parser","_id":"htmljs-parser@1.0.7","_shasum":"a9a597090b1ecb6c792bd586353cdd5012cfce23","_from":".","_npmVersion":"1.4.28","_npmUser":{"name":"pnidem","email":"pnidem@gmail.com"},"dist":{"shasum":"a9a597090b1ecb6c792bd586353cdd5012cfce23","tarball":"https://registry.npmjs.org/htmljs-parser/-/htmljs-parser-1.0.7.tgz"},"directories":{}},"1.0.8":{"name":"htmljs-parser","description":"An HTML parser recognizes content and string placeholders and allows JavaScript expressions as attribute values","keywords":["HTML","parser","JavaScript","expressions","browser","server","nodejs","template","compiler"],"main":"index.js","scripts":{"test":"mocha --ui bdd --reporter spec ./test"},"repository":{"type":"git","url":"https://github.com/philidem/htmljs-parser.git"},"author":{"name":"Phillip Gates-Idem","email":"phillip.idem@gmail.com"},"maintainers":[{"name":"philidem","email":"phillip.idem@gmail.com"},{"name":"pnidem","email":"pnidem@gmail.com"}],"dependencies":{},"devDependencies":{"chai":"^3.2.0","colors":"^1.1.2","jshint":"^2.8.0","mocha":"^2.3.0"},"license":"MIT","publishConfig":{"registry":"https://registry.npmjs.org/"},"version":"1.0.8","gitHead":"a8397d7cfcaeda2849215ec5625c2b287a498cfb","bugs":{"url":"https://github.com/philidem/htmljs-parser/issues"},"homepage":"https://github.com/philidem/htmljs-parser","_id":"htmljs-parser@1.0.8","_shasum":"4d36aa2b7724333dc358581e127286a8e487ab94","_from":".","_npmVersion":"1.4.28","_npmUser":{"name":"pnidem","email":"pnidem@gmail.com"},"dist":{"shasum":"4d36aa2b7724333dc358581e127286a8e487ab94","tarball":"https://registry.npmjs.org/htmljs-parser/-/htmljs-parser-1.0.8.tgz"},"directories":{}},"1.1.0":{"name":"htmljs-parser","description":"An HTML parser recognizes content and string placeholders and allows JavaScript expressions as attribute values","keywords":["HTML","parser","JavaScript","expressions","browser","server","nodejs","template","compiler"],"main":"index.js","scripts":{"test":"mocha --ui bdd --reporter spec ./test"},"repository":{"type":"git","url":"https://github.com/philidem/htmljs-parser.git"},"author":{"name":"Phillip Gates-Idem","email":"phillip.idem@gmail.com"},"maintainers":[{"name":"philidem","email":"phillip.idem@gmail.com"},{"name":"pnidem","email":"pnidem@gmail.com"}],"dependencies":{},"devDependencies":{"chai":"^3.2.0","colors":"^1.1.2","jshint":"^2.8.0","mocha":"^2.3.0"},"license":"MIT","publishConfig":{"registry":"https://registry.npmjs.org/"},"version":"1.1.0","gitHead":"bd6006e232ee97880dff0486a16bcc90128a10aa","bugs":{"url":"https://github.com/philidem/htmljs-parser/issues"},"homepage":"https://github.com/philidem/htmljs-parser","_id":"htmljs-parser@1.1.0","_shasum":"743991025ae0aedf930915f4557a6e7f229dd3af","_from":".","_npmVersion":"1.4.28","_npmUser":{"name":"pnidem","email":"pnidem@gmail.com"},"dist":{"shasum":"743991025ae0aedf930915f4557a6e7f229dd3af","tarball":"https://registry.npmjs.org/htmljs-parser/-/htmljs-parser-1.1.0.tgz"},"directories":{}},"1.2.0":{"name":"htmljs-parser","description":"An HTML parser recognizes content and string placeholders and allows JavaScript expressions as attribute values","keywords":["HTML","parser","JavaScript","expressions","browser","server","nodejs","template","compiler"],"main":"index.js","scripts":{"test":"mocha --ui bdd --reporter spec ./test"},"repository":{"type":"git","url":"git+https://github.com/philidem/htmljs-parser.git"},"author":{"name":"Phillip Gates-Idem","email":"phillip.idem@gmail.com"},"maintainers":[{"name":"philidem","email":"phillip.idem@gmail.com"},{"name":"pnidem","email":"pnidem@gmail.com"}],"dependencies":{},"devDependencies":{"chai":"^3.2.0","colors":"^1.1.2","jshint":"^2.8.0","mocha":"^2.3.0"},"license":"MIT","publishConfig":{"registry":"https://registry.npmjs.org/"},"version":"1.2.0","gitHead":"0b57c94e86e6aad3bda5ba6dcf92b7ae9b8d57f7","bugs":{"url":"https://github.com/philidem/htmljs-parser/issues"},"homepage":"https://github.com/philidem/htmljs-parser#readme","_id":"htmljs-parser@1.2.0","_shasum":"d5f87b3f8c0b73aefa786ea28176ffd40c4a70c9","_from":".","_npmVersion":"3.5.1","_nodeVersion":"4.1.1","_npmUser":{"name":"pnidem","email":"pnidem@gmail.com"},"dist":{"shasum":"d5f87b3f8c0b73aefa786ea28176ffd40c4a70c9","tarball":"https://registry.npmjs.org/htmljs-parser/-/htmljs-parser-1.2.0.tgz"},"directories":{}},"1.2.1":{"name":"htmljs-parser","description":"An HTML parser recognizes content and string placeholders and allows JavaScript expressions as attribute values","keywords":["HTML","parser","JavaScript","expressions","browser","server","nodejs","template","compiler"],"main":"index.js","scripts":{"test":"mocha --ui bdd --reporter spec ./test"},"repository":{"type":"git","url":"https://github.com/philidem/htmljs-parser.git"},"author":{"name":"Phillip Gates-Idem","email":"phillip.idem@gmail.com"},"maintainers":[{"name":"philidem","email":"phillip.idem@gmail.com"},{"name":"pnidem","email":"pnidem@gmail.com"}],"dependencies":{},"devDependencies":{"chai":"^3.2.0","colors":"^1.1.2","jshint":"^2.8.0","mocha":"^2.3.0"},"license":"MIT","publishConfig":{"registry":"https://registry.npmjs.org/"},"version":"1.2.1","gitHead":"d63f45ff6fbc7266b38ee08eb0193d8937ae434e","bugs":{"url":"https://github.com/philidem/htmljs-parser/issues"},"homepage":"https://github.com/philidem/htmljs-parser","_id":"htmljs-parser@1.2.1","_shasum":"6fdddba1cd59aae8ae5933068600a5e0dd475f92","_from":".","_npmVersion":"1.4.28","_npmUser":{"name":"pnidem","email":"pnidem@gmail.com"},"dist":{"shasum":"6fdddba1cd59aae8ae5933068600a5e0dd475f92","tarball":"https://registry.npmjs.org/htmljs-parser/-/htmljs-parser-1.2.1.tgz"},"directories":{}},"1.3.0":{"name":"htmljs-parser","description":"An HTML parser recognizes content and string placeholders and allows JavaScript expressions as attribute values","keywords":["HTML","parser","JavaScript","expressions","browser","server","nodejs","template","compiler"],"main":"index.js","scripts":{"test":"mocha --ui bdd --reporter spec ./test"},"repository":{"type":"git","url":"git+https://github.com/philidem/htmljs-parser.git"},"author":{"name":"Phillip Gates-Idem","email":"phillip.idem@gmail.com"},"maintainers":[{"name":"philidem","email":"phillip.idem@gmail.com"},{"name":"pnidem","email":"pnidem@gmail.com"}],"dependencies":{},"devDependencies":{"chai":"^3.2.0","colors":"^1.1.2","jshint":"^2.8.0","mocha":"^2.3.0"},"license":"MIT","publishConfig":{"registry":"https://registry.npmjs.org/"},"version":"1.3.0","gitHead":"8bfb289cb20b8aa8fa54861518a40554d44e2f92","bugs":{"url":"https://github.com/philidem/htmljs-parser/issues"},"homepage":"https://github.com/philidem/htmljs-parser#readme","_id":"htmljs-parser@1.3.0","_shasum":"8334ae8c55fa55531984b899a89ccec892c89175","_from":".","_npmVersion":"3.5.1","_nodeVersion":"4.1.1","_npmUser":{"name":"pnidem","email":"pnidem@gmail.com"},"dist":{"shasum":"8334ae8c55fa55531984b899a89ccec892c89175","tarball":"https://registry.npmjs.org/htmljs-parser/-/htmljs-parser-1.3.0.tgz"},"_npmOperationalInternal":{"host":"packages-9-west.internal.npmjs.com","tmp":"tmp/htmljs-parser-1.3.0.tgz_1454369252244_0.7474925688002259"},"directories":{}},"1.4.0":{"name":"htmljs-parser","description":"An HTML parser recognizes content and string placeholders and allows JavaScript expressions as attribute values","keywords":["HTML","parser","JavaScript","expressions","browser","server","nodejs","template","compiler"],"main":"index.js","scripts":{"test":"npm run mocha && npm run jshint","mocha":"mocha --ui bdd --reporter spec ./test","jshint":"jshint *.js"},"repository":{"type":"git","url":"git+https://github.com/philidem/htmljs-parser.git"},"author":{"name":"Phillip Gates-Idem","email":"phillip.idem@gmail.com"},"maintainers":[{"name":"philidem","email":"phillip.idem@gmail.com"},{"name":"pnidem","email":"pnidem@gmail.com"}],"dependencies":{},"devDependencies":{"chai":"^3.2.0","colors":"^1.1.2","jshint":"^2.8.0","mocha":"^2.3.0"},"license":"MIT","publishConfig":{"registry":"https://registry.npmjs.org/"},"version":"1.4.0","gitHead":"ff7765a53d020407e1a440a78d67eed9cbe086f3","bugs":{"url":"https://github.com/philidem/htmljs-parser/issues"},"homepage":"https://github.com/philidem/htmljs-parser#readme","_id":"htmljs-parser@1.4.0","_shasum":"65f858ca3654ec1614a98b97b389ab20ab432904","_from":".","_npmVersion":"3.5.1","_nodeVersion":"4.1.1","_npmUser":{"name":"pnidem","email":"pnidem@gmail.com"},"dist":{"shasum":"65f858ca3654ec1614a98b97b389ab20ab432904","tarball":"https://registry.npmjs.org/htmljs-parser/-/htmljs-parser-1.4.0.tgz"},"_npmOperationalInternal":{"host":"packages-9-west.internal.npmjs.com","tmp":"tmp/htmljs-parser-1.4.0.tgz_1454538667677_0.4277401624713093"},"directories":{}},"1.4.1":{"name":"htmljs-parser","description":"An HTML parser recognizes content and string placeholders and allows JavaScript expressions as attribute values","keywords":["HTML","parser","JavaScript","expressions","browser","server","nodejs","template","compiler"],"main":"index.js","scripts":{"test":"npm run mocha && npm run jshint","mocha":"mocha --ui bdd --reporter spec ./test","jshint":"jshint *.js"},"repository":{"type":"git","url":"git+https://github.com/philidem/htmljs-parser.git"},"author":{"name":"Phillip Gates-Idem","email":"phillip.idem@gmail.com"},"maintainers":[{"name":"philidem","email":"phillip.idem@gmail.com"},{"name":"pnidem","email":"pnidem@gmail.com"}],"dependencies":{},"devDependencies":{"chai":"^3.2.0","colors":"^1.1.2","jshint":"^2.8.0","mocha":"^2.3.0"},"license":"MIT","publishConfig":{"registry":"https://registry.npmjs.org/"},"version":"1.4.1","gitHead":"f87a54001e8bb38ff58cf09d8d58c78d5f2e76f9","bugs":{"url":"https://github.com/philidem/htmljs-parser/issues"},"homepage":"https://github.com/philidem/htmljs-parser#readme","_id":"htmljs-parser@1.4.1","_shasum":"ee30626b950f24cc90374e59dd8949ff49df52b8","_from":".","_npmVersion":"3.5.1","_nodeVersion":"4.1.1","_npmUser":{"name":"pnidem","email":"pnidem@gmail.com"},"dist":{"shasum":"ee30626b950f24cc90374e59dd8949ff49df52b8","tarball":"https://registry.npmjs.org/htmljs-parser/-/htmljs-parser-1.4.1.tgz"},"_npmOperationalInternal":{"host":"packages-6-west.internal.npmjs.com","tmp":"tmp/htmljs-parser-1.4.1.tgz_1454540276258_0.23910261713899672"},"directories":{}},"1.4.2":{"name":"htmljs-parser","description":"An HTML parser recognizes content and string placeholders and allows JavaScript expressions as attribute values","keywords":["HTML","parser","JavaScript","expressions","browser","server","nodejs","template","compiler"],"main":"index.js","scripts":{"test":"npm run mocha && npm run jshint","mocha":"mocha --ui bdd --reporter spec ./test","jshint":"jshint *.js"},"repository":{"type":"git","url":"git+https://github.com/philidem/htmljs-parser.git"},"author":{"name":"Phillip Gates-Idem","email":"phillip.idem@gmail.com"},"maintainers":[{"name":"philidem","email":"phillip.idem@gmail.com"},{"name":"pnidem","email":"pnidem@gmail.com"}],"dependencies":{},"devDependencies":{"chai":"^3.2.0","colors":"^1.1.2","jshint":"^2.8.0","mocha":"^2.3.0"},"license":"MIT","publishConfig":{"registry":"https://registry.npmjs.org/"},"version":"1.4.2","gitHead":"79ba98e9a1c83bf6a13920ad14dc0d2fc74ccdab","bugs":{"url":"https://github.com/philidem/htmljs-parser/issues"},"homepage":"https://github.com/philidem/htmljs-parser#readme","_id":"htmljs-parser@1.4.2","_shasum":"be389d7c3d3ab9244b17601833e6a1b33c3863e9","_from":".","_npmVersion":"3.5.1","_nodeVersion":"4.1.1","_npmUser":{"name":"pnidem","email":"pnidem@gmail.com"},"dist":{"shasum":"be389d7c3d3ab9244b17601833e6a1b33c3863e9","tarball":"https://registry.npmjs.org/htmljs-parser/-/htmljs-parser-1.4.2.tgz"},"_npmOperationalInternal":{"host":"packages-5-east.internal.npmjs.com","tmp":"tmp/htmljs-parser-1.4.2.tgz_1454541030011_0.2867172791156918"},"directories":{}},"1.4.3":{"name":"htmljs-parser","description":"An HTML parser recognizes content and string placeholders and allows JavaScript expressions as attribute values","keywords":["HTML","parser","JavaScript","expressions","browser","server","nodejs","template","compiler"],"main":"index.js","scripts":{"test":"npm run mocha && npm run jshint","mocha":"mocha --ui bdd --reporter spec ./test","jshint":"jshint *.js"},"repository":{"type":"git","url":"git+https://github.com/philidem/htmljs-parser.git"},"author":{"name":"Phillip Gates-Idem","email":"phillip.idem@gmail.com"},"maintainers":[{"name":"philidem","email":"phillip.idem@gmail.com"},{"name":"pnidem","email":"pnidem@gmail.com"}],"dependencies":{},"devDependencies":{"chai":"^3.2.0","colors":"^1.1.2","jshint":"^2.8.0","mocha":"^2.3.0"},"license":"MIT","publishConfig":{"registry":"https://registry.npmjs.org/"},"version":"1.4.3","gitHead":"32f6b9ebf15abc31b91afbded194f0720b4e138e","bugs":{"url":"https://github.com/philidem/htmljs-parser/issues"},"homepage":"https://github.com/philidem/htmljs-parser#readme","_id":"htmljs-parser@1.4.3","_shasum":"2431b0ac6330ad74b6bb349e0db1a1d86d818544","_from":".","_npmVersion":"3.5.1","_nodeVersion":"4.1.1","_npmUser":{"name":"pnidem","email":"pnidem@gmail.com"},"dist":{"shasum":"2431b0ac6330ad74b6bb349e0db1a1d86d818544","tarball":"https://registry.npmjs.org/htmljs-parser/-/htmljs-parser-1.4.3.tgz"},"_npmOperationalInternal":{"host":"packages-6-west.internal.npmjs.com","tmp":"tmp/htmljs-parser-1.4.3.tgz_1454608707466_0.8869467612821609"},"directories":{}},"1.5.0":{"name":"htmljs-parser","description":"An HTML parser recognizes content and string placeholders and allows JavaScript expressions as attribute values","keywords":["HTML","parser","JavaScript","expressions","browser","server","nodejs","template","compiler"],"main":"index.js","scripts":{"test":"npm run mocha && npm run jshint","mocha":"mocha --ui bdd --reporter spec ./test","jshint":"jshint *.js"},"repository":{"type":"git","url":"git+https://github.com/philidem/htmljs-parser.git"},"author":{"name":"Phillip Gates-Idem","email":"phillip.idem@gmail.com"},"maintainers":[{"name":"philidem","email":"phillip.idem@gmail.com"},{"name":"pnidem","email":"pnidem@gmail.com"}],"dependencies":{},"devDependencies":{"chai":"^3.2.0","colors":"^1.1.2","jshint":"^2.8.0","mocha":"^2.3.0"},"license":"MIT","publishConfig":{"registry":"https://registry.npmjs.org/"},"version":"1.5.0","gitHead":"f8ad076a3fc1bee1ee3e39520a3494abd438eaae","bugs":{"url":"https://github.com/philidem/htmljs-parser/issues"},"homepage":"https://github.com/philidem/htmljs-parser#readme","_id":"htmljs-parser@1.5.0","_shasum":"54834efdbbadd9150a0b4e4935da61a8b00592da","_from":".","_npmVersion":"3.5.1","_nodeVersion":"4.1.1","_npmUser":{"name":"pnidem","email":"pnidem@gmail.com"},"dist":{"shasum":"54834efdbbadd9150a0b4e4935da61a8b00592da","tarball":"https://registry.npmjs.org/htmljs-parser/-/htmljs-parser-1.5.0.tgz"},"_npmOperationalInternal":{"host":"packages-6-west.internal.npmjs.com","tmp":"tmp/htmljs-parser-1.5.0.tgz_1455667760785_0.5455226709600538"},"directories":{}},"1.5.1":{"name":"htmljs-parser","description":"An HTML parser recognizes content and string placeholders and allows JavaScript expressions as attribute values","keywords":["HTML","parser","JavaScript","expressions","browser","server","nodejs","template","compiler"],"main":"index.js","scripts":{"test":"npm run mocha && npm run jshint","mocha":"mocha --ui bdd --reporter spec ./test","jshint":"jshint *.js"},"repository":{"type":"git","url":"git+https://github.com/philidem/htmljs-parser.git"},"author":{"name":"Phillip Gates-Idem","email":"phillip.idem@gmail.com"},"maintainers":[{"name":"philidem","email":"phillip.idem@gmail.com"},{"name":"pnidem","email":"pnidem@gmail.com"}],"dependencies":{},"devDependencies":{"chai":"^3.2.0","colors":"^1.1.2","jshint":"^2.8.0","mocha":"^2.3.0"},"license":"MIT","publishConfig":{"registry":"https://registry.npmjs.org/"},"version":"1.5.1","gitHead":"dadd1d0657b03ea33c220b2532047d74ca032a05","bugs":{"url":"https://github.com/philidem/htmljs-parser/issues"},"homepage":"https://github.com/philidem/htmljs-parser#readme","_id":"htmljs-parser@1.5.1","_shasum":"942333977cd161fd3bb7da19892195c42ff45e37","_from":".","_npmVersion":"3.5.1","_nodeVersion":"4.1.1","_npmUser":{"name":"pnidem","email":"pnidem@gmail.com"},"dist":{"shasum":"942333977cd161fd3bb7da19892195c42ff45e37","tarball":"https://registry.npmjs.org/htmljs-parser/-/htmljs-parser-1.5.1.tgz"},"_npmOperationalInternal":{"host":"packages-5-east.internal.npmjs.com","tmp":"tmp/htmljs-parser-1.5.1.tgz_1455678523182_0.46061314549297094"},"directories":{}},"1.5.2":{"name":"htmljs-parser","description":"An HTML parser recognizes content and string placeholders and allows JavaScript expressions as attribute values","keywords":["HTML","parser","JavaScript","expressions","browser","server","nodejs","template","compiler"],"main":"index.js","scripts":{"test":"npm run mocha && npm run jshint","mocha":"mocha --ui bdd --reporter spec ./test","jshint":"jshint *.js"},"repository":{"type":"git","url":"git+https://github.com/philidem/htmljs-parser.git"},"author":{"name":"Phillip Gates-Idem","email":"phillip.idem@gmail.com"},"maintainers":[{"name":"philidem","email":"phillip.idem@gmail.com"},{"name":"pnidem","email":"pnidem@gmail.com"}],"dependencies":{},"devDependencies":{"chai":"^3.2.0","colors":"^1.1.2","jshint":"^2.8.0","mocha":"^2.3.0"},"license":"MIT","publishConfig":{"registry":"https://registry.npmjs.org/"},"version":"1.5.2","gitHead":"43aef924bd25dd06340ad6326eff73ac08b4f388","bugs":{"url":"https://github.com/philidem/htmljs-parser/issues"},"homepage":"https://github.com/philidem/htmljs-parser#readme","_id":"htmljs-parser@1.5.2","_shasum":"b21e7b37b593a7f1f8036e15c64bca621f38db7d","_from":".","_npmVersion":"3.5.1","_nodeVersion":"4.1.1","_npmUser":{"name":"pnidem","email":"pnidem@gmail.com"},"dist":{"shasum":"b21e7b37b593a7f1f8036e15c64bca621f38db7d","tarball":"https://registry.npmjs.org/htmljs-parser/-/htmljs-parser-1.5.2.tgz"},"_npmOperationalInternal":{"host":"packages-6-west.internal.npmjs.com","tmp":"tmp/htmljs-parser-1.5.2.tgz_1455733383975_0.05680939136072993"},"directories":{}},"1.5.3":{"name":"htmljs-parser","description":"An HTML parser recognizes content and string placeholders and allows JavaScript expressions as attribute values","keywords":["HTML","parser","JavaScript","expressions","browser","server","nodejs","template","compiler"],"main":"index.js","scripts":{"test":"npm run mocha && npm run jshint","mocha":"mocha --ui bdd --reporter spec ./test","jshint":"jshint *.js"},"repository":{"type":"git","url":"git+https://github.com/philidem/htmljs-parser.git"},"author":{"name":"Phillip Gates-Idem","email":"phillip.idem@gmail.com"},"maintainers":[{"name":"philidem","email":"phillip.idem@gmail.com"},{"name":"pnidem","email":"pnidem@gmail.com"}],"dependencies":{},"devDependencies":{"chai":"^3.2.0","colors":"^1.1.2","jshint":"^2.8.0","mocha":"^2.3.0"},"license":"MIT","publishConfig":{"registry":"https://registry.npmjs.org/"},"version":"1.5.3","gitHead":"176771e7dab956bcfd4040b3d161ac77e71ad6e6","bugs":{"url":"https://github.com/philidem/htmljs-parser/issues"},"homepage":"https://github.com/philidem/htmljs-parser#readme","_id":"htmljs-parser@1.5.3","_shasum":"6031d7235b4d1ddfd717d42d52568ee0ea876523","_from":".","_npmVersion":"3.5.1","_nodeVersion":"4.1.1","_npmUser":{"name":"pnidem","email":"pnidem@gmail.com"},"dist":{"shasum":"6031d7235b4d1ddfd717d42d52568ee0ea876523","tarball":"https://registry.npmjs.org/htmljs-parser/-/htmljs-parser-1.5.3.tgz"},"_npmOperationalInternal":{"host":"packages-5-east.internal.npmjs.com","tmp":"tmp/htmljs-parser-1.5.3.tgz_1455733992873_0.46005439665168524"},"directories":{}},"1.5.4":{"name":"htmljs-parser","description":"An HTML parser recognizes content and string placeholders and allows JavaScript expressions as attribute values","keywords":["HTML","parser","JavaScript","expressions","browser","server","nodejs","template","compiler"],"main":"index.js","scripts":{"test":"npm run mocha && npm run jshint","mocha":"mocha --ui bdd --reporter spec ./test","jshint":"jshint *.js"},"repository":{"type":"git","url":"git+https://github.com/philidem/htmljs-parser.git"},"author":{"name":"Phillip Gates-Idem","email":"phillip.idem@gmail.com"},"maintainers":[{"name":"philidem","email":"phillip.idem@gmail.com"},{"name":"pnidem","email":"pnidem@gmail.com"}],"dependencies":{},"devDependencies":{"chai":"^3.2.0","colors":"^1.1.2","jshint":"^2.8.0","mocha":"^2.3.0"},"license":"MIT","publishConfig":{"registry":"https://registry.npmjs.org/"},"version":"1.5.4","gitHead":"62f151f93edc83787d78c6641859b28b6d1c49eb","bugs":{"url":"https://github.com/philidem/htmljs-parser/issues"},"homepage":"https://github.com/philidem/htmljs-parser#readme","_id":"htmljs-parser@1.5.4","_shasum":"a4b5ac7bb324782ac063bb04a95178d7cc6d16b8","_from":".","_npmVersion":"2.14.12","_nodeVersion":"4.3.1","_npmUser":{"name":"pnidem","email":"pnidem@gmail.com"},"dist":{"shasum":"a4b5ac7bb324782ac063bb04a95178d7cc6d16b8","tarball":"https://registry.npmjs.org/htmljs-parser/-/htmljs-parser-1.5.4.tgz"},"_npmOperationalInternal":{"host":"packages-5-east.internal.npmjs.com","tmp":"tmp/htmljs-parser-1.5.4.tgz_1456770997997_0.7414547903463244"},"directories":{}},"1.5.5":{"name":"htmljs-parser","description":"An HTML parser recognizes content and string placeholders and allows JavaScript expressions as attribute values","keywords":["HTML","parser","JavaScript","expressions","browser","server","nodejs","template","compiler"],"main":"index.js","scripts":{"test":"npm run mocha && npm run jshint","mocha":"mocha --ui bdd --reporter spec ./test","jshint":"jshint *.js"},"repository":{"type":"git","url":"git+https://github.com/philidem/htmljs-parser.git"},"author":{"name":"Phillip Gates-Idem","email":"phillip.idem@gmail.com"},"maintainers":[{"name":"philidem","email":"phillip.idem@gmail.com"},{"name":"pnidem","email":"pnidem@gmail.com"}],"dependencies":{},"devDependencies":{"chai":"^3.2.0","colors":"^1.1.2","jshint":"^2.8.0","mocha":"^2.3.0"},"license":"MIT","publishConfig":{"registry":"https://registry.npmjs.org/"},"version":"1.5.5","gitHead":"b432fbd21033890f60023f791466216fa47e9bd7","bugs":{"url":"https://github.com/philidem/htmljs-parser/issues"},"homepage":"https://github.com/philidem/htmljs-parser#readme","_id":"htmljs-parser@1.5.5","_shasum":"7614294bec675285e9c8668c3342d56cb4ec0683","_from":".","_npmVersion":"2.14.20","_nodeVersion":"0.10.35","_npmUser":{"name":"pnidem","email":"pnidem@gmail.com"},"dist":{"shasum":"7614294bec675285e9c8668c3342d56cb4ec0683","tarball":"https://registry.npmjs.org/htmljs-parser/-/htmljs-parser-1.5.5.tgz"},"_npmOperationalInternal":{"host":"packages-13-west.internal.npmjs.com","tmp":"tmp/htmljs-parser-1.5.5.tgz_1457113069927_0.8697753478772938"},"directories":{}},"1.5.6":{"name":"htmljs-parser","description":"An HTML parser recognizes content and string placeholders and allows JavaScript expressions as attribute values","keywords":["HTML","parser","JavaScript","expressions","browser","server","nodejs","template","compiler"],"main":"index.js","scripts":{"test":"npm run mocha && npm run jshint","mocha":"mocha --ui bdd --reporter spec ./test","jshint":"jshint *.js"},"repository":{"type":"git","url":"git+https://github.com/philidem/htmljs-parser.git"},"author":{"name":"Phillip Gates-Idem","email":"phillip.idem@gmail.com"},"maintainers":[{"name":"philidem","email":"phillip.idem@gmail.com"},{"name":"pnidem","email":"pnidem@gmail.com"}],"dependencies":{},"devDependencies":{"chai":"^3.2.0","colors":"^1.1.2","jshint":"^2.8.0","mocha":"^2.3.0"},"license":"MIT","publishConfig":{"registry":"https://registry.npmjs.org/"},"version":"1.5.6","gitHead":"0accd812bb1e4c1dbd29db0a23bf325f32aed8d1","bugs":{"url":"https://github.com/philidem/htmljs-parser/issues"},"homepage":"https://github.com/philidem/htmljs-parser#readme","_id":"htmljs-parser@1.5.6","_shasum":"c93de6772b944dd3f3b35fe9ee8cdabf287e4a5a","_from":".","_npmVersion":"2.14.12","_nodeVersion":"4.3.1","_npmUser":{"name":"pnidem","email":"pnidem@gmail.com"},"dist":{"shasum":"c93de6772b944dd3f3b35fe9ee8cdabf287e4a5a","tarball":"https://registry.npmjs.org/htmljs-parser/-/htmljs-parser-1.5.6.tgz"},"_npmOperationalInternal":{"host":"packages-12-west.internal.npmjs.com","tmp":"tmp/htmljs-parser-1.5.6.tgz_1460463050171_0.8899258577730507"},"directories":{}},"1.5.7":{"name":"htmljs-parser","description":"An HTML parser recognizes content and string placeholders and allows JavaScript expressions as attribute values","keywords":["HTML","parser","JavaScript","expressions","browser","server","nodejs","template","compiler"],"main":"index.js","scripts":{"test":"npm run mocha && npm run jshint","mocha":"mocha --ui bdd --reporter spec ./test","jshint":"jshint *.js"},"repository":{"type":"git","url":"git+https://github.com/philidem/htmljs-parser.git"},"author":{"name":"Phillip Gates-Idem","email":"phillip.idem@gmail.com"},"maintainers":[{"name":"philidem","email":"phillip.idem@gmail.com"},{"name":"pnidem","email":"pnidem@gmail.com"}],"dependencies":{},"devDependencies":{"chai":"^3.2.0","colors":"^1.1.2","jshint":"^2.8.0","mocha":"^2.3.0"},"license":"MIT","publishConfig":{"registry":"https://registry.npmjs.org/"},"version":"1.5.7","gitHead":"b0ab1dd50243cdf2782b4977c82fb33a7d93cc83","bugs":{"url":"https://github.com/philidem/htmljs-parser/issues"},"homepage":"https://github.com/philidem/htmljs-parser#readme","_id":"htmljs-parser@1.5.7","_shasum":"eee926af7de4a28370b80c90169e5ca10fd8f255","_from":".","_npmVersion":"2.14.12","_nodeVersion":"4.3.1","_npmUser":{"name":"pnidem","email":"pnidem@gmail.com"},"dist":{"shasum":"eee926af7de4a28370b80c90169e5ca10fd8f255","tarball":"https://registry.npmjs.org/htmljs-parser/-/htmljs-parser-1.5.7.tgz"},"_npmOperationalInternal":{"host":"packages-16-east.internal.npmjs.com","tmp":"tmp/htmljs-parser-1.5.7.tgz_1460484428819_0.7790577164851129"},"directories":{}},"1.5.8":{"name":"htmljs-parser","description":"An HTML parser recognizes content and string placeholders and allows JavaScript expressions as attribute values","keywords":["HTML","parser","JavaScript","expressions","browser","server","nodejs","template","compiler"],"main":"index.js","scripts":{"test":"npm run mocha && npm run jshint","mocha":"mocha --ui bdd --reporter spec ./test","jshint":"jshint *.js"},"repository":{"type":"git","url":"git+https://github.com/philidem/htmljs-parser.git"},"author":{"name":"Phillip Gates-Idem","email":"phillip.idem@gmail.com"},"maintainers":[{"name":"philidem","email":"phillip.idem@gmail.com"},{"name":"pnidem","email":"pnidem@gmail.com"}],"dependencies":{},"devDependencies":{"chai":"^3.2.0","colors":"^1.1.2","jshint":"^2.8.0","mocha":"^2.3.0"},"license":"MIT","publishConfig":{"registry":"https://registry.npmjs.org/"},"version":"1.5.8","gitHead":"d020aa75caee720179c11d17e704ebc78878987e","bugs":{"url":"https://github.com/philidem/htmljs-parser/issues"},"homepage":"https://github.com/philidem/htmljs-parser#readme","_id":"htmljs-parser@1.5.8","_shasum":"24a6dc9a5d0f57f83c355e1152c6dd007b4de7d7","_from":".","_npmVersion":"2.14.12","_nodeVersion":"4.3.1","_npmUser":{"name":"pnidem","email":"pnidem@gmail.com"},"dist":{"shasum":"24a6dc9a5d0f57f83c355e1152c6dd007b4de7d7","tarball":"https://registry.npmjs.org/htmljs-parser/-/htmljs-parser-1.5.8.tgz"},"_npmOperationalInternal":{"host":"packages-12-west.internal.npmjs.com","tmp":"tmp/htmljs-parser-1.5.8.tgz_1461255367120_0.7965033943764865"},"directories":{}},"1.5.9":{"name":"htmljs-parser","description":"An HTML parser recognizes content and string placeholders and allows JavaScript expressions as attribute values","keywords":["HTML","parser","JavaScript","expressions","browser","server","nodejs","template","compiler"],"main":"index.js","scripts":{"test":"npm run mocha && npm run jshint","mocha":"mocha --ui bdd --reporter spec ./test","jshint":"jshint *.js"},"repository":{"type":"git","url":"git+https://github.com/philidem/htmljs-parser.git"},"author":{"name":"Phillip Gates-Idem","email":"phillip.idem@gmail.com"},"maintainers":[{"name":"philidem","email":"phillip.idem@gmail.com"},{"name":"pnidem","email":"pnidem@gmail.com"}],"dependencies":{},"devDependencies":{"chai":"^3.2.0","colors":"^1.1.2","jshint":"^2.8.0","mocha":"^2.3.0"},"license":"MIT","publishConfig":{"registry":"https://registry.npmjs.org/"},"version":"1.5.9","gitHead":"c23b2a9134761ddd2db61b738f5903e95bb774d6","bugs":{"url":"https://github.com/philidem/htmljs-parser/issues"},"homepage":"https://github.com/philidem/htmljs-parser#readme","_id":"htmljs-parser@1.5.9","_shasum":"79ab265340e992ffc691637f46ee6e279d2a7ada","_from":".","_npmVersion":"2.14.12","_nodeVersion":"4.3.1","_npmUser":{"name":"pnidem","email":"pnidem@gmail.com"},"dist":{"shasum":"79ab265340e992ffc691637f46ee6e279d2a7ada","tarball":"https://registry.npmjs.org/htmljs-parser/-/htmljs-parser-1.5.9.tgz"},"_npmOperationalInternal":{"host":"packages-12-west.internal.npmjs.com","tmp":"tmp/htmljs-parser-1.5.9.tgz_1461606612570_0.6683697286061943"},"directories":{}},"1.5.10":{"name":"htmljs-parser","description":"An HTML parser recognizes content and string placeholders and allows JavaScript expressions as attribute values","keywords":["HTML","parser","JavaScript","expressions","browser","server","nodejs","template","compiler"],"main":"index.js","scripts":{"test":"npm run mocha && npm run jshint","mocha":"mocha --ui bdd --reporter spec ./test","jshint":"jshint *.js"},"repository":{"type":"git","url":"git+https://github.com/philidem/htmljs-parser.git"},"author":{"name":"Phillip Gates-Idem","email":"phillip.idem@gmail.com"},"maintainers":[{"name":"philidem","email":"phillip.idem@gmail.com"},{"name":"pnidem","email":"pnidem@gmail.com"}],"dependencies":{},"devDependencies":{"chai":"^3.2.0","colors":"^1.1.2","jshint":"^2.8.0","mocha":"^2.3.0"},"license":"MIT","publishConfig":{"registry":"https://registry.npmjs.org/"},"version":"1.5.10","gitHead":"44c2845f5830f9c9d7982ca91df4a09e4a318bfa","bugs":{"url":"https://github.com/philidem/htmljs-parser/issues"},"homepage":"https://github.com/philidem/htmljs-parser#readme","_id":"htmljs-parser@1.5.10","_shasum":"d46ea95cd727c72ccda3bf3f9c9d908b1c885d10","_from":".","_npmVersion":"2.14.12","_nodeVersion":"4.3.1","_npmUser":{"name":"pnidem","email":"pnidem@gmail.com"},"dist":{"shasum":"d46ea95cd727c72ccda3bf3f9c9d908b1c885d10","tarball":"https://registry.npmjs.org/htmljs-parser/-/htmljs-parser-1.5.10.tgz"},"_npmOperationalInternal":{"host":"packages-12-west.internal.npmjs.com","tmp":"tmp/htmljs-parser-1.5.10.tgz_1461615805444_0.4998986499849707"},"directories":{}},"1.5.11":{"name":"htmljs-parser","description":"An HTML parser recognizes content and string placeholders and allows JavaScript expressions as attribute values","keywords":["HTML","parser","JavaScript","expressions","browser","server","nodejs","template","compiler"],"main":"index.js","scripts":{"test":"npm run mocha && npm run jshint","mocha":"mocha --ui bdd --reporter spec ./test","jshint":"jshint *.js"},"repository":{"type":"git","url":"git+https://github.com/philidem/htmljs-parser.git"},"author":{"name":"Phillip Gates-Idem","email":"phillip.idem@gmail.com"},"maintainers":[{"name":"philidem","email":"phillip.idem@gmail.com"},{"name":"pnidem","email":"pnidem@gmail.com"}],"dependencies":{},"devDependencies":{"chai":"^3.2.0","colors":"^1.1.2","jshint":"^2.8.0","mocha":"^2.3.0"},"license":"MIT","publishConfig":{"registry":"https://registry.npmjs.org/"},"version":"1.5.11","gitHead":"4f33030c3cc23146a9b68f6a006ed3dc0af62a7f","bugs":{"url":"https://github.com/philidem/htmljs-parser/issues"},"homepage":"https://github.com/philidem/htmljs-parser#readme","_id":"htmljs-parser@1.5.11","_shasum":"ec4e0de74f2f690c67d7e82299c730aa846e2817","_from":".","_npmVersion":"2.14.12","_nodeVersion":"4.3.1","_npmUser":{"name":"pnidem","email":"pnidem@gmail.com"},"dist":{"shasum":"ec4e0de74f2f690c67d7e82299c730aa846e2817","tarball":"https://registry.npmjs.org/htmljs-parser/-/htmljs-parser-1.5.11.tgz"},"_npmOperationalInternal":{"host":"packages-16-east.internal.npmjs.com","tmp":"tmp/htmljs-parser-1.5.11.tgz_1461621440797_0.9068213198333979"},"directories":{}},"1.5.12":{"name":"htmljs-parser","description":"An HTML parser recognizes content and string placeholders and allows JavaScript expressions as attribute values","keywords":["HTML","parser","JavaScript","expressions","browser","server","nodejs","template","compiler"],"main":"index.js","scripts":{"test":"npm run mocha && npm run jshint","mocha":"mocha --ui bdd --reporter spec ./test","jshint":"jshint *.js"},"repository":{"type":"git","url":"git+https://github.com/philidem/htmljs-parser.git"},"author":{"name":"Phillip Gates-Idem","email":"phillip.idem@gmail.com"},"maintainers":[{"name":"philidem","email":"phillip.idem@gmail.com"},{"name":"pnidem","email":"pnidem@gmail.com"}],"dependencies":{},"devDependencies":{"chai":"^3.2.0","colors":"^1.1.2","jshint":"^2.8.0","mocha":"^2.3.0"},"license":"MIT","publishConfig":{"registry":"https://registry.npmjs.org/"},"version":"1.5.12","gitHead":"7cc7e9e1eb244481f6b235b1a966f533f15b93f5","bugs":{"url":"https://github.com/philidem/htmljs-parser/issues"},"homepage":"https://github.com/philidem/htmljs-parser#readme","_id":"htmljs-parser@1.5.12","_shasum":"a9b237fcaf0b66d47392f61017a4d917ca5a31c2","_from":".","_npmVersion":"2.14.12","_nodeVersion":"4.3.1","_npmUser":{"name":"pnidem","email":"pnidem@gmail.com"},"dist":{"shasum":"a9b237fcaf0b66d47392f61017a4d917ca5a31c2","tarball":"https://registry.npmjs.org/htmljs-parser/-/htmljs-parser-1.5.12.tgz"},"_npmOperationalInternal":{"host":"packages-12-west.internal.npmjs.com","tmp":"tmp/htmljs-parser-1.5.12.tgz_1461880236427_0.06630080752074718"},"directories":{}},"1.5.13":{"name":"htmljs-parser","description":"An HTML parser recognizes content and string placeholders and allows JavaScript expressions as attribute values","keywords":["HTML","parser","JavaScript","expressions","browser","server","nodejs","template","compiler"],"main":"index.js","scripts":{"test":"npm run mocha && npm run jshint","mocha":"mocha --ui bdd --reporter spec ./test","jshint":"jshint *.js"},"repository":{"type":"git","url":"git+https://github.com/philidem/htmljs-parser.git"},"author":{"name":"Phillip Gates-Idem","email":"phillip.idem@gmail.com"},"maintainers":[{"name":"philidem","email":"phillip.idem@gmail.com"},{"name":"pnidem","email":"pnidem@gmail.com"}],"dependencies":{},"devDependencies":{"chai":"^3.2.0","colors":"^1.1.2","jshint":"^2.8.0","mocha":"^2.3.0"},"license":"MIT","publishConfig":{"registry":"https://registry.npmjs.org/"},"version":"1.5.13","gitHead":"7a6114fc50e2e3d5bd2d357a33e257e74cca229b","bugs":{"url":"https://github.com/philidem/htmljs-parser/issues"},"homepage":"https://github.com/philidem/htmljs-parser#readme","_id":"htmljs-parser@1.5.13","_shasum":"017cd1c4551a3a161a8745c3295fa476c45c041c","_from":".","_npmVersion":"2.15.1","_nodeVersion":"4.4.3","_npmUser":{"name":"pnidem","email":"pnidem@gmail.com"},"dist":{"shasum":"017cd1c4551a3a161a8745c3295fa476c45c041c","tarball":"https://registry.npmjs.org/htmljs-parser/-/htmljs-parser-1.5.13.tgz"},"_npmOperationalInternal":{"host":"packages-12-west.internal.npmjs.com","tmp":"tmp/htmljs-parser-1.5.13.tgz_1462818700248_0.8200991365592927"},"directories":{}},"1.6.0":{"name":"htmljs-parser","description":"An HTML parser recognizes content and string placeholders and allows JavaScript expressions as attribute values","keywords":["HTML","parser","JavaScript","expressions","browser","server","nodejs","template","compiler"],"main":"index.js","scripts":{"test":"npm run mocha && npm run jshint","mocha":"mocha --ui bdd --reporter spec ./test","jshint":"jshint *.js"},"repository":{"type":"git","url":"git+https://github.com/philidem/htmljs-parser.git"},"author":{"name":"Phillip Gates-Idem","email":"phillip.idem@gmail.com"},"maintainers":[{"name":"philidem","email":"phillip.idem@gmail.com"},{"name":"pnidem","email":"pnidem@gmail.com"}],"dependencies":{},"devDependencies":{"chai":"^3.2.0","colors":"^1.1.2","jshint":"^2.8.0","mocha":"^2.3.0"},"license":"MIT","publishConfig":{"registry":"https://registry.npmjs.org/"},"version":"1.6.0","gitHead":"8c9f14ebcaf0ceaa62ef953cad887b8855266de8","bugs":{"url":"https://github.com/philidem/htmljs-parser/issues"},"homepage":"https://github.com/philidem/htmljs-parser#readme","_id":"htmljs-parser@1.6.0","_shasum":"f19632204d62ec1e447790974f28297fdf96ab04","_from":".","_npmVersion":"2.15.9","_nodeVersion":"4.5.0","_npmUser":{"name":"pnidem","email":"pnidem@gmail.com"},"dist":{"shasum":"f19632204d62ec1e447790974f28297fdf96ab04","tarball":"https://registry.npmjs.org/htmljs-parser/-/htmljs-parser-1.6.0.tgz"},"_npmOperationalInternal":{"host":"packages-12-west.internal.npmjs.com","tmp":"tmp/htmljs-parser-1.6.0.tgz_1476229427520_0.7731876708567142"},"directories":{}}},"readme":"htmljs-parser\n=============\n\nHTML parsers written according to the HTML spec will interpret all\nattribute values as strings which makes it challenging to properly\ndescribe a value's type (boolean, string, number, array, etc.)\nor to provide a complex JavaScript expression as a value.\nThe ability to describe JavaScript expressions within attributes\nis important for HTML-based template compilers.\n\nFor example, consider a HTML-based template that wishes to\nsupport a custom tag named `<say-hello>` that supports an\nattribute named `message` that can be a string literal or a JavaScript expression.\n\n\nIdeally, the template compiler should be able to handle any of the following:\n\n```html\n<say-hello message=\"Hello world!\" />\n<say-hello message=(\"Hello \" + personName + \"!\") />\n<say-hello message=\"Hello ${personName}!\" />\n```\n\nThis parser extends the HTML grammar to add these important features:\n\n- JavaScript expressions as attribute values\n```html\n<say-hello message=(\"Hello \" + personName) count=2+2 large=true />\n```\n- Placeholders in the content of an element\n```html\n<div>\n    Hello ${personName}\n</div>\n```\n- Placeholders within attribute value strings\n```html\n<div data-message=\"Hello ${personName}!\">\n```\n- JavaScript flow-control statements within HTML elements\n```html\n<div for(a in b) />\n<div if(a === b) />\n```\n- JavaScript flow-control statements as elements\n```html\n<for (a in b)>\n<if (a in b)>\n```\n\n# Installation\n\n```bash\nnpm install htmljs-parser\n```\n\n# Usage\n\n```javascript\nvar parser = require('htmljs-parser').createParser({\n    onText: function(event) {\n        // Text within an HTML element\n        var value = event.value;\n    },\n\n    onPlaceholder: function(event) {\n        //  ${<value>]} // escape = true\n        // $!{<value>]} // escape = false\n        var value = event.value; // String\n        var escaped = event.escaped; // boolean\n        var withinBody = event.withinBody; // boolean\n        var withinAttribute = event.withinAttribute; // boolean\n        var withinString = event.withinString; // boolean\n        var withinOpenTag = event.withinOpenTag; // boolean\n        var pos = event.pos; // Integer\n    },\n\n    onCDATA: function(event) {\n        // <![CDATA[<value>]]>\n        var value = event.value; // String\n        var pos = event.pos; // Integer\n    },\n\n    onOpenTag: function(event) {\n        var tagName = event.tagName; // String\n        var attributes = event.attributes; // Array\n        var argument = event.argument; // Object\n        var pos = event.pos; // Integer\n    },\n\n    onCloseTag: function(event) {\n        // close tag\n        var tagName = event.tagName; // String\n        var pos = event.pos; // Integer\n    },\n\n    onDocumentType: function(event) {\n        // Document Type/DTD\n        // <!<value>>\n        // Example: <!DOCTYPE html>\n        var value = event.value; // String\n        var pos = event.pos; // Integer\n    },\n\n    onDeclaration: function(event) {\n        // Declaration\n        // <?<value>?>\n        // Example: <?xml version=\"1.0\" encoding=\"UTF-8\" ?>\n        var value = event.value; // String\n        var pos = event.pos; // Integer\n    },\n\n    onComment: function(event) {\n        // Text within XML comment\n        var value = event.value; // String\n        var pos = event.pos; // Integer\n    },\n\n    onScriptlet: function(event) {\n        // Text within <% %>\n        var value = event.value; // String\n        var pos = event.pos; // Integer\n    },\n\n    onError: function(event) {\n        // Error\n        var message = event.message; // String\n        var code = event.code; // String\n        var pos = event.pos; // Integer\n    }\n});\n\nparser.parse(str);\n```\n\n## Content Parsing Modes\n\nThe parser, by default, will look for HTML tags within content. This behavior\nmight not be desirable for certain tags, so the parser allows the parsing mode\nto be changed (usually in response to an `onOpenTag` event).\n\nThere are three content parsing modes:\n\n- **HTML Content (DEFAULT):**\n    The parser will look for any HTML tag and content placeholders while in\n    this mode and parse opening and closing tags accordingly.\n\n- **Parsed Text Content**: The parser will look for the closing tag that matches\n    the current open tag as well as content placeholders but all other content\n    will be interpreted as text.\n\n- **Static Text Content**: The parser will look for the closing tag that matches\n    the current open tag but all other content will be interpreted as raw text.\n\n```javascript\nvar htmljs = require('htmljs-parser');\nvar parser = htmljs.createParser({\n    onOpenTag: function(event) {\n        // open tag\n        switch(event.tagName) {\n            case 'textarea':\n                //fall through\n            case 'script':\n                //fall through\n            case 'style':\n                // parse the content within these tags but only\n                // look for placeholders and the closing tag.\n                parser.enterParsedTextContentState();\n                break;\n            case 'dummy'\n                // treat content within <dummy>...</dummy> as raw\n                // text and ignore other tags and placeholders\n                parser.enterStaticTextContentState();\n                break;\n            default:\n                // The parser will switch to HTML content parsing mode\n                // if the parsing mode is not explicitly changed by\n                // \"onOpenTag\" function.\n        }\n    }\n});\n\nparser.parse(str);\n```\n\n## Parsing Events\n\nThe `htmljs-parser` is an event-based parser which means that it will emit\nevents as it is parsing the document. Events are emitted via calls\nto `on<eventname>` function which are supplied as properties in the options\nvia call to `require('htmljs-parser').createParser(options)`.\n\n### onOpenTag\n\nThe `onOpenTag` function will be called each time an opening tag is\nencountered.\n\n**EXAMPLE: Simple tag**\n\nINPUT:\n\n```html\n<div>\n```\n\nOUTPUT EVENT:\n\n```javascript\n{\n    type: 'openTag',\n    tagName: 'div',\n    attributes: []\n}\n```\n\n**EXAMPLE: Tag with literal attribute values**\n\nINPUT:\n\n```html\n<div class=\"demo\" disabled=false data-number=123>\n```\n\nOUTPUT EVENT:\n\n```javascript\n{\n    type: 'openTag',\n    tagName: 'div',\n    attributes: [\n        {\n            name: 'class',\n            value: '\"demo\"',\n            literalValue: 'demo'\n        },\n        {\n            name: 'disabled',\n            value: 'false',\n            literalValue: false\n        },\n        {\n            name: 'data-number',\n            value: '123',\n            literalValue: 123\n        }\n    ]\n}\n```\n\n**EXAMPLE: Tag with expression attribute**\n\nINPUT:\n\n```html\n<say-something message=\"Hello \"+data.name>\n```\n\nOUTPUT EVENT:\n\n```javascript\n{\n    type: 'openTag',\n    tagName: 'div',\n    attributes: [\n        {\n            name: 'message',\n            value: '\"Hello \"+data.name'\n        }\n    ]\n}\n```\n\n**EXAMPLE: Tag with an argument**\n\nINPUT:\n\n```html\n<for(var i = 0; i < 10; i++)>\n```\n\nOUTPUT EVENT:\n\n```javascript\n{\n    type: 'openTag',\n    tagName: 'for',\n    argument: {\n        value: 'var i = 0; i < 10; i++',\n        pos: ... // Integer\n    },\n    attributes: []\n}\n```\n\n**EXAMPLE: Attribute with an argument**\n\nINPUT:\n\n```html\n<div if(x > y)>\n```\n\nOUTPUT EVENT:\n\n```javascript\n{\n    type: 'openTag',\n    tagName: 'div',\n    attributes: [\n        {\n            name: 'if',\n            argument: {\n                value: 'x > y',\n                pos: ... // Integer\n            }\n        }\n    ]\n}\n```\n\n### onCloseTag\n\nThe `onCloseTag` function will be called each time a closing tag is\nencountered.\n\n**EXAMPLE: Simple close tag**\n\nINPUT:\n\n```html\n</div>\n```\n\nOUTPUT EVENT:\n\n```javascript\n{\n    type: 'closeTag',\n    tagName: 'div'\n}\n```\n\n### onText\n\nThe `onText` function will be called each time within an element\nwhen textual data is encountered.\n\n**NOTE:** Text within `<![CDATA[` `]]>` will be emitted via call\nto `onCDATA`.\n\n**EXAMPLE**\n\nIn the following example code, the `TEXT` sequences will be emitted as\ntext events.\n\nINPUT:\n\n```html\nSimple text\n```\n\nOUTPUT EVENT:\n\n```javascript\n{\n    type: 'text',\n    value: 'Simple text'\n}\n```\n\n### onCDATA\n\nThe `onCDATA` function will be called when text within `<![CDATA[` `]]>`\nis encountered.\n\n**EXAMPLE:**\n\nINPUT:\n\n```html\n<![CDATA[This is text]]>\n```\n\nOUTPUT EVENT:\n\n```javascript\n{\n    type: 'cdata',\n    value: 'This is text'\n}\n```\n\n### onPlaceholder\n\nThe `onPlaceholder` function will be called each time a placeholder\nis encountered.\n\nIf the placeholder starts with the `$!{` sequence then `event.escape`\nwill be `false`.\n\nIf the placeholder starts with the `${` sequence then `event.escape` will be\n`true`.\n\nText within `<![CDATA[` `]]>` and `<!--` `-->` will not be parsed so you\ncannot use placeholders for these blocks of code.\n\n**EXAMPLE:**\n\nINPUT:\n\n```html\n${\"This is an escaped placeholder\"}\n$!{\"This is a non-escaped placeholder\"}\n```\n\nOUTPUT EVENTS\n\n```html\n${name}\n```\n\n```javascript\n{\n    type: 'placeholder',\n    value: 'name',\n    escape: true\n}\n```\n\n--------\n\n```html\n$!{name}\n```\n\n```javascript\n{\n    type: 'placeholder',\n    value: 'name',\n    escape: true\n}\n```\n\n**NOTE:**\nThe `escape` flag is merely informational. The application code is responsible\nfor interpreting this flag to properly escape the expression.\n\nHere's an example of modifying the expression based on the `event.escape` flag:\n\n```javascript\nonPlaceholder: function(event) {\n    if (event.escape) {\n        event.value = 'escapeXml(' + event.value + ')';\n    }\n}\n```\n\n### onDocumentType\n\nThe `onDocumentType` function will be called when the document type declaration\nis encountered _anywhere_ in the content.\n\n**EXAMPLE:**\n\nINPUT:\n\n```html\n<!DOCTYPE html PUBLIC \"-//W3C//DTD HTML 4.0//EN\">\n```\n\nOUTPUT EVENT:\n\n```javascript\n{\n    type: 'documentType',\n    value: 'DOCTYPE html PUBLIC \"-//W3C//DTD HTML 4.0//EN\"'\n}\n```\n\n### onDeclaration\n\nThe `onDeclaration` function will be called when an XML declaration\nis encountered _anywhere_ in the content.\n\n**EXAMPLE:**\n\nINPUT:\n\n```html\n<?xml version=\"1.0\" encoding=\"UTF-8\"?>\n```\n\nOUTPUT EVENT:\n\n```javascript\n{\n    type: 'declaration',\n    value: 'xml version=\"1.0\" encoding=\"UTF-8\"'\n}\n```\n\n### onComment\n\nThe `onComment` function will be called when text within `<!--` `-->`\nis encountered.\n\n**EXAMPLE:**\n\nINPUT:\n\n```html\n<!--This is a comment-->\n```\n\nOUTPUT EVENT:\n\n```javascript\n{\n    type: 'comment',\n    value: 'This is a comment'\n}\n```\n\n### onScriptlet\n\nThe `onScriptlet` function will be called when text within `<%` `%>`\nis encountered.\n\n**EXAMPLE:**\n\nINPUT:\n\n```html\n<% console.log(\"Hello World!\"); %>\n```\n\nOUTPUT EVENT:\n\n```javascript\n{\n    type: 'scriptlet',\n    value: ' console.log(\"Hello World!\"); '\n}\n```\n\n### onError\n\nThe `onError` function will be called when malformed content is detected.\nThe most common cause for an error is due to reaching the end of the\ninput while still parsing an open tag, close tag, XML comment, CDATA section,\nDTD, XML declaration, or placeholder.\n\nPossible error codes:\n\n- `MISSING_END_TAG`\n- `MISSING_END_DELIMITER`\n- `MALFORMED_OPEN_TAG`\n- `MALFORMED_CLOSE_TAG`\n- `MALFORMED_CDATA`\n- `MALFORMED_PLACEHOLDER`\n- `MALFORMED_DOCUMENT_TYPE`\n- `MALFORMED_DECLARATION`\n- `MALFORMED_COMMENT`\n- `EXTRA_CLOSING_TAG`\n- `MISMATCHED_CLOSING_TAG`\n- ...\n\n**EXAMPLE:**\n\nINPUT:\n\n```html\n<a href=\"\n```\n\nOUTPUT EVENT:\n\n```javascript\n{\n    type: 'error',\n    code: 'MALFORMED_OPEN_TAG',\n    message: 'EOF reached while parsing open tag.',\n    pos: 0,\n    endPos: 9\n}\n```","maintainers":[{"name":"philidem","email":"phillip.idem@gmail.com"},{"name":"pnidem","email":"pnidem@gmail.com"}],"time":{"modified":"2016-10-11T23:43:49.667Z","created":"2015-10-16T15:14:17.069Z","1.0.0":"2015-10-16T15:14:17.069Z","1.0.1":"2015-11-03T18:32:24.977Z","1.0.2":"2015-11-04T20:15:42.495Z","1.0.3":"2015-11-04T22:11:46.684Z","1.0.4":"2015-11-24T21:05:47.921Z","1.0.5":"2015-11-25T19:35:46.522Z","1.0.6":"2015-12-07T20:24:51.856Z","1.0.7":"2015-12-31T03:21:38.971Z","1.0.8":"2016-01-07T23:26:06.744Z","1.1.0":"2016-01-08T17:22:23.754Z","1.2.0":"2016-01-15T21:04:11.376Z","1.2.1":"2016-01-19T23:16:13.285Z","1.3.0":"2016-02-01T23:27:35.247Z","1.4.0":"2016-02-03T22:31:10.733Z","1.4.1":"2016-02-03T22:57:57.245Z","1.4.2":"2016-02-03T23:10:32.572Z","1.4.3":"2016-02-04T17:58:28.590Z","1.5.0":"2016-02-17T00:09:22.860Z","1.5.1":"2016-02-17T03:08:45.479Z","1.5.2":"2016-02-17T18:23:06.184Z","1.5.3":"2016-02-17T18:33:15.252Z","1.5.4":"2016-02-29T18:36:39.718Z","1.5.5":"2016-03-04T17:37:51.398Z","1.5.6":"2016-04-12T12:10:53.030Z","1.5.7":"2016-04-12T18:07:11.609Z","1.5.8":"2016-04-21T16:16:09.710Z","1.5.9":"2016-04-25T17:50:13.082Z","1.5.10":"2016-04-25T20:23:28.022Z","1.5.11":"2016-04-25T21:57:22.611Z","1.5.12":"2016-04-28T21:50:36.817Z","1.5.13":"2016-05-09T18:31:43.154Z","1.6.0":"2016-10-11T23:43:49.667Z"},"homepage":"https://github.com/philidem/htmljs-parser#readme","keywords":["HTML","parser","JavaScript","expressions","browser","server","nodejs","template","compiler"],"repository":{"type":"git","url":"git+https://github.com/philidem/htmljs-parser.git"},"author":{"name":"Phillip Gates-Idem","email":"phillip.idem@gmail.com"},"bugs":{"url":"https://github.com/philidem/htmljs-parser/issues"},"license":"MIT","readmeFilename":"README.md","_attachments":{},"_etag":"\"2K6P3RSSTFWTOJUKVOCBCW7B6\"","_cached":true}