{"_id":"bail","_rev":"2-4351c24548bc9de9b6d39ebf47cfeb52","name":"bail","description":"Throw a given error","dist-tags":{"latest":"1.0.1"},"versions":{"1.0.0":{"name":"bail","version":"1.0.0","description":"Throw a given error","license":"MIT","keywords":["fail","bail","throw","callback","error"],"files":["index.js"],"repository":{"type":"git","url":"git+https://github.com/wooorm/bail.git"},"author":{"name":"Titus Wormer","email":"tituswormer@gmail.com"},"devDependencies":{"browserify":"^11.0.0","eslint":"^0.24.0","esmangle":"^1.0.0","istanbul":"^0.3.0","jscs":"^2.0.0","jscs-jsdoc":"^1.0.0","mdast":"^0.27.0","mdast-github":"^0.3.1","mdast-lint":"^0.4.1","mdast-yaml-config":"^0.2.0","mocha":"^2.0.0"},"scripts":{"test-api":"mocha --check-leaks test.js","test-coveralls":"istanbul cover _mocha --report lcovonly -- --check-leaks test.js","test-coverage":"istanbul cover _mocha -- --check-leaks test.js","test-travis":"npm run test-coveralls","test":"npm run test-api","lint-api":"eslint .","lint-style":"jscs --reporter inline .","lint":"npm run lint-api && npm run lint-style","make":"npm run lint && npm run test-coverage","build-md":"mdast . LICENSE --output --quiet","build-bundle":"browserify index.js --bare -s bail > bail.js","postbuild-bundle":"esmangle bail.js > bail.min.js","build":"npm run build-md && npm run build-bundle"},"gitHead":"fb1817119d5daa77b3c045cc8713e20848ab7791","bugs":{"url":"https://github.com/wooorm/bail/issues"},"homepage":"https://github.com/wooorm/bail#readme","_id":"bail@1.0.0","_shasum":"86aa0f9ec2ce307f07a1a4d4983f0bc760e18aab","_from":".","_npmVersion":"2.11.3","_nodeVersion":"2.3.3","_npmUser":{"name":"wooorm","email":"tituswormer@gmail.com"},"dist":{"shasum":"86aa0f9ec2ce307f07a1a4d4983f0bc760e18aab","tarball":"https://registry.npmjs.org/bail/-/bail-1.0.0.tgz"},"maintainers":[{"name":"wooorm","email":"tituswormer@gmail.com"}],"directories":{}},"1.0.1":{"name":"bail","version":"1.0.1","description":"Throw a given error","license":"MIT","keywords":["fail","bail","throw","callback","error"],"files":["index.js"],"repository":{"type":"git","url":"git+https://github.com/wooorm/bail.git"},"bugs":{"url":"https://github.com/wooorm/bail/issues"},"author":{"name":"Titus Wormer","email":"tituswormer@gmail.com","url":"http://wooorm.com"},"contributors":[{"name":"Titus Wormer","email":"tituswormer@gmail.com","url":"http://wooorm.com"}],"dependencies":{},"devDependencies":{"browserify":"^13.0.1","esmangle":"^1.0.1","nyc":"^7.0.0","remark-cli":"^1.0.0","remark-comment-config":"^4.0.0","remark-github":"^5.0.0","remark-lint":"^4.0.0","remark-validate-links":"^4.0.0","tape":"^4.0.0","xo":"^0.16.0"},"scripts":{"build-md":"remark . --quiet --frail","build-bundle":"browserify index.js --bare -s bail > bail.js","build-mangle":"esmangle bail.js > bail.min.js","build":"npm run build-md && npm run build-bundle && npm run build-mangle","lint":"xo","test-api":"node test","test-coverage":"nyc --reporter lcov tape test.js","test":"npm run build && npm run lint && npm run test-coverage"},"xo":{"space":true,"ignores":["bail.js","bail.min.js"]},"remarkConfig":{"output":true,"plugins":["comment-config","github","lint","validate-links"],"settings":{"bullet":"*"}},"gitHead":"5f9cf008fe599445037e88974801dfd66f9c1911","homepage":"https://github.com/wooorm/bail#readme","_id":"bail@1.0.1","_shasum":"912579de8b391aadf3c5fdf4cd2a0fc225df3bc2","_from":".","_npmVersion":"3.3.6","_nodeVersion":"5.0.0","_npmUser":{"name":"wooorm","email":"tituswormer@gmail.com"},"dist":{"shasum":"912579de8b391aadf3c5fdf4cd2a0fc225df3bc2","tarball":"https://registry.npmjs.org/bail/-/bail-1.0.1.tgz"},"maintainers":[{"name":"wooorm","email":"tituswormer@gmail.com"}],"_npmOperationalInternal":{"host":"packages-16-east.internal.npmjs.com","tmp":"tmp/bail-1.0.1.tgz_1469301368484_0.1634318893775344"},"directories":{}}},"readme":"# bail [![Build Status][travis-badge]][travis] [![Coverage Status][codecov-badge]][codecov]\n\n<!--lint disable heading-increment list-item-spacing-->\n\n:warning: Throw a given error.\n\n## Installation\n\n[npm][npm-install]:\n\n```bash\nnpm install bail\n```\n\n## Usage\n\n```js\nvar bail = require('bail');\n\nbail();\n\nbail(new Error('failure'));\n// Error: failure\n//     at repl:1:6\n//     at REPLServer.defaultEval (repl.js:154:27)\n//     ...\n```\n\n## API\n\n### `bail([err])`\n\nThrow a given error.\n\n###### Parameters\n\n*   `err` (`Error?`) — Optional error.\n\n###### Throws\n\n*   `Error` — Given error, if any.\n\n## Related\n\n*   [`noop`][noop];\n*   [`noop2`][noop2];\n*   [`noop3`][noop3];\n\n## License\n\n[MIT][license] © [Titus Wormer][author]\n\n<!-- Definitions -->\n\n[travis-badge]: https://img.shields.io/travis/wooorm/bail.svg\n\n[travis]: https://travis-ci.org/wooorm/bail\n\n[codecov-badge]: https://img.shields.io/codecov/c/github/wooorm/bail.svg\n\n[codecov]: https://codecov.io/github/wooorm/bail\n\n[npm-install]: https://docs.npmjs.com/cli/install\n\n[license]: LICENSE\n\n[author]: http://wooorm.com\n\n[noop]: https://www.npmjs.com/package/noop\n\n[noop2]: https://www.npmjs.com/package/noop2\n\n[noop3]: https://www.npmjs.com/package/noop3\n","maintainers":[{"name":"wooorm","email":"tituswormer@gmail.com"}],"time":{"modified":"2016-07-23T19:16:10.457Z","created":"2015-07-28T19:33:20.693Z","1.0.0":"2015-07-28T19:33:20.693Z","1.0.1":"2016-07-23T19:16:10.457Z"},"homepage":"https://github.com/wooorm/bail#readme","keywords":["fail","bail","throw","callback","error"],"repository":{"type":"git","url":"git+https://github.com/wooorm/bail.git"},"author":{"name":"Titus Wormer","email":"tituswormer@gmail.com","url":"http://wooorm.com"},"bugs":{"url":"https://github.com/wooorm/bail/issues"},"license":"MIT","readmeFilename":"readme.md","contributors":[{"name":"Titus Wormer","email":"tituswormer@gmail.com","url":"http://wooorm.com"}],"_attachments":{},"_etag":"\"969O01WVIEMUADHLHDGTX6AXT\"","_cached":true}